loop,domain,checks,result,new_findings
1,domain_navigation,8,PASS,0
2,domain_dialog_inventory,5,PASS,0
3,domain_accessibility,2,PASS,0
4,domain_keyboard,3,PASS,0
5,domain_localization,4,PASS,0
6,domain_geometry,9,PASS,0
7,domain_safety,11,PASS,0
8,domain_workflows,1,PASS,0
9,domain_scaling_theme,8,PASS,0
10,domain_lifecycle,2,PASS,0
11,domain_navigation,8,PASS,0
12,domain_dialog_inventory,5,PASS,0
13,domain_accessibility,9,PASS,0
14,domain_keyboard,3,PASS,0
15,domain_localization,4,PASS,0
16,domain_geometry,33,PASS,0
17,domain_safety,5,PASS,0
18,domain_workflows,2,PASS,0
19,domain_scaling_theme,7,PASS,0
20,domain_lifecycle,2,PASS,0
21,domain_navigation,8,PASS,0
22,domain_dialog_inventory,5,PASS,0
23,domain_accessibility,4,PASS,0
24,domain_keyboard,3,PASS,0
25,domain_localization,4,PASS,0
26,domain_geometry,15,PASS,0
27,domain_safety,14,PASS,0
28,domain_workflows,1,PASS,0
29,domain_scaling_theme,7,PASS,0
30,domain_lifecycle,2,PASS,0
31,domain_navigation,8,PASS,0
32,domain_dialog_inventory,5,PASS,0
33,domain_accessibility,1,PASS,0
34,domain_keyboard,3,PASS,0
35,domain_localization,4,PASS,0
36,domain_geometry,6,PASS,0
37,domain_safety,6,PASS,0
38,domain_workflows,1,PASS,0
39,domain_scaling_theme,7,PASS,0
40,domain_lifecycle,2,PASS,0
41,domain_navigation,8,PASS,0
42,domain_dialog_inventory,5,PASS,0
43,domain_accessibility,2,PASS,0
44,domain_keyboard,3,PASS,0
45,domain_localization,4,PASS,0
46,domain_geometry,89,PASS,0
47,domain_safety,8,PASS,0
48,domain_workflows,2,PASS,0
49,domain_scaling_theme,7,PASS,0
50,domain_lifecycle,2,PASS,0
51,domain_navigation,8,PASS,0
52,domain_dialog_inventory,5,PASS,0
53,domain_accessibility,9,PASS,0
54,domain_keyboard,3,PASS,0
55,domain_localization,4,PASS,0
56,domain_geometry,98,PASS,0
57,domain_safety,4,PASS,0
58,domain_workflows,1,PASS,0
59,domain_scaling_theme,7,PASS,0
60,domain_lifecycle,2,PASS,0
61,domain_navigation,8,PASS,0
62,domain_dialog_inventory,5,PASS,0
63,domain_accessibility,7,PASS,0
64,domain_keyboard,3,PASS,0
65,domain_localization,4,PASS,0
66,domain_geometry,18,PASS,0
67,domain_safety,26,PASS,0
68,domain_workflows,1,PASS,0
69,domain_scaling_theme,7,PASS,0
70,domain_lifecycle,2,PASS,0
71,domain_navigation,8,PASS,0
72,domain_dialog_inventory,5,PASS,0
73,domain_accessibility,2,PASS,0
74,domain_keyboard,3,PASS,0
75,domain_localization,4,PASS,0
76,domain_geometry,6,PASS,0
77,domain_safety,3,PASS,0
78,domain_workflows,1,PASS,0
79,domain_scaling_theme,7,PASS,0
80,domain_lifecycle,2,PASS,0
81,domain_navigation,8,PASS,0
82,domain_dialog_inventory,5,PASS,0
83,domain_accessibility,2,PASS,0
84,domain_keyboard,3,PASS,0
85,domain_localization,4,PASS,0
86,domain_geometry,9,PASS,0
87,domain_safety,5,PASS,0
88,domain_workflows,1,PASS,0
89,domain_scaling_theme,7,PASS,0
90,domain_lifecycle,2,PASS,0
91,domain_navigation,8,PASS,0
92,domain_dialog_inventory,5,PASS,0
93,domain_accessibility,1,PASS,0
94,domain_keyboard,3,PASS,0
95,domain_localization,4,PASS,0
96,domain_geometry,19,PASS,0
97,domain_safety,6,PASS,0
98,domain_workflows,1,PASS,0
99,domain_scaling_theme,7,PASS,0
100,domain_lifecycle,2,PASS,0
101,domain_navigation,8,PASS,0
102,domain_dialog_inventory,5,PASS,0
103,domain_accessibility,1,PASS,0
104,domain_keyboard,3,PASS,0
105,domain_localization,4,PASS,0
106,domain_geometry,34,PASS,0
107,domain_safety,6,PASS,0
108,domain_workflows,1,PASS,0
109,domain_scaling_theme,7,PASS,0
110,domain_lifecycle,2,PASS,0
111,domain_navigation,8,PASS,0
112,domain_dialog_inventory,5,PASS,0
113,domain_accessibility,3,PASS,0
114,domain_keyboard,3,PASS,0
115,domain_localization,4,PASS,0
116,domain_geometry,13,PASS,0
117,domain_safety,5,PASS,0
118,domain_workflows,2,PASS,0
119,domain_scaling_theme,7,PASS,0
120,domain_lifecycle,2,PASS,0
121,domain_navigation,8,PASS,0
122,domain_dialog_inventory,5,PASS,0
123,domain_accessibility,6,PASS,0
124,domain_keyboard,3,PASS,0
125,domain_localization,4,PASS,0
126,domain_geometry,8,PASS,0
127,domain_safety,4,PASS,0
128,domain_workflows,1,PASS,0
129,domain_scaling_theme,7,PASS,0
130,domain_lifecycle,2,PASS,0
131,domain_navigation,8,PASS,0
132,domain_dialog_inventory,5,PASS,0
133,domain_accessibility,7,PASS,0
134,domain_keyboard,3,PASS,0
135,domain_localization,4,PASS,0
136,domain_geometry,32,PASS,0
137,domain_safety,6,PASS,0
138,domain_workflows,1,PASS,0
139,domain_scaling_theme,7,PASS,0
140,domain_lifecycle,2,PASS,0
141,domain_navigation,8,PASS,0
142,domain_dialog_inventory,5,PASS,0
143,domain_accessibility,4,PASS,0
144,domain_keyboard,3,PASS,0
145,domain_localization,4,PASS,0
146,domain_geometry,9,PASS,0
147,domain_safety,3,PASS,0
148,domain_workflows,2,PASS,0
149,domain_scaling_theme,7,PASS,0
150,domain_lifecycle,2,PASS,0
151,domain_navigation,8,PASS,0
152,domain_dialog_inventory,5,PASS,0
153,domain_accessibility,4,PASS,0
154,domain_keyboard,3,PASS,0
155,domain_localization,4,PASS,0
156,domain_geometry,7,PASS,0
157,domain_safety,12,PASS,0
158,domain_workflows,1,PASS,0
159,domain_scaling_theme,7,PASS,0
160,domain_lifecycle,2,PASS,0
161,domain_navigation,8,PASS,0
162,domain_dialog_inventory,5,PASS,0
163,domain_accessibility,1,PASS,0
164,domain_keyboard,3,PASS,0
165,domain_localization,4,PASS,0
166,domain_geometry,7,PASS,0
167,domain_safety,6,PASS,0
168,domain_workflows,1,PASS,0
169,domain_scaling_theme,7,PASS,0
170,domain_lifecycle,2,PASS,0
171,domain_navigation,8,PASS,0
172,domain_dialog_inventory,5,PASS,0
173,domain_accessibility,7,PASS,0
174,domain_keyboard,3,PASS,0
175,domain_localization,4,PASS,0
176,domain_geometry,5,PASS,0
177,domain_safety,4,PASS,0
178,domain_workflows,1,PASS,0
179,domain_scaling_theme,7,PASS,0
180,domain_lifecycle,2,PASS,0
181,domain_navigation,8,PASS,0
182,domain_dialog_inventory,5,PASS,0
183,domain_accessibility,11,PASS,0
184,domain_keyboard,3,PASS,0
185,domain_localization,4,PASS,0
186,domain_geometry,16,PASS,0
187,domain_safety,31,PASS,0
188,domain_workflows,1,PASS,0
189,domain_scaling_theme,7,PASS,0
190,domain_lifecycle,2,PASS,0
191,domain_navigation,8,PASS,0
192,domain_dialog_inventory,5,PASS,0
193,domain_accessibility,6,PASS,0
194,domain_keyboard,3,PASS,0
195,domain_localization,4,PASS,0
196,domain_geometry,9,PASS,0
197,domain_safety,3,PASS,0
198,domain_workflows,1,PASS,0
199,domain_scaling_theme,7,PASS,0
200,domain_lifecycle,2,PASS,0
201,domain_navigation,8,PASS,0
202,domain_dialog_inventory,5,PASS,0
203,domain_accessibility,5,PASS,0
204,domain_keyboard,3,PASS,0
205,domain_localization,4,PASS,0
206,domain_geometry,18,PASS,0
207,domain_safety,6,PASS,0
208,domain_workflows,1,PASS,0
209,domain_scaling_theme,7,PASS,0
210,domain_lifecycle,2,PASS,0
211,domain_navigation,8,PASS,0
212,domain_dialog_inventory,5,PASS,0
213,domain_accessibility,4,PASS,0
214,domain_keyboard,3,PASS,0
215,domain_localization,4,PASS,0
216,domain_geometry,5,PASS,0
217,domain_safety,3,PASS,0
218,domain_workflows,2,PASS,0
219,domain_scaling_theme,7,PASS,0
220,domain_lifecycle,2,PASS,0
221,domain_navigation,8,PASS,0
222,domain_dialog_inventory,5,PASS,0
223,domain_accessibility,0,PASS,0
224,domain_keyboard,3,PASS,0
225,domain_localization,4,PASS,0
226,domain_geometry,7,PASS,0
227,domain_safety,5,PASS,0
228,domain_workflows,1,PASS,0
229,domain_scaling_theme,7,PASS,0
230,domain_lifecycle,2,PASS,0
231,domain_navigation,8,PASS,0
232,domain_dialog_inventory,5,PASS,0
233,domain_accessibility,1,PASS,0
234,domain_keyboard,3,PASS,0
235,domain_localization,4,PASS,0
236,domain_geometry,2,PASS,0
237,domain_safety,4,PASS,0
238,domain_workflows,1,PASS,0
239,domain_scaling_theme,7,PASS,0
240,domain_lifecycle,2,PASS,0
241,domain_navigation,8,PASS,0
242,domain_dialog_inventory,5,PASS,0
243,domain_accessibility,1,PASS,0
244,domain_keyboard,3,PASS,0
245,domain_localization,4,PASS,0
246,domain_geometry,63,PASS,0
247,domain_safety,12,PASS,0
248,domain_workflows,2,PASS,0
249,domain_scaling_theme,7,PASS,0
250,domain_lifecycle,2,PASS,0
251,domain_navigation,8,PASS,0
252,domain_dialog_inventory,5,PASS,0
253,domain_accessibility,1,PASS,0
254,domain_keyboard,3,PASS,0
255,domain_localization,4,PASS,0
256,domain_geometry,5,PASS,0
257,domain_safety,12,PASS,0
258,domain_workflows,1,PASS,0
259,domain_scaling_theme,8,PASS,0
260,domain_lifecycle,2,PASS,0
261,domain_navigation,8,PASS,0
262,domain_dialog_inventory,5,PASS,0
263,domain_accessibility,0,PASS,0
264,domain_keyboard,3,PASS,0
265,domain_localization,4,PASS,0
266,domain_geometry,9,PASS,0
267,domain_safety,3,PASS,0
268,domain_workflows,1,PASS,0
269,domain_scaling_theme,7,PASS,0
270,domain_lifecycle,2,PASS,0
271,domain_navigation,8,PASS,0
272,domain_dialog_inventory,5,PASS,0
273,domain_accessibility,1,PASS,0
274,domain_keyboard,3,PASS,0
275,domain_localization,4,PASS,0
276,domain_geometry,26,PASS,0
277,domain_safety,13,PASS,0
278,domain_workflows,1,PASS,0
279,domain_scaling_theme,7,PASS,0
280,domain_lifecycle,2,PASS,0
281,domain_navigation,8,PASS,0
282,domain_dialog_inventory,5,PASS,0
283,domain_accessibility,4,PASS,0
284,domain_keyboard,3,PASS,0
285,domain_localization,4,PASS,0
286,domain_geometry,32,PASS,0
287,domain_safety,8,PASS,0
288,domain_workflows,1,PASS,0
289,domain_scaling_theme,7,PASS,0
290,domain_lifecycle,2,PASS,0
291,domain_navigation,8,PASS,0
292,domain_dialog_inventory,5,PASS,0
293,domain_accessibility,0,PASS,0
294,domain_keyboard,3,PASS,0
295,domain_localization,4,PASS,0
296,domain_geometry,55,PASS,0
297,domain_safety,5,PASS,0
298,domain_workflows,1,PASS,0
299,domain_scaling_theme,7,PASS,0
300,domain_lifecycle,2,PASS,0
301,domain_navigation,8,PASS,0
302,domain_dialog_inventory,5,PASS,0
303,domain_accessibility,3,PASS,0
304,domain_keyboard,3,PASS,0
305,domain_localization,4,PASS,0
306,domain_geometry,18,PASS,0
307,domain_safety,7,PASS,0
308,domain_workflows,1,PASS,0
309,domain_scaling_theme,7,PASS,0
310,domain_lifecycle,2,PASS,0
311,domain_navigation,8,PASS,0
312,domain_dialog_inventory,5,PASS,0
313,domain_accessibility,2,PASS,0
314,domain_keyboard,3,PASS,0
315,domain_localization,4,PASS,0
316,domain_geometry,9,PASS,0
317,domain_safety,9,PASS,0
318,domain_workflows,2,PASS,0
319,domain_scaling_theme,7,PASS,0
320,domain_lifecycle,2,PASS,0
321,domain_navigation,8,PASS,0
322,domain_dialog_inventory,5,PASS,0
323,domain_accessibility,9,PASS,0
324,domain_keyboard,3,PASS,0
325,domain_localization,4,PASS,0
326,domain_geometry,33,PASS,0
327,domain_safety,5,PASS,0
328,domain_workflows,1,PASS,0
329,domain_scaling_theme,7,PASS,0
330,domain_lifecycle,2,PASS,0
331,domain_navigation,8,PASS,0
332,domain_dialog_inventory,5,PASS,0
333,domain_accessibility,4,PASS,0
334,domain_keyboard,3,PASS,0
335,domain_localization,4,PASS,0
336,domain_geometry,15,PASS,0
337,domain_safety,14,PASS,0
338,domain_workflows,1,PASS,0
339,domain_scaling_theme,7,PASS,0
340,domain_lifecycle,2,PASS,0
341,domain_navigation,8,PASS,0
342,domain_dialog_inventory,5,PASS,0
343,domain_accessibility,1,PASS,0
344,domain_keyboard,3,PASS,0
345,domain_localization,4,PASS,0
346,domain_geometry,6,PASS,0
347,domain_safety,6,PASS,0
348,domain_workflows,2,PASS,0
349,domain_scaling_theme,7,PASS,0
350,domain_lifecycle,2,PASS,0
351,domain_navigation,8,PASS,0
352,domain_dialog_inventory,5,PASS,0
353,domain_accessibility,2,PASS,0
354,domain_keyboard,3,PASS,0
355,domain_localization,4,PASS,0
356,domain_geometry,89,PASS,0
357,domain_safety,10,PASS,0
358,domain_workflows,1,PASS,0
359,domain_scaling_theme,7,PASS,0
360,domain_lifecycle,2,PASS,0
361,domain_navigation,8,PASS,0
362,domain_dialog_inventory,5,PASS,0
363,domain_accessibility,9,PASS,0
364,domain_keyboard,3,PASS,0
365,domain_localization,4,PASS,0
366,domain_geometry,32,PASS,0
367,domain_safety,2,PASS,0
368,domain_workflows,1,PASS,0
369,domain_scaling_theme,7,PASS,0
370,domain_lifecycle,2,PASS,0
371,domain_navigation,8,PASS,0
372,domain_dialog_inventory,5,PASS,0
373,domain_accessibility,7,PASS,0
374,domain_keyboard,3,PASS,0
375,domain_localization,4,PASS,0
376,domain_geometry,18,PASS,0
377,domain_safety,26,PASS,0
378,domain_workflows,1,PASS,0
379,domain_scaling_theme,7,PASS,0
380,domain_lifecycle,2,PASS,0
381,domain_navigation,8,PASS,0
382,domain_dialog_inventory,5,PASS,0
383,domain_accessibility,2,PASS,0
384,domain_keyboard,3,PASS,0
385,domain_localization,4,PASS,0
386,domain_geometry,6,PASS,0
387,domain_safety,3,PASS,0
388,domain_workflows,1,PASS,0
389,domain_scaling_theme,7,PASS,0
390,domain_lifecycle,2,PASS,0
391,domain_navigation,8,PASS,0
392,domain_dialog_inventory,5,PASS,0
393,domain_accessibility,2,PASS,0
394,domain_keyboard,3,PASS,0
395,domain_localization,4,PASS,0
396,domain_geometry,9,PASS,0
397,domain_safety,5,PASS,0
398,domain_workflows,1,PASS,0
399,domain_scaling_theme,7,PASS,0
400,domain_lifecycle,2,PASS,0
401,domain_navigation,8,PASS,0
402,domain_dialog_inventory,5,PASS,0
403,domain_accessibility,1,PASS,0
404,domain_keyboard,3,PASS,0
405,domain_localization,4,PASS,0
406,domain_geometry,19,PASS,0
407,domain_safety,8,PASS,0
408,domain_workflows,1,PASS,0
409,domain_scaling_theme,7,PASS,0
410,domain_lifecycle,2,PASS,0
411,domain_navigation,8,PASS,0
412,domain_dialog_inventory,5,PASS,0
413,domain_accessibility,1,PASS,0
414,domain_keyboard,3,PASS,0
415,domain_localization,4,PASS,0
416,domain_geometry,34,PASS,0
417,domain_safety,4,PASS,0
418,domain_workflows,2,PASS,0
419,domain_scaling_theme,7,PASS,0
420,domain_lifecycle,2,PASS,0
421,domain_navigation,8,PASS,0
422,domain_dialog_inventory,5,PASS,0
423,domain_accessibility,3,PASS,0
424,domain_keyboard,3,PASS,0
425,domain_localization,4,PASS,0
426,domain_geometry,13,PASS,0
427,domain_safety,5,PASS,0
428,domain_workflows,1,PASS,0
429,domain_scaling_theme,7,PASS,0
430,domain_lifecycle,2,PASS,0
431,domain_navigation,8,PASS,0
432,domain_dialog_inventory,5,PASS,0
433,domain_accessibility,6,PASS,0
434,domain_keyboard,3,PASS,0
435,domain_localization,4,PASS,0
436,domain_geometry,8,PASS,0
437,domain_safety,4,PASS,0
438,domain_workflows,1,PASS,0
439,domain_scaling_theme,7,PASS,0
440,domain_lifecycle,2,PASS,0
441,domain_navigation,8,PASS,0
442,domain_dialog_inventory,5,PASS,0
443,domain_accessibility,7,PASS,0
444,domain_keyboard,3,PASS,0
445,domain_localization,4,PASS,0
446,domain_geometry,32,PASS,0
447,domain_safety,6,PASS,0
448,domain_workflows,2,PASS,0
449,domain_scaling_theme,7,PASS,0
450,domain_lifecycle,2,PASS,0
451,domain_navigation,8,PASS,0
452,domain_dialog_inventory,5,PASS,0
453,domain_accessibility,4,PASS,0
454,domain_keyboard,3,PASS,0
455,domain_localization,4,PASS,0
456,domain_geometry,9,PASS,0
457,domain_safety,5,PASS,0
458,domain_workflows,1,PASS,0
459,domain_scaling_theme,7,PASS,0
460,domain_lifecycle,2,PASS,0
461,domain_navigation,8,PASS,0
462,domain_dialog_inventory,5,PASS,0
463,domain_accessibility,4,PASS,0
464,domain_keyboard,3,PASS,0
465,domain_localization,4,PASS,0
466,domain_geometry,7,PASS,0
467,domain_safety,10,PASS,0
468,domain_workflows,1,PASS,0
469,domain_scaling_theme,7,PASS,0
470,domain_lifecycle,2,PASS,0
471,domain_navigation,8,PASS,0
472,domain_dialog_inventory,5,PASS,0
473,domain_accessibility,1,PASS,0
474,domain_keyboard,3,PASS,0
475,domain_localization,4,PASS,0
476,domain_geometry,7,PASS,0
477,domain_safety,6,PASS,0
478,domain_workflows,1,PASS,0
479,domain_scaling_theme,7,PASS,0
480,domain_lifecycle,2,PASS,0
481,domain_navigation,8,PASS,0
482,domain_dialog_inventory,5,PASS,0
483,domain_accessibility,7,PASS,0
484,domain_keyboard,3,PASS,0
485,domain_localization,4,PASS,0
486,domain_geometry,5,PASS,0
487,domain_safety,4,PASS,0
488,domain_workflows,1,PASS,0
489,domain_scaling_theme,7,PASS,0
490,domain_lifecycle,2,PASS,0
491,domain_navigation,8,PASS,0
492,domain_dialog_inventory,5,PASS,0
493,domain_accessibility,11,PASS,0
494,domain_keyboard,3,PASS,0
495,domain_localization,4,PASS,0
496,domain_geometry,16,PASS,0
497,domain_safety,31,PASS,0
498,domain_workflows,1,PASS,0
499,domain_scaling_theme,7,PASS,0
500,domain_lifecycle,2,PASS,0
501,domain_navigation,8,PASS,0
502,domain_dialog_inventory,5,PASS,0
503,domain_accessibility,6,PASS,0
504,domain_keyboard,3,PASS,0
505,domain_localization,4,PASS,0
506,domain_geometry,9,PASS,0
507,domain_safety,3,PASS,0
508,domain_workflows,1,PASS,0
509,domain_scaling_theme,8,PASS,0
510,domain_lifecycle,2,PASS,0
511,domain_navigation,8,PASS,0
512,domain_dialog_inventory,5,PASS,0
513,domain_accessibility,5,PASS,0
514,domain_keyboard,3,PASS,0
515,domain_localization,4,PASS,0
516,domain_geometry,18,PASS,0
517,domain_safety,4,PASS,0
518,domain_workflows,2,PASS,0
519,domain_scaling_theme,7,PASS,0
520,domain_lifecycle,2,PASS,0
521,domain_navigation,8,PASS,0
522,domain_dialog_inventory,5,PASS,0
523,domain_accessibility,4,PASS,0
524,domain_keyboard,3,PASS,0
525,domain_localization,4,PASS,0
526,domain_geometry,5,PASS,0
527,domain_safety,3,PASS,0
528,domain_workflows,1,PASS,0
529,domain_scaling_theme,7,PASS,0
530,domain_lifecycle,2,PASS,0
531,domain_navigation,8,PASS,0
532,domain_dialog_inventory,5,PASS,0
533,domain_accessibility,0,PASS,0
534,domain_keyboard,3,PASS,0
535,domain_localization,4,PASS,0
536,domain_geometry,7,PASS,0
537,domain_safety,5,PASS,0
538,domain_workflows,1,PASS,0
539,domain_scaling_theme,7,PASS,0
540,domain_lifecycle,2,PASS,0
541,domain_navigation,8,PASS,0
542,domain_dialog_inventory,5,PASS,0
543,domain_accessibility,1,PASS,0
544,domain_keyboard,3,PASS,0
545,domain_localization,4,PASS,0
546,domain_geometry,2,PASS,0
547,domain_safety,4,PASS,0
548,domain_workflows,2,PASS,0
549,domain_scaling_theme,7,PASS,0
550,domain_lifecycle,2,PASS,0
551,domain_navigation,8,PASS,0
552,domain_dialog_inventory,5,PASS,0
553,domain_accessibility,1,PASS,0
554,domain_keyboard,3,PASS,0
555,domain_localization,4,PASS,0
556,domain_geometry,63,PASS,0
557,domain_safety,14,PASS,0
558,domain_workflows,1,PASS,0
559,domain_scaling_theme,7,PASS,0
560,domain_lifecycle,2,PASS,0
561,domain_navigation,8,PASS,0
562,domain_dialog_inventory,5,PASS,0
563,domain_accessibility,1,PASS,0
564,domain_keyboard,3,PASS,0
565,domain_localization,4,PASS,0
566,domain_geometry,5,PASS,0
567,domain_safety,12,PASS,0
568,domain_workflows,1,PASS,0
569,domain_scaling_theme,7,PASS,0
570,domain_lifecycle,2,PASS,0
571,domain_navigation,8,PASS,0
572,domain_dialog_inventory,5,PASS,0
573,domain_accessibility,0,PASS,0
574,domain_keyboard,3,PASS,0
575,domain_localization,4,PASS,0
576,domain_geometry,9,PASS,0
577,domain_safety,3,PASS,0
578,domain_workflows,1,PASS,0
579,domain_scaling_theme,7,PASS,0
580,domain_lifecycle,2,PASS,0
581,domain_navigation,8,PASS,0
582,domain_dialog_inventory,5,PASS,0
583,domain_accessibility,1,PASS,0
584,domain_keyboard,3,PASS,0
585,domain_localization,4,PASS,0
586,domain_geometry,26,PASS,0
587,domain_safety,13,PASS,0
588,domain_workflows,1,PASS,0
589,domain_scaling_theme,7,PASS,0
590,domain_lifecycle,2,PASS,0
591,domain_navigation,8,PASS,0
592,domain_dialog_inventory,5,PASS,0
593,domain_accessibility,4,PASS,0
594,domain_keyboard,3,PASS,0
595,domain_localization,4,PASS,0
596,domain_geometry,32,PASS,0
597,domain_safety,8,PASS,0
598,domain_workflows,1,PASS,0
599,domain_scaling_theme,7,PASS,0
600,domain_lifecycle,2,PASS,0
601,domain_navigation,8,PASS,0
602,domain_dialog_inventory,5,PASS,0
603,domain_accessibility,0,PASS,0
604,domain_keyboard,3,PASS,0
605,domain_localization,4,PASS,0
606,domain_geometry,55,PASS,0
607,domain_safety,5,PASS,0
608,domain_workflows,1,PASS,0
609,domain_scaling_theme,7,PASS,0
610,domain_lifecycle,2,PASS,0
611,domain_navigation,8,PASS,0
612,domain_dialog_inventory,5,PASS,0
613,domain_accessibility,3,PASS,0
614,domain_keyboard,3,PASS,0
615,domain_localization,4,PASS,0
616,domain_geometry,18,PASS,0
617,domain_safety,7,PASS,0
618,domain_workflows,2,PASS,0
619,domain_scaling_theme,7,PASS,0
620,domain_lifecycle,2,PASS,0
621,domain_navigation,8,PASS,0
622,domain_dialog_inventory,5,PASS,0
623,domain_accessibility,2,PASS,0
624,domain_keyboard,3,PASS,0
625,domain_localization,4,PASS,0
626,domain_geometry,9,PASS,0
627,domain_safety,9,PASS,0
628,domain_workflows,1,PASS,0
629,domain_scaling_theme,7,PASS,0
630,domain_lifecycle,2,PASS,0
631,domain_navigation,8,PASS,0
632,domain_dialog_inventory,5,PASS,0
633,domain_accessibility,9,PASS,0
634,domain_keyboard,3,PASS,0
635,domain_localization,4,PASS,0
636,domain_geometry,33,PASS,0
637,domain_safety,5,PASS,0
638,domain_workflows,1,PASS,0
639,domain_scaling_theme,7,PASS,0
640,domain_lifecycle,2,PASS,0
641,domain_navigation,8,PASS,0
642,domain_dialog_inventory,5,PASS,0
643,domain_accessibility,4,PASS,0
644,domain_keyboard,3,PASS,0
645,domain_localization,4,PASS,0
646,domain_geometry,15,PASS,0
647,domain_safety,14,PASS,0
648,domain_workflows,2,PASS,0
649,domain_scaling_theme,7,PASS,0
650,domain_lifecycle,2,PASS,0
651,domain_navigation,8,PASS,0
652,domain_dialog_inventory,5,PASS,0
653,domain_accessibility,1,PASS,0
654,domain_keyboard,3,PASS,0
655,domain_localization,4,PASS,0
656,domain_geometry,6,PASS,0
657,domain_safety,8,PASS,0
658,domain_workflows,1,PASS,0
659,domain_scaling_theme,7,PASS,0
660,domain_lifecycle,2,PASS,0
661,domain_navigation,8,PASS,0
662,domain_dialog_inventory,5,PASS,0
663,domain_accessibility,2,PASS,0
664,domain_keyboard,3,PASS,0
665,domain_localization,4,PASS,0
666,domain_geometry,89,PASS,0
667,domain_safety,8,PASS,0
668,domain_workflows,1,PASS,0
669,domain_scaling_theme,7,PASS,0
670,domain_lifecycle,2,PASS,0
671,domain_navigation,8,PASS,0
672,domain_dialog_inventory,5,PASS,0
673,domain_accessibility,9,PASS,0
674,domain_keyboard,3,PASS,0
675,domain_localization,4,PASS,0
676,domain_geometry,32,PASS,0
677,domain_safety,2,PASS,0
678,domain_workflows,1,PASS,0
679,domain_scaling_theme,7,PASS,0
680,domain_lifecycle,2,PASS,0
681,domain_navigation,8,PASS,0
682,domain_dialog_inventory,5,PASS,0
683,domain_accessibility,7,PASS,0
684,domain_keyboard,3,PASS,0
685,domain_localization,4,PASS,0
686,domain_geometry,18,PASS,0
687,domain_safety,26,PASS,0
688,domain_workflows,1,PASS,0
689,domain_scaling_theme,7,PASS,0
690,domain_lifecycle,2,PASS,0
691,domain_navigation,8,PASS,0
692,domain_dialog_inventory,5,PASS,0
693,domain_accessibility,2,PASS,0
694,domain_keyboard,3,PASS,0
695,domain_localization,4,PASS,0
696,domain_geometry,6,PASS,0
697,domain_safety,3,PASS,0
698,domain_workflows,1,PASS,0
699,domain_scaling_theme,7,PASS,0
700,domain_lifecycle,2,PASS,0
701,domain_navigation,8,PASS,0
702,domain_dialog_inventory,5,PASS,0
703,domain_accessibility,2,PASS,0
704,domain_keyboard,3,PASS,0
705,domain_localization,4,PASS,0
706,domain_geometry,9,PASS,0
707,domain_safety,7,PASS,0
708,domain_workflows,1,PASS,0
709,domain_scaling_theme,7,PASS,0
710,domain_lifecycle,2,PASS,0
711,domain_navigation,8,PASS,0
712,domain_dialog_inventory,5,PASS,0
713,domain_accessibility,1,PASS,0
714,domain_keyboard,3,PASS,0
715,domain_localization,4,PASS,0
716,domain_geometry,19,PASS,0
717,domain_safety,6,PASS,0
718,domain_workflows,2,PASS,0
719,domain_scaling_theme,7,PASS,0
720,domain_lifecycle,2,PASS,0
721,domain_navigation,8,PASS,0
722,domain_dialog_inventory,5,PASS,0
723,domain_accessibility,1,PASS,0
724,domain_keyboard,3,PASS,0
725,domain_localization,4,PASS,0
726,domain_geometry,34,PASS,0
727,domain_safety,4,PASS,0
728,domain_workflows,1,PASS,0
729,domain_scaling_theme,7,PASS,0
730,domain_lifecycle,2,PASS,0
731,domain_navigation,8,PASS,0
732,domain_dialog_inventory,5,PASS,0
733,domain_accessibility,3,PASS,0
734,domain_keyboard,3,PASS,0
735,domain_localization,4,PASS,0
736,domain_geometry,13,PASS,0
737,domain_safety,5,PASS,0
738,domain_workflows,1,PASS,0
739,domain_scaling_theme,7,PASS,0
740,domain_lifecycle,2,PASS,0
741,domain_navigation,8,PASS,0
742,domain_dialog_inventory,5,PASS,0
743,domain_accessibility,6,PASS,0
744,domain_keyboard,3,PASS,0
745,domain_localization,4,PASS,0
746,domain_geometry,8,PASS,0
747,domain_safety,4,PASS,0
748,domain_workflows,2,PASS,0
749,domain_scaling_theme,7,PASS,0
750,domain_lifecycle,2,PASS,0
751,domain_navigation,8,PASS,0
752,domain_dialog_inventory,5,PASS,0
753,domain_accessibility,7,PASS,0
754,domain_keyboard,3,PASS,0
755,domain_localization,4,PASS,0
756,domain_geometry,32,PASS,0
757,domain_safety,8,PASS,0
758,domain_workflows,1,PASS,0
759,domain_scaling_theme,8,PASS,0
760,domain_lifecycle,2,PASS,0
761,domain_navigation,8,PASS,0
762,domain_dialog_inventory,5,PASS,0
763,domain_accessibility,4,PASS,0
764,domain_keyboard,3,PASS,0
765,domain_localization,4,PASS,0
766,domain_geometry,9,PASS,0
767,domain_safety,3,PASS,0
768,domain_workflows,1,PASS,0
769,domain_scaling_theme,7,PASS,0
770,domain_lifecycle,2,PASS,0
771,domain_navigation,8,PASS,0
772,domain_dialog_inventory,5,PASS,0
773,domain_accessibility,4,PASS,0
774,domain_keyboard,3,PASS,0
775,domain_localization,4,PASS,0
776,domain_geometry,7,PASS,0
777,domain_safety,10,PASS,0
778,domain_workflows,1,PASS,0
779,domain_scaling_theme,7,PASS,0
780,domain_lifecycle,2,PASS,0
781,domain_navigation,8,PASS,0
782,domain_dialog_inventory,5,PASS,0
783,domain_accessibility,1,PASS,0
784,domain_keyboard,3,PASS,0
785,domain_localization,4,PASS,0
786,domain_geometry,7,PASS,0
787,domain_safety,6,PASS,0
788,domain_workflows,1,PASS,0
789,domain_scaling_theme,7,PASS,0
790,domain_lifecycle,2,PASS,0
791,domain_navigation,8,PASS,0
792,domain_dialog_inventory,5,PASS,0
793,domain_accessibility,7,PASS,0
794,domain_keyboard,3,PASS,0
795,domain_localization,4,PASS,0
796,domain_geometry,5,PASS,0
797,domain_safety,4,PASS,0
798,domain_workflows,1,PASS,0
799,domain_scaling_theme,7,PASS,0
800,domain_lifecycle,2,PASS,0
801,domain_navigation,8,PASS,0
802,domain_dialog_inventory,5,PASS,0
803,domain_accessibility,11,PASS,0
804,domain_keyboard,3,PASS,0
805,domain_localization,4,PASS,0
806,domain_geometry,16,PASS,0
807,domain_safety,33,PASS,0
808,domain_workflows,1,PASS,0
809,domain_scaling_theme,7,PASS,0
810,domain_lifecycle,2,PASS,0
811,domain_navigation,8,PASS,0
812,domain_dialog_inventory,5,PASS,0
813,domain_accessibility,6,PASS,0
814,domain_keyboard,3,PASS,0
815,domain_localization,4,PASS,0
816,domain_geometry,9,PASS,0
817,domain_safety,3,PASS,0
818,domain_workflows,2,PASS,0
819,domain_scaling_theme,7,PASS,0
820,domain_lifecycle,2,PASS,0
821,domain_navigation,8,PASS,0
822,domain_dialog_inventory,5,PASS,0
823,domain_accessibility,5,PASS,0
824,domain_keyboard,3,PASS,0
825,domain_localization,4,PASS,0
826,domain_geometry,18,PASS,0
827,domain_safety,4,PASS,0
828,domain_workflows,1,PASS,0
829,domain_scaling_theme,7,PASS,0
830,domain_lifecycle,2,PASS,0
831,domain_navigation,8,PASS,0
832,domain_dialog_inventory,5,PASS,0
833,domain_accessibility,4,PASS,0
834,domain_keyboard,3,PASS,0
835,domain_localization,4,PASS,0
836,domain_geometry,5,PASS,0
837,domain_safety,3,PASS,0
838,domain_workflows,1,PASS,0
839,domain_scaling_theme,7,PASS,0
840,domain_lifecycle,2,PASS,0
841,domain_navigation,8,PASS,0
842,domain_dialog_inventory,5,PASS,0
843,domain_accessibility,0,PASS,0
844,domain_keyboard,3,PASS,0
845,domain_localization,4,PASS,0
846,domain_geometry,7,PASS,0
847,domain_safety,5,PASS,0
848,domain_workflows,2,PASS,0
849,domain_scaling_theme,7,PASS,0
850,domain_lifecycle,2,PASS,0
851,domain_navigation,8,PASS,0
852,domain_dialog_inventory,5,PASS,0
853,domain_accessibility,1,PASS,0
854,domain_keyboard,3,PASS,0
855,domain_localization,4,PASS,0
856,domain_geometry,2,PASS,0
857,domain_safety,6,PASS,0
858,domain_workflows,1,PASS,0
859,domain_scaling_theme,7,PASS,0
860,domain_lifecycle,2,PASS,0
861,domain_navigation,8,PASS,0
862,domain_dialog_inventory,5,PASS,0
863,domain_accessibility,1,PASS,0
864,domain_keyboard,3,PASS,0
865,domain_localization,4,PASS,0
866,domain_geometry,63,PASS,0
867,domain_safety,12,PASS,0
868,domain_workflows,1,PASS,0
869,domain_scaling_theme,7,PASS,0
870,domain_lifecycle,2,PASS,0
871,domain_navigation,8,PASS,0
872,domain_dialog_inventory,5,PASS,0
873,domain_accessibility,1,PASS,0
874,domain_keyboard,3,PASS,0
875,domain_localization,4,PASS,0
876,domain_geometry,5,PASS,0
877,domain_safety,12,PASS,0
878,domain_workflows,1,PASS,0
879,domain_scaling_theme,7,PASS,0
880,domain_lifecycle,2,PASS,0
881,domain_navigation,8,PASS,0
882,domain_dialog_inventory,5,PASS,0
883,domain_accessibility,0,PASS,0
884,domain_keyboard,3,PASS,0
885,domain_localization,4,PASS,0
886,domain_geometry,9,PASS,0
887,domain_safety,3,PASS,0
888,domain_workflows,1,PASS,0
889,domain_scaling_theme,7,PASS,0
890,domain_lifecycle,2,PASS,0
891,domain_navigation,8,PASS,0
892,domain_dialog_inventory,5,PASS,0
893,domain_accessibility,1,PASS,0
894,domain_keyboard,3,PASS,0
895,domain_localization,4,PASS,0
896,domain_geometry,26,PASS,0
897,domain_safety,13,PASS,0
898,domain_workflows,1,PASS,0
899,domain_scaling_theme,7,PASS,0
900,domain_lifecycle,2,PASS,0
901,domain_navigation,8,PASS,0
902,domain_dialog_inventory,5,PASS,0
903,domain_accessibility,4,PASS,0
904,domain_keyboard,3,PASS,0
905,domain_localization,4,PASS,0
906,domain_geometry,32,PASS,0
907,domain_safety,8,PASS,0
908,domain_workflows,1,PASS,0
909,domain_scaling_theme,7,PASS,0
910,domain_lifecycle,2,PASS,0
911,domain_navigation,8,PASS,0
912,domain_dialog_inventory,5,PASS,0
913,domain_accessibility,0,PASS,0
914,domain_keyboard,3,PASS,0
915,domain_localization,4,PASS,0
916,domain_geometry,55,PASS,0
917,domain_safety,5,PASS,0
918,domain_workflows,2,PASS,0
919,domain_scaling_theme,7,PASS,0
920,domain_lifecycle,2,PASS,0
921,domain_navigation,8,PASS,0
922,domain_dialog_inventory,5,PASS,0
923,domain_accessibility,3,PASS,0
924,domain_keyboard,3,PASS,0
925,domain_localization,4,PASS,0
926,domain_geometry,18,PASS,0
927,domain_safety,7,PASS,0
928,domain_workflows,1,PASS,0
929,domain_scaling_theme,7,PASS,0
930,domain_lifecycle,2,PASS,0
931,domain_navigation,8,PASS,0
932,domain_dialog_inventory,5,PASS,0
933,domain_accessibility,2,PASS,0
934,domain_keyboard,3,PASS,0
935,domain_localization,4,PASS,0
936,domain_geometry,9,PASS,0
937,domain_safety,9,PASS,0
938,domain_workflows,1,PASS,0
939,domain_scaling_theme,7,PASS,0
940,domain_lifecycle,2,PASS,0
941,domain_navigation,8,PASS,0
942,domain_dialog_inventory,5,PASS,0
943,domain_accessibility,9,PASS,0
944,domain_keyboard,3,PASS,0
945,domain_localization,4,PASS,0
946,domain_geometry,33,PASS,0
947,domain_safety,5,PASS,0
948,domain_workflows,2,PASS,0
949,domain_scaling_theme,7,PASS,0
950,domain_lifecycle,2,PASS,0
951,domain_navigation,8,PASS,0
952,domain_dialog_inventory,5,PASS,0
953,domain_accessibility,4,PASS,0
954,domain_keyboard,3,PASS,0
955,domain_localization,4,PASS,0
956,domain_geometry,15,PASS,0
957,domain_safety,16,PASS,0
958,domain_workflows,1,PASS,0
959,domain_scaling_theme,7,PASS,0
960,domain_lifecycle,2,PASS,0
961,domain_navigation,8,PASS,0
962,domain_dialog_inventory,5,PASS,0
963,domain_accessibility,1,PASS,0
964,domain_keyboard,3,PASS,0
965,domain_localization,4,PASS,0
966,domain_geometry,6,PASS,0
967,domain_safety,6,PASS,0
968,domain_workflows,1,PASS,0
969,domain_scaling_theme,7,PASS,0
970,domain_lifecycle,2,PASS,0
971,domain_navigation,8,PASS,0
972,domain_dialog_inventory,5,PASS,0
973,domain_accessibility,2,PASS,0
974,domain_keyboard,3,PASS,0
975,domain_localization,4,PASS,0
976,domain_geometry,89,PASS,0
977,domain_safety,8,PASS,0
978,domain_workflows,1,PASS,0
979,domain_scaling_theme,7,PASS,0
980,domain_lifecycle,2,PASS,0
981,domain_navigation,8,PASS,0
982,domain_dialog_inventory,5,PASS,0
983,domain_accessibility,9,PASS,0
984,domain_keyboard,3,PASS,0
985,domain_localization,4,PASS,0
986,domain_geometry,32,PASS,0
987,domain_safety,2,PASS,0
988,domain_workflows,1,PASS,0
989,domain_scaling_theme,7,PASS,0
990,domain_lifecycle,2,PASS,0
991,domain_navigation,8,PASS,0
992,domain_dialog_inventory,5,PASS,0
993,domain_accessibility,7,PASS,0
994,domain_keyboard,3,PASS,0
995,domain_localization,4,PASS,0
996,domain_geometry,18,PASS,0
997,domain_safety,26,PASS,0
998,domain_workflows,1,PASS,0
999,domain_scaling_theme,7,PASS,0
1000,domain_lifecycle,2,PASS,0
1001,domain_navigation,8,PASS,0
1002,domain_dialog_inventory,5,PASS,0
1003,domain_accessibility,2,PASS,0
1004,domain_keyboard,3,PASS,0
1005,domain_localization,4,PASS,0
1006,domain_geometry,6,PASS,0
1007,domain_safety,5,PASS,0
1008,domain_workflows,1,PASS,0
1009,domain_scaling_theme,8,PASS,0
1010,domain_lifecycle,2,PASS,0
1011,domain_navigation,8,PASS,0
1012,domain_dialog_inventory,5,PASS,0
1013,domain_accessibility,2,PASS,0
1014,domain_keyboard,3,PASS,0
1015,domain_localization,4,PASS,0
1016,domain_geometry,9,PASS,0
1017,domain_safety,5,PASS,0
1018,domain_workflows,2,PASS,0
1019,domain_scaling_theme,7,PASS,0
1020,domain_lifecycle,2,PASS,0
1021,domain_navigation,8,PASS,0
1022,domain_dialog_inventory,5,PASS,0
1023,domain_accessibility,1,PASS,0
1024,domain_keyboard,3,PASS,0
1025,domain_localization,4,PASS,0
1026,domain_geometry,19,PASS,0
1027,domain_safety,6,PASS,0
1028,domain_workflows,1,PASS,0
1029,domain_scaling_theme,7,PASS,0
1030,domain_lifecycle,2,PASS,0
1031,domain_navigation,8,PASS,0
1032,domain_dialog_inventory,5,PASS,0
1033,domain_accessibility,1,PASS,0
1034,domain_keyboard,3,PASS,0
1035,domain_localization,4,PASS,0
1036,domain_geometry,34,PASS,0
1037,domain_safety,4,PASS,0
1038,domain_workflows,1,PASS,0
1039,domain_scaling_theme,7,PASS,0
1040,domain_lifecycle,2,PASS,0
1041,domain_navigation,8,PASS,0
1042,domain_dialog_inventory,5,PASS,0
1043,domain_accessibility,3,PASS,0
1044,domain_keyboard,3,PASS,0
1045,domain_localization,4,PASS,0
1046,domain_geometry,13,PASS,0
1047,domain_safety,5,PASS,0
1048,domain_workflows,2,PASS,0
1049,domain_scaling_theme,7,PASS,0
1050,domain_lifecycle,2,PASS,0
1051,domain_navigation,8,PASS,0
1052,domain_dialog_inventory,5,PASS,0
1053,domain_accessibility,6,PASS,0
1054,domain_keyboard,3,PASS,0
1055,domain_localization,4,PASS,0
1056,domain_geometry,8,PASS,0
1057,domain_safety,4,PASS,0
1058,domain_workflows,1,PASS,0
1059,domain_scaling_theme,7,PASS,0
1060,domain_lifecycle,2,PASS,0
1061,domain_navigation,8,PASS,0
1062,domain_dialog_inventory,5,PASS,0
1063,domain_accessibility,7,PASS,0
1064,domain_keyboard,3,PASS,0
1065,domain_localization,4,PASS,0
1066,domain_geometry,32,PASS,0
1067,domain_safety,6,PASS,0
1068,domain_workflows,1,PASS,0
1069,domain_scaling_theme,7,PASS,0
1070,domain_lifecycle,2,PASS,0
1071,domain_navigation,8,PASS,0
1072,domain_dialog_inventory,5,PASS,0
1073,domain_accessibility,4,PASS,0
1074,domain_keyboard,3,PASS,0
1075,domain_localization,4,PASS,0
1076,domain_geometry,9,PASS,0
1077,domain_safety,3,PASS,0
1078,domain_workflows,1,PASS,0
1079,domain_scaling_theme,7,PASS,0
1080,domain_lifecycle,2,PASS,0
1081,domain_navigation,8,PASS,0
1082,domain_dialog_inventory,5,PASS,0
1083,domain_accessibility,4,PASS,0
1084,domain_keyboard,3,PASS,0
1085,domain_localization,4,PASS,0
1086,domain_geometry,7,PASS,0
1087,domain_safety,10,PASS,0
1088,domain_workflows,1,PASS,0
1089,domain_scaling_theme,7,PASS,0
1090,domain_lifecycle,2,PASS,0
1091,domain_navigation,8,PASS,0
1092,domain_dialog_inventory,5,PASS,0
1093,domain_accessibility,1,PASS,0
1094,domain_keyboard,3,PASS,0
1095,domain_localization,4,PASS,0
1096,domain_geometry,7,PASS,0
1097,domain_safety,6,PASS,0
1098,domain_workflows,1,PASS,0
1099,domain_scaling_theme,7,PASS,0
1100,domain_lifecycle,2,PASS,0
1101,domain_navigation,8,PASS,0
1102,domain_dialog_inventory,5,PASS,0
1103,domain_accessibility,7,PASS,0
1104,domain_keyboard,3,PASS,0
1105,domain_localization,4,PASS,0
1106,domain_geometry,5,PASS,0
1107,domain_safety,6,PASS,0
1108,domain_workflows,1,PASS,0
1109,domain_scaling_theme,7,PASS,0
1110,domain_lifecycle,2,PASS,0
1111,domain_navigation,8,PASS,0
1112,domain_dialog_inventory,5,PASS,0
1113,domain_accessibility,11,PASS,0
1114,domain_keyboard,3,PASS,0
1115,domain_localization,4,PASS,0
1116,domain_geometry,16,PASS,0
1117,domain_safety,31,PASS,0
1118,domain_workflows,2,PASS,0
1119,domain_scaling_theme,7,PASS,0
1120,domain_lifecycle,2,PASS,0
1121,domain_navigation,8,PASS,0
1122,domain_dialog_inventory,5,PASS,0
1123,domain_accessibility,6,PASS,0
1124,domain_keyboard,3,PASS,0
1125,domain_localization,4,PASS,0
1126,domain_geometry,9,PASS,0
1127,domain_safety,3,PASS,0
1128,domain_workflows,1,PASS,0
1129,domain_scaling_theme,7,PASS,0
1130,domain_lifecycle,2,PASS,0
1131,domain_navigation,8,PASS,0
1132,domain_dialog_inventory,5,PASS,0
1133,domain_accessibility,5,PASS,0
1134,domain_keyboard,3,PASS,0
1135,domain_localization,4,PASS,0
1136,domain_geometry,18,PASS,0
1137,domain_safety,4,PASS,0
1138,domain_workflows,1,PASS,0
1139,domain_scaling_theme,7,PASS,0
1140,domain_lifecycle,2,PASS,0
1141,domain_navigation,8,PASS,0
1142,domain_dialog_inventory,5,PASS,0
1143,domain_accessibility,4,PASS,0
1144,domain_keyboard,3,PASS,0
1145,domain_localization,4,PASS,0
1146,domain_geometry,5,PASS,0
1147,domain_safety,3,PASS,0
1148,domain_workflows,2,PASS,0
1149,domain_scaling_theme,7,PASS,0
1150,domain_lifecycle,2,PASS,0
1151,domain_navigation,8,PASS,0
1152,domain_dialog_inventory,5,PASS,0
1153,domain_accessibility,0,PASS,0
1154,domain_keyboard,3,PASS,0
1155,domain_localization,4,PASS,0
1156,domain_geometry,7,PASS,0
1157,domain_safety,7,PASS,0
1158,domain_workflows,1,PASS,0
1159,domain_scaling_theme,7,PASS,0
1160,domain_lifecycle,2,PASS,0
1161,domain_navigation,8,PASS,0
1162,domain_dialog_inventory,5,PASS,0
1163,domain_accessibility,1,PASS,0
1164,domain_keyboard,3,PASS,0
1165,domain_localization,4,PASS,0
1166,domain_geometry,2,PASS,0
1167,domain_safety,4,PASS,0
1168,domain_workflows,1,PASS,0
1169,domain_scaling_theme,7,PASS,0
1170,domain_lifecycle,2,PASS,0
1171,domain_navigation,8,PASS,0
1172,domain_dialog_inventory,5,PASS,0
1173,domain_accessibility,1,PASS,0
1174,domain_keyboard,3,PASS,0
1175,domain_localization,4,PASS,0
1176,domain_geometry,63,PASS,0
1177,domain_safety,12,PASS,0
1178,domain_workflows,1,PASS,0
1179,domain_scaling_theme,7,PASS,0
1180,domain_lifecycle,2,PASS,0
1181,domain_navigation,8,PASS,0
1182,domain_dialog_inventory,5,PASS,0
1183,domain_accessibility,1,PASS,0
1184,domain_keyboard,3,PASS,0
1185,domain_localization,4,PASS,0
1186,domain_geometry,5,PASS,0
1187,domain_safety,12,PASS,0
1188,domain_workflows,1,PASS,0
1189,domain_scaling_theme,7,PASS,0
1190,domain_lifecycle,2,PASS,0
1191,domain_navigation,8,PASS,0
1192,domain_dialog_inventory,5,PASS,0
1193,domain_accessibility,0,PASS,0
1194,domain_keyboard,3,PASS,0
1195,domain_localization,4,PASS,0
1196,domain_geometry,9,PASS,0
1197,domain_safety,3,PASS,0
1198,domain_workflows,1,PASS,0
1199,domain_scaling_theme,7,PASS,0
1200,domain_lifecycle,2,PASS,0
1201,domain_navigation,8,PASS,0
1202,domain_dialog_inventory,5,PASS,0
1203,domain_accessibility,1,PASS,0
1204,domain_keyboard,3,PASS,0
1205,domain_localization,4,PASS,0
1206,domain_geometry,26,PASS,0
1207,domain_safety,15,PASS,0
1208,domain_workflows,1,PASS,0
1209,domain_scaling_theme,7,PASS,0
1210,domain_lifecycle,2,PASS,0
1211,domain_navigation,8,PASS,0
1212,domain_dialog_inventory,5,PASS,0
1213,domain_accessibility,4,PASS,0
1214,domain_keyboard,3,PASS,0
1215,domain_localization,4,PASS,0
1216,domain_geometry,32,PASS,0
1217,domain_safety,8,PASS,0
1218,domain_workflows,2,PASS,0
1219,domain_scaling_theme,7,PASS,0
1220,domain_lifecycle,2,PASS,0
1221,domain_navigation,8,PASS,0
1222,domain_dialog_inventory,5,PASS,0
1223,domain_accessibility,0,PASS,0
1224,domain_keyboard,3,PASS,0
1225,domain_localization,4,PASS,0
1226,domain_geometry,55,PASS,0
1227,domain_safety,5,PASS,0
1228,domain_workflows,1,PASS,0
1229,domain_scaling_theme,7,PASS,0
1230,domain_lifecycle,2,PASS,0
1231,domain_navigation,8,PASS,0
1232,domain_dialog_inventory,5,PASS,0
1233,domain_accessibility,3,PASS,0
1234,domain_keyboard,3,PASS,0
1235,domain_localization,4,PASS,0
1236,domain_geometry,18,PASS,0
1237,domain_safety,7,PASS,0
1238,domain_workflows,1,PASS,0
1239,domain_scaling_theme,7,PASS,0
1240,domain_lifecycle,2,PASS,0
1241,domain_navigation,8,PASS,0
1242,domain_dialog_inventory,5,PASS,0
1243,domain_accessibility,2,PASS,0
1244,domain_keyboard,3,PASS,0
1245,domain_localization,4,PASS,0
1246,domain_geometry,9,PASS,0
1247,domain_safety,9,PASS,0
1248,domain_workflows,2,PASS,0
1249,domain_scaling_theme,7,PASS,0
1250,domain_lifecycle,2,PASS,0
1251,domain_navigation,8,PASS,0
1252,domain_dialog_inventory,5,PASS,0
1253,domain_accessibility,9,PASS,0
1254,domain_keyboard,3,PASS,0
1255,domain_localization,4,PASS,0
1256,domain_geometry,33,PASS,0
1257,domain_safety,7,PASS,0
1258,domain_workflows,1,PASS,0
1259,domain_scaling_theme,8,PASS,0
1260,domain_lifecycle,2,PASS,0
1261,domain_navigation,8,PASS,0
1262,domain_dialog_inventory,5,PASS,0
1263,domain_accessibility,4,PASS,0
1264,domain_keyboard,3,PASS,0
1265,domain_localization,4,PASS,0
1266,domain_geometry,15,PASS,0
1267,domain_safety,14,PASS,0
1268,domain_workflows,1,PASS,0
1269,domain_scaling_theme,7,PASS,0
1270,domain_lifecycle,2,PASS,0
1271,domain_navigation,8,PASS,0
1272,domain_dialog_inventory,5,PASS,0
1273,domain_accessibility,1,PASS,0
1274,domain_keyboard,3,PASS,0
1275,domain_localization,4,PASS,0
1276,domain_geometry,6,PASS,0
1277,domain_safety,6,PASS,0
1278,domain_workflows,1,PASS,0
1279,domain_scaling_theme,7,PASS,0
1280,domain_lifecycle,2,PASS,0
1281,domain_navigation,8,PASS,0
1282,domain_dialog_inventory,5,PASS,0
1283,domain_accessibility,2,PASS,0
1284,domain_keyboard,3,PASS,0
1285,domain_localization,4,PASS,0
1286,domain_geometry,89,PASS,0
1287,domain_safety,8,PASS,0
1288,domain_workflows,1,PASS,0
1289,domain_scaling_theme,7,PASS,0
1290,domain_lifecycle,2,PASS,0
1291,domain_navigation,8,PASS,0
1292,domain_dialog_inventory,5,PASS,0
1293,domain_accessibility,9,PASS,0
1294,domain_keyboard,3,PASS,0
1295,domain_localization,4,PASS,0
1296,domain_geometry,32,PASS,0
1297,domain_safety,2,PASS,0
1298,domain_workflows,1,PASS,0
1299,domain_scaling_theme,7,PASS,0
1300,domain_lifecycle,2,PASS,0
1301,domain_navigation,8,PASS,0
1302,domain_dialog_inventory,5,PASS,0
1303,domain_accessibility,7,PASS,0
1304,domain_keyboard,3,PASS,0
1305,domain_localization,4,PASS,0
1306,domain_geometry,18,PASS,0
1307,domain_safety,26,PASS,0
1308,domain_workflows,1,PASS,0
1309,domain_scaling_theme,7,PASS,0
1310,domain_lifecycle,2,PASS,0
1311,domain_navigation,8,PASS,0
1312,domain_dialog_inventory,5,PASS,0
1313,domain_accessibility,2,PASS,0
1314,domain_keyboard,3,PASS,0
1315,domain_localization,4,PASS,0
1316,domain_geometry,6,PASS,0
1317,domain_safety,3,PASS,0
1318,domain_workflows,2,PASS,0
1319,domain_scaling_theme,7,PASS,0
1320,domain_lifecycle,2,PASS,0
1321,domain_navigation,8,PASS,0
1322,domain_dialog_inventory,5,PASS,0
1323,domain_accessibility,2,PASS,0
1324,domain_keyboard,3,PASS,0
1325,domain_localization,4,PASS,0
1326,domain_geometry,9,PASS,0
1327,domain_safety,5,PASS,0
1328,domain_workflows,1,PASS,0
1329,domain_scaling_theme,7,PASS,0
1330,domain_lifecycle,2,PASS,0
1331,domain_navigation,8,PASS,0
1332,domain_dialog_inventory,5,PASS,0
1333,domain_accessibility,1,PASS,0
1334,domain_keyboard,3,PASS,0
1335,domain_localization,4,PASS,0
1336,domain_geometry,19,PASS,0
1337,domain_safety,6,PASS,0
1338,domain_workflows,1,PASS,0
1339,domain_scaling_theme,7,PASS,0
1340,domain_lifecycle,2,PASS,0
1341,domain_navigation,8,PASS,0
1342,domain_dialog_inventory,5,PASS,0
1343,domain_accessibility,1,PASS,0
1344,domain_keyboard,3,PASS,0
1345,domain_localization,4,PASS,0
1346,domain_geometry,34,PASS,0
1347,domain_safety,4,PASS,0
1348,domain_workflows,2,PASS,0
1349,domain_scaling_theme,7,PASS,0
1350,domain_lifecycle,2,PASS,0
1351,domain_navigation,8,PASS,0
1352,domain_dialog_inventory,5,PASS,0
1353,domain_accessibility,3,PASS,0
1354,domain_keyboard,3,PASS,0
1355,domain_localization,4,PASS,0
1356,domain_geometry,13,PASS,0
1357,domain_safety,7,PASS,0
1358,domain_workflows,1,PASS,0
1359,domain_scaling_theme,7,PASS,0
1360,domain_lifecycle,2,PASS,0
1361,domain_navigation,8,PASS,0
1362,domain_dialog_inventory,5,PASS,0
1363,domain_accessibility,6,PASS,0
1364,domain_keyboard,3,PASS,0
1365,domain_localization,4,PASS,0
1366,domain_geometry,8,PASS,0
1367,domain_safety,4,PASS,0
1368,domain_workflows,1,PASS,0
1369,domain_scaling_theme,7,PASS,0
1370,domain_lifecycle,2,PASS,0
1371,domain_navigation,8,PASS,0
1372,domain_dialog_inventory,5,PASS,0
1373,domain_accessibility,37,PASS,0
1374,domain_keyboard,3,PASS,0
1375,domain_localization,4,PASS,0
1376,domain_geometry,32,PASS,0
1377,domain_safety,6,PASS,0
1378,domain_workflows,1,PASS,0
1379,domain_scaling_theme,7,PASS,0
1380,domain_lifecycle,2,PASS,0
1381,domain_navigation,8,PASS,0
1382,domain_dialog_inventory,5,PASS,0
1383,domain_accessibility,4,PASS,0
1384,domain_keyboard,3,PASS,0
1385,domain_localization,4,PASS,0
1386,domain_geometry,9,PASS,0
1387,domain_safety,3,PASS,0
1388,domain_workflows,1,PASS,0
1389,domain_scaling_theme,7,PASS,0
1390,domain_lifecycle,2,PASS,0
1391,domain_navigation,8,PASS,0
1392,domain_dialog_inventory,5,PASS,0
1393,domain_accessibility,4,PASS,0
1394,domain_keyboard,3,PASS,0
1395,domain_localization,4,PASS,0
1396,domain_geometry,7,PASS,0
1397,domain_safety,10,PASS,0
1398,domain_workflows,1,PASS,0
1399,domain_scaling_theme,7,PASS,0
1400,domain_lifecycle,2,PASS,0
1401,domain_navigation,8,PASS,0
1402,domain_dialog_inventory,5,PASS,0
1403,domain_accessibility,1,PASS,0
1404,domain_keyboard,3,PASS,0
1405,domain_localization,4,PASS,0
1406,domain_geometry,7,PASS,0
1407,domain_safety,6,PASS,0
1408,domain_workflows,1,PASS,0
1409,domain_scaling_theme,7,PASS,0
1410,domain_lifecycle,2,PASS,0
1411,domain_navigation,8,PASS,0
1412,domain_dialog_inventory,5,PASS,0
1413,domain_accessibility,7,PASS,0
1414,domain_keyboard,3,PASS,0
1415,domain_localization,4,PASS,0
1416,domain_geometry,5,PASS,0
1417,domain_safety,4,PASS,0
1418,domain_workflows,2,PASS,0
1419,domain_scaling_theme,7,PASS,0
1420,domain_lifecycle,2,PASS,0
1421,domain_navigation,8,PASS,0
1422,domain_dialog_inventory,5,PASS,0
1423,domain_accessibility,11,PASS,0
1424,domain_keyboard,3,PASS,0
1425,domain_localization,4,PASS,0
1426,domain_geometry,16,PASS,0
1427,domain_safety,31,PASS,0
1428,domain_workflows,1,PASS,0
1429,domain_scaling_theme,7,PASS,0
1430,domain_lifecycle,2,PASS,0
1431,domain_navigation,8,PASS,0
1432,domain_dialog_inventory,5,PASS,0
1433,domain_accessibility,6,PASS,0
1434,domain_keyboard,3,PASS,0
1435,domain_localization,4,PASS,0
1436,domain_geometry,9,PASS,0
1437,domain_safety,3,PASS,0
1438,domain_workflows,1,PASS,0
1439,domain_scaling_theme,7,PASS,0
1440,domain_lifecycle,2,PASS,0
1441,domain_navigation,8,PASS,0
1442,domain_dialog_inventory,5,PASS,0
1443,domain_accessibility,5,PASS,0
1444,domain_keyboard,3,PASS,0
1445,domain_localization,4,PASS,0
1446,domain_geometry,18,PASS,0
1447,domain_safety,4,PASS,0
1448,domain_workflows,2,PASS,0
1449,domain_scaling_theme,7,PASS,0
1450,domain_lifecycle,2,PASS,0
1451,domain_navigation,8,PASS,0
1452,domain_dialog_inventory,5,PASS,0
1453,domain_accessibility,4,PASS,0
1454,domain_keyboard,3,PASS,0
1455,domain_localization,4,PASS,0
1456,domain_geometry,5,PASS,0
1457,domain_safety,3,PASS,0
1458,domain_workflows,1,PASS,0
1459,domain_scaling_theme,7,PASS,0
1460,domain_lifecycle,2,PASS,0
1461,domain_navigation,8,PASS,0
1462,domain_dialog_inventory,5,PASS,0
1463,domain_accessibility,0,PASS,0
1464,domain_keyboard,3,PASS,0
1465,domain_localization,4,PASS,0
1466,domain_geometry,7,PASS,0
1467,domain_safety,5,PASS,0
1468,domain_workflows,1,PASS,0
1469,domain_scaling_theme,7,PASS,0
1470,domain_lifecycle,2,PASS,0
1471,domain_navigation,8,PASS,0
1472,domain_dialog_inventory,5,PASS,0
1473,domain_accessibility,1,PASS,0
1474,domain_keyboard,3,PASS,0
1475,domain_localization,4,PASS,0
1476,domain_geometry,2,PASS,0
1477,domain_safety,4,PASS,0
1478,domain_workflows,1,PASS,0
1479,domain_scaling_theme,7,PASS,0
1480,domain_lifecycle,2,PASS,0
1481,domain_navigation,8,PASS,0
1482,domain_dialog_inventory,5,PASS,0
1483,domain_accessibility,1,PASS,0
1484,domain_keyboard,3,PASS,0
1485,domain_localization,4,PASS,0
1486,domain_geometry,63,PASS,0
1487,domain_safety,12,PASS,0
1488,domain_workflows,1,PASS,0
1489,domain_scaling_theme,7,PASS,0
1490,domain_lifecycle,2,PASS,0
1491,domain_navigation,8,PASS,0
1492,domain_dialog_inventory,5,PASS,0
1493,domain_accessibility,1,PASS,0
1494,domain_keyboard,3,PASS,0
1495,domain_localization,4,PASS,0
1496,domain_geometry,5,PASS,0
1497,domain_safety,12,PASS,0
1498,domain_workflows,1,PASS,0
1499,domain_scaling_theme,7,PASS,0
1500,domain_lifecycle,2,PASS,0
1501,domain_navigation,8,PASS,0
1502,domain_dialog_inventory,5,PASS,0
1503,domain_accessibility,0,PASS,0
1504,domain_keyboard,3,PASS,0
1505,domain_localization,4,PASS,0
1506,domain_geometry,9,PASS,0
1507,domain_safety,5,PASS,0
1508,domain_workflows,1,PASS,0
1509,domain_scaling_theme,8,PASS,0
1510,domain_lifecycle,2,PASS,0
1511,domain_navigation,8,PASS,0
1512,domain_dialog_inventory,5,PASS,0
1513,domain_accessibility,1,PASS,0
1514,domain_keyboard,3,PASS,0
1515,domain_localization,4,PASS,0
1516,domain_geometry,26,PASS,0
1517,domain_safety,13,PASS,0
1518,domain_workflows,2,PASS,0
1519,domain_scaling_theme,7,PASS,0
1520,domain_lifecycle,2,PASS,0
1521,domain_navigation,8,PASS,0
1522,domain_dialog_inventory,5,PASS,0
1523,domain_accessibility,4,PASS,0
1524,domain_keyboard,3,PASS,0
1525,domain_localization,4,PASS,0
1526,domain_geometry,32,PASS,0
1527,domain_safety,8,PASS,0
1528,domain_workflows,1,PASS,0
1529,domain_scaling_theme,7,PASS,0
1530,domain_lifecycle,2,PASS,0
1531,domain_navigation,8,PASS,0
1532,domain_dialog_inventory,5,PASS,0
1533,domain_accessibility,0,PASS,0
1534,domain_keyboard,3,PASS,0
1535,domain_localization,4,PASS,0
1536,domain_geometry,55,PASS,0
1537,domain_safety,5,PASS,0
1538,domain_workflows,1,PASS,0
1539,domain_scaling_theme,7,PASS,0
1540,domain_lifecycle,2,PASS,0
1541,domain_navigation,8,PASS,0
1542,domain_dialog_inventory,5,PASS,0
1543,domain_accessibility,3,PASS,0
1544,domain_keyboard,3,PASS,0
1545,domain_localization,4,PASS,0
1546,domain_geometry,18,PASS,0
1547,domain_safety,7,PASS,0
1548,domain_workflows,2,PASS,0
1549,domain_scaling_theme,7,PASS,0
1550,domain_lifecycle,2,PASS,0
1551,domain_navigation,8,PASS,0
1552,domain_dialog_inventory,5,PASS,0
1553,domain_accessibility,2,PASS,0
1554,domain_keyboard,3,PASS,0
1555,domain_localization,4,PASS,0
1556,domain_geometry,9,PASS,0
1557,domain_safety,11,PASS,0
1558,domain_workflows,1,PASS,0
1559,domain_scaling_theme,7,PASS,0
1560,domain_lifecycle,2,PASS,0
1561,domain_navigation,8,PASS,0
1562,domain_dialog_inventory,5,PASS,0
1563,domain_accessibility,9,PASS,0
1564,domain_keyboard,3,PASS,0
1565,domain_localization,4,PASS,0
1566,domain_geometry,33,PASS,0
1567,domain_safety,5,PASS,0
1568,domain_workflows,1,PASS,0
1569,domain_scaling_theme,7,PASS,0
1570,domain_lifecycle,2,PASS,0
1571,domain_navigation,8,PASS,0
1572,domain_dialog_inventory,5,PASS,0
1573,domain_accessibility,4,PASS,0
1574,domain_keyboard,3,PASS,0
1575,domain_localization,4,PASS,0
1576,domain_geometry,15,PASS,0
1577,domain_safety,14,PASS,0
1578,domain_workflows,1,PASS,0
1579,domain_scaling_theme,7,PASS,0
1580,domain_lifecycle,2,PASS,0
1581,domain_navigation,8,PASS,0
1582,domain_dialog_inventory,5,PASS,0
1583,domain_accessibility,1,PASS,0
1584,domain_keyboard,3,PASS,0
1585,domain_localization,4,PASS,0
1586,domain_geometry,6,PASS,0
1587,domain_safety,6,PASS,0
1588,domain_workflows,1,PASS,0
1589,domain_scaling_theme,7,PASS,0
1590,domain_lifecycle,2,PASS,0
1591,domain_navigation,8,PASS,0
1592,domain_dialog_inventory,5,PASS,0
1593,domain_accessibility,2,PASS,0
1594,domain_keyboard,3,PASS,0
1595,domain_localization,4,PASS,0
1596,domain_geometry,89,PASS,0
1597,domain_safety,8,PASS,0
1598,domain_workflows,1,PASS,0
1599,domain_scaling_theme,7,PASS,0
1600,domain_lifecycle,2,PASS,0
1601,domain_navigation,8,PASS,0
1602,domain_dialog_inventory,5,PASS,0
1603,domain_accessibility,9,PASS,0
1604,domain_keyboard,3,PASS,0
1605,domain_localization,4,PASS,0
1606,domain_geometry,32,PASS,0
1607,domain_safety,4,PASS,0
1608,domain_workflows,1,PASS,0
1609,domain_scaling_theme,7,PASS,0
1610,domain_lifecycle,2,PASS,0
1611,domain_navigation,8,PASS,0
1612,domain_dialog_inventory,5,PASS,0
1613,domain_accessibility,7,PASS,0
1614,domain_keyboard,3,PASS,0
1615,domain_localization,4,PASS,0
1616,domain_geometry,18,PASS,0
1617,domain_safety,26,PASS,0
1618,domain_workflows,2,PASS,0
1619,domain_scaling_theme,7,PASS,0
1620,domain_lifecycle,2,PASS,0
1621,domain_navigation,8,PASS,0
1622,domain_dialog_inventory,5,PASS,0
1623,domain_accessibility,2,PASS,0
1624,domain_keyboard,3,PASS,0
1625,domain_localization,4,PASS,0
1626,domain_geometry,6,PASS,0
1627,domain_safety,3,PASS,0
1628,domain_workflows,1,PASS,0
1629,domain_scaling_theme,7,PASS,0
1630,domain_lifecycle,2,PASS,0
1631,domain_navigation,8,PASS,0
1632,domain_dialog_inventory,5,PASS,0
1633,domain_accessibility,2,PASS,0
1634,domain_keyboard,3,PASS,0
1635,domain_localization,4,PASS,0
1636,domain_geometry,9,PASS,0
1637,domain_safety,5,PASS,0
1638,domain_workflows,1,PASS,0
1639,domain_scaling_theme,7,PASS,0
1640,domain_lifecycle,2,PASS,0
1641,domain_navigation,8,PASS,0
1642,domain_dialog_inventory,5,PASS,0
1643,domain_accessibility,1,PASS,0
1644,domain_keyboard,3,PASS,0
1645,domain_localization,4,PASS,0
1646,domain_geometry,19,PASS,0
1647,domain_safety,6,PASS,0
1648,domain_workflows,2,PASS,0
1649,domain_scaling_theme,7,PASS,0
1650,domain_lifecycle,2,PASS,0
1651,domain_navigation,8,PASS,0
1652,domain_dialog_inventory,5,PASS,0
1653,domain_accessibility,1,PASS,0
1654,domain_keyboard,3,PASS,0
1655,domain_localization,4,PASS,0
1656,domain_geometry,34,PASS,0
1657,domain_safety,6,PASS,0
1658,domain_workflows,1,PASS,0
1659,domain_scaling_theme,7,PASS,0
1660,domain_lifecycle,2,PASS,0
1661,domain_navigation,8,PASS,0
1662,domain_dialog_inventory,5,PASS,0
1663,domain_accessibility,3,PASS,0
1664,domain_keyboard,3,PASS,0
1665,domain_localization,4,PASS,0
1666,domain_geometry,13,PASS,0
1667,domain_safety,5,PASS,0
1668,domain_workflows,1,PASS,0
1669,domain_scaling_theme,7,PASS,0
1670,domain_lifecycle,2,PASS,0
1671,domain_navigation,8,PASS,0
1672,domain_dialog_inventory,5,PASS,0
1673,domain_accessibility,6,PASS,0
1674,domain_keyboard,3,PASS,0
1675,domain_localization,4,PASS,0
1676,domain_geometry,8,PASS,0
1677,domain_safety,4,PASS,0
1678,domain_workflows,1,PASS,0
1679,domain_scaling_theme,7,PASS,0
1680,domain_lifecycle,2,PASS,0
1681,domain_navigation,8,PASS,0
1682,domain_dialog_inventory,5,PASS,0
1683,domain_accessibility,37,PASS,0
1684,domain_keyboard,3,PASS,0
1685,domain_localization,4,PASS,0
1686,domain_geometry,32,PASS,0
1687,domain_safety,6,PASS,0
1688,domain_workflows,1,PASS,0
1689,domain_scaling_theme,7,PASS,0
1690,domain_lifecycle,2,PASS,0
1691,domain_navigation,8,PASS,0
1692,domain_dialog_inventory,5,PASS,0
1693,domain_accessibility,4,PASS,0
1694,domain_keyboard,3,PASS,0
1695,domain_localization,4,PASS,0
1696,domain_geometry,9,PASS,0
1697,domain_safety,3,PASS,0
1698,domain_workflows,1,PASS,0
1699,domain_scaling_theme,7,PASS,0
1700,domain_lifecycle,2,PASS,0
1701,domain_navigation,8,PASS,0
1702,domain_dialog_inventory,5,PASS,0
1703,domain_accessibility,4,PASS,0
1704,domain_keyboard,3,PASS,0
1705,domain_localization,4,PASS,0
1706,domain_geometry,7,PASS,0
1707,domain_safety,12,PASS,0
1708,domain_workflows,1,PASS,0
1709,domain_scaling_theme,7,PASS,0
1710,domain_lifecycle,2,PASS,0
1711,domain_navigation,8,PASS,0
1712,domain_dialog_inventory,5,PASS,0
1713,domain_accessibility,1,PASS,0
1714,domain_keyboard,3,PASS,0
1715,domain_localization,4,PASS,0
1716,domain_geometry,7,PASS,0
1717,domain_safety,6,PASS,0
1718,domain_workflows,2,PASS,0
1719,domain_scaling_theme,7,PASS,0
1720,domain_lifecycle,2,PASS,0
1721,domain_navigation,8,PASS,0
1722,domain_dialog_inventory,5,PASS,0
1723,domain_accessibility,7,PASS,0
1724,domain_keyboard,3,PASS,0
1725,domain_localization,4,PASS,0
1726,domain_geometry,5,PASS,0
1727,domain_safety,4,PASS,0
1728,domain_workflows,1,PASS,0
1729,domain_scaling_theme,7,PASS,0
1730,domain_lifecycle,2,PASS,0
1731,domain_navigation,8,PASS,0
1732,domain_dialog_inventory,5,PASS,0
1733,domain_accessibility,11,PASS,0
1734,domain_keyboard,3,PASS,0
1735,domain_localization,4,PASS,0
1736,domain_geometry,16,PASS,0
1737,domain_safety,31,PASS,0
1738,domain_workflows,1,PASS,0
1739,domain_scaling_theme,7,PASS,0
1740,domain_lifecycle,2,PASS,0
1741,domain_navigation,8,PASS,0
1742,domain_dialog_inventory,5,PASS,0
1743,domain_accessibility,6,PASS,0
1744,domain_keyboard,3,PASS,0
1745,domain_localization,4,PASS,0
1746,domain_geometry,9,PASS,0
1747,domain_safety,3,PASS,0
1748,domain_workflows,2,PASS,0
1749,domain_scaling_theme,7,PASS,0
1750,domain_lifecycle,2,PASS,0
1751,domain_navigation,8,PASS,0
1752,domain_dialog_inventory,5,PASS,0
1753,domain_accessibility,5,PASS,0
1754,domain_keyboard,3,PASS,0
1755,domain_localization,4,PASS,0
1756,domain_geometry,18,PASS,0
1757,domain_safety,6,PASS,0
1758,domain_workflows,1,PASS,0
1759,domain_scaling_theme,8,PASS,0
1760,domain_lifecycle,2,PASS,0
1761,domain_navigation,8,PASS,0
1762,domain_dialog_inventory,5,PASS,0
1763,domain_accessibility,4,PASS,0
1764,domain_keyboard,3,PASS,0
1765,domain_localization,4,PASS,0
1766,domain_geometry,5,PASS,0
1767,domain_safety,3,PASS,0
1768,domain_workflows,1,PASS,0
1769,domain_scaling_theme,7,PASS,0
1770,domain_lifecycle,2,PASS,0
1771,domain_navigation,8,PASS,0
1772,domain_dialog_inventory,5,PASS,0
1773,domain_accessibility,0,PASS,0
1774,domain_keyboard,3,PASS,0
1775,domain_localization,4,PASS,0
1776,domain_geometry,7,PASS,0
1777,domain_safety,5,PASS,0
1778,domain_workflows,1,PASS,0
1779,domain_scaling_theme,7,PASS,0
1780,domain_lifecycle,2,PASS,0
1781,domain_navigation,8,PASS,0
1782,domain_dialog_inventory,5,PASS,0
1783,domain_accessibility,1,PASS,0
1784,domain_keyboard,3,PASS,0
1785,domain_localization,4,PASS,0
1786,domain_geometry,2,PASS,0
1787,domain_safety,4,PASS,0
1788,domain_workflows,1,PASS,0
1789,domain_scaling_theme,7,PASS,0
1790,domain_lifecycle,2,PASS,0
1791,domain_navigation,8,PASS,0
1792,domain_dialog_inventory,5,PASS,0
1793,domain_accessibility,1,PASS,0
1794,domain_keyboard,3,PASS,0
1795,domain_localization,4,PASS,0
1796,domain_geometry,63,PASS,0
1797,domain_safety,12,PASS,0
1798,domain_workflows,1,PASS,0
1799,domain_scaling_theme,7,PASS,0
1800,domain_lifecycle,2,PASS,0
1801,domain_navigation,8,PASS,0
1802,domain_dialog_inventory,5,PASS,0
1803,domain_accessibility,1,PASS,0
1804,domain_keyboard,3,PASS,0
1805,domain_localization,4,PASS,0
1806,domain_geometry,5,PASS,0
1807,domain_safety,12,PASS,0
1808,domain_workflows,1,PASS,0
1809,domain_scaling_theme,7,PASS,0
1810,domain_lifecycle,2,PASS,0
1811,domain_navigation,8,PASS,0
1812,domain_dialog_inventory,5,PASS,0
1813,domain_accessibility,0,PASS,0
1814,domain_keyboard,3,PASS,0
1815,domain_localization,4,PASS,0
1816,domain_geometry,9,PASS,0
1817,domain_safety,3,PASS,0
1818,domain_workflows,2,PASS,0
1819,domain_scaling_theme,7,PASS,0
1820,domain_lifecycle,2,PASS,0
1821,domain_navigation,8,PASS,0
1822,domain_dialog_inventory,5,PASS,0
1823,domain_accessibility,1,PASS,0
1824,domain_keyboard,3,PASS,0
1825,domain_localization,4,PASS,0
1826,domain_geometry,26,PASS,0
1827,domain_safety,13,PASS,0
1828,domain_workflows,1,PASS,0
1829,domain_scaling_theme,7,PASS,0
1830,domain_lifecycle,2,PASS,0
1831,domain_navigation,8,PASS,0
1832,domain_dialog_inventory,5,PASS,0
1833,domain_accessibility,4,PASS,0
1834,domain_keyboard,3,PASS,0
1835,domain_localization,4,PASS,0
1836,domain_geometry,32,PASS,0
1837,domain_safety,8,PASS,0
1838,domain_workflows,1,PASS,0
1839,domain_scaling_theme,7,PASS,0
1840,domain_lifecycle,2,PASS,0
1841,domain_navigation,8,PASS,0
1842,domain_dialog_inventory,5,PASS,0
1843,domain_accessibility,0,PASS,0
1844,domain_keyboard,3,PASS,0
1845,domain_localization,4,PASS,0
1846,domain_geometry,55,PASS,0
1847,domain_safety,5,PASS,0
1848,domain_workflows,2,PASS,0
1849,domain_scaling_theme,7,PASS,0
1850,domain_lifecycle,2,PASS,0
1851,domain_navigation,8,PASS,0
1852,domain_dialog_inventory,5,PASS,0
1853,domain_accessibility,3,PASS,0
1854,domain_keyboard,3,PASS,0
1855,domain_localization,4,PASS,0
1856,domain_geometry,18,PASS,0
1857,domain_safety,7,PASS,0
1858,domain_workflows,1,PASS,0
1859,domain_scaling_theme,7,PASS,0
1860,domain_lifecycle,2,PASS,0
1861,domain_navigation,8,PASS,0
1862,domain_dialog_inventory,5,PASS,0
1863,domain_accessibility,2,PASS,0
1864,domain_keyboard,3,PASS,0
1865,domain_localization,4,PASS,0
1866,domain_geometry,9,PASS,0
1867,domain_safety,9,PASS,0
1868,domain_workflows,1,PASS,0
1869,domain_scaling_theme,7,PASS,0
1870,domain_lifecycle,2,PASS,0
1871,domain_navigation,8,PASS,0
1872,domain_dialog_inventory,5,PASS,0
1873,domain_accessibility,9,PASS,0
1874,domain_keyboard,3,PASS,0
1875,domain_localization,4,PASS,0
1876,domain_geometry,33,PASS,0
1877,domain_safety,5,PASS,0
1878,domain_workflows,1,PASS,0
1879,domain_scaling_theme,7,PASS,0
1880,domain_lifecycle,2,PASS,0
1881,domain_navigation,8,PASS,0
1882,domain_dialog_inventory,5,PASS,0
1883,domain_accessibility,4,PASS,0
1884,domain_keyboard,3,PASS,0
1885,domain_localization,4,PASS,0
1886,domain_geometry,15,PASS,0
1887,domain_safety,14,PASS,0
1888,domain_workflows,1,PASS,0
1889,domain_scaling_theme,7,PASS,0
1890,domain_lifecycle,2,PASS,0
1891,domain_navigation,8,PASS,0
1892,domain_dialog_inventory,5,PASS,0
1893,domain_accessibility,1,PASS,0
1894,domain_keyboard,3,PASS,0
1895,domain_localization,4,PASS,0
1896,domain_geometry,6,PASS,0
1897,domain_safety,6,PASS,0
1898,domain_workflows,1,PASS,0
1899,domain_scaling_theme,7,PASS,0
1900,domain_lifecycle,2,PASS,0
1901,domain_navigation,8,PASS,0
1902,domain_dialog_inventory,5,PASS,0
1903,domain_accessibility,2,PASS,0
1904,domain_keyboard,3,PASS,0
1905,domain_localization,4,PASS,0
1906,domain_geometry,89,PASS,0
1907,domain_safety,10,PASS,0
1908,domain_workflows,1,PASS,0
1909,domain_scaling_theme,7,PASS,0
1910,domain_lifecycle,2,PASS,0
1911,domain_navigation,8,PASS,0
1912,domain_dialog_inventory,5,PASS,0
1913,domain_accessibility,9,PASS,0
1914,domain_keyboard,3,PASS,0
1915,domain_localization,4,PASS,0
1916,domain_geometry,32,PASS,0
1917,domain_safety,2,PASS,0
1918,domain_workflows,2,PASS,0
1919,domain_scaling_theme,7,PASS,0
1920,domain_lifecycle,2,PASS,0
1921,domain_navigation,8,PASS,0
1922,domain_dialog_inventory,5,PASS,0
1923,domain_accessibility,7,PASS,0
1924,domain_keyboard,3,PASS,0
1925,domain_localization,4,PASS,0
1926,domain_geometry,18,PASS,0
1927,domain_safety,26,PASS,0
1928,domain_workflows,1,PASS,0
1929,domain_scaling_theme,7,PASS,0
1930,domain_lifecycle,2,PASS,0
1931,domain_navigation,8,PASS,0
1932,domain_dialog_inventory,5,PASS,0
1933,domain_accessibility,2,PASS,0
1934,domain_keyboard,3,PASS,0
1935,domain_localization,4,PASS,0
1936,domain_geometry,6,PASS,0
1937,domain_safety,3,PASS,0
1938,domain_workflows,1,PASS,0
1939,domain_scaling_theme,7,PASS,0
1940,domain_lifecycle,2,PASS,0
1941,domain_navigation,8,PASS,0
1942,domain_dialog_inventory,5,PASS,0
1943,domain_accessibility,2,PASS,0
1944,domain_keyboard,3,PASS,0
1945,domain_localization,4,PASS,0
1946,domain_geometry,9,PASS,0
1947,domain_safety,5,PASS,0
1948,domain_workflows,2,PASS,0
1949,domain_scaling_theme,7,PASS,0
1950,domain_lifecycle,2,PASS,0
1951,domain_navigation,8,PASS,0
1952,domain_dialog_inventory,5,PASS,0
1953,domain_accessibility,1,PASS,0
1954,domain_keyboard,3,PASS,0
1955,domain_localization,4,PASS,0
1956,domain_geometry,19,PASS,0
1957,domain_safety,8,PASS,0
1958,domain_workflows,1,PASS,0
1959,domain_scaling_theme,7,PASS,0
1960,domain_lifecycle,2,PASS,0
1961,domain_navigation,8,PASS,0
1962,domain_dialog_inventory,5,PASS,0
1963,domain_accessibility,1,PASS,0
1964,domain_keyboard,3,PASS,0
1965,domain_localization,4,PASS,0
1966,domain_geometry,34,PASS,0
1967,domain_safety,4,PASS,0
1968,domain_workflows,1,PASS,0
1969,domain_scaling_theme,7,PASS,0
1970,domain_lifecycle,2,PASS,0
1971,domain_navigation,8,PASS,0
1972,domain_dialog_inventory,5,PASS,0
1973,domain_accessibility,3,PASS,0
1974,domain_keyboard,3,PASS,0
1975,domain_localization,4,PASS,0
1976,domain_geometry,13,PASS,0
1977,domain_safety,5,PASS,0
1978,domain_workflows,1,PASS,0
1979,domain_scaling_theme,7,PASS,0
1980,domain_lifecycle,2,PASS,0
1981,domain_navigation,8,PASS,0
1982,domain_dialog_inventory,5,PASS,0
1983,domain_accessibility,6,PASS,0
1984,domain_keyboard,3,PASS,0
1985,domain_localization,4,PASS,0
1986,domain_geometry,8,PASS,0
1987,domain_safety,4,PASS,0
1988,domain_workflows,1,PASS,0
1989,domain_scaling_theme,7,PASS,0
1990,domain_lifecycle,2,PASS,0
1991,domain_navigation,8,PASS,0
1992,domain_dialog_inventory,5,PASS,0
1993,domain_accessibility,7,PASS,0
1994,domain_keyboard,3,PASS,0
1995,domain_localization,4,PASS,0
1996,domain_geometry,32,PASS,0
1997,domain_safety,6,PASS,0
1998,domain_workflows,1,PASS,0
1999,domain_scaling_theme,7,PASS,0
2000,domain_lifecycle,2,PASS,0
2001,domain_navigation,8,PASS,0
2002,domain_dialog_inventory,5,PASS,0
2003,domain_accessibility,4,PASS,0
2004,domain_keyboard,3,PASS,0
2005,domain_localization,4,PASS,0
2006,domain_geometry,9,PASS,0
2007,domain_safety,5,PASS,0
2008,domain_workflows,1,PASS,0
2009,domain_scaling_theme,8,PASS,0
2010,domain_lifecycle,2,PASS,0
2011,domain_navigation,8,PASS,0
2012,domain_dialog_inventory,5,PASS,0
2013,domain_accessibility,4,PASS,0
2014,domain_keyboard,3,PASS,0
2015,domain_localization,4,PASS,0
2016,domain_geometry,7,PASS,0
2017,domain_safety,10,PASS,0
2018,domain_workflows,2,PASS,0
2019,domain_scaling_theme,7,PASS,0
2020,domain_lifecycle,2,PASS,0
2021,domain_navigation,8,PASS,0
2022,domain_dialog_inventory,5,PASS,0
2023,domain_accessibility,1,PASS,0
2024,domain_keyboard,3,PASS,0
2025,domain_localization,4,PASS,0
2026,domain_geometry,7,PASS,0
2027,domain_safety,6,PASS,0
2028,domain_workflows,1,PASS,0
2029,domain_scaling_theme,7,PASS,0
2030,domain_lifecycle,2,PASS,0
2031,domain_navigation,8,PASS,0
2032,domain_dialog_inventory,5,PASS,0
2033,domain_accessibility,7,PASS,0
2034,domain_keyboard,3,PASS,0
2035,domain_localization,4,PASS,0
2036,domain_geometry,5,PASS,0
2037,domain_safety,4,PASS,0
2038,domain_workflows,1,PASS,0
2039,domain_scaling_theme,7,PASS,0
2040,domain_lifecycle,2,PASS,0
2041,domain_navigation,8,PASS,0
2042,domain_dialog_inventory,5,PASS,0
2043,domain_accessibility,11,PASS,0
2044,domain_keyboard,3,PASS,0
2045,domain_localization,4,PASS,0
2046,domain_geometry,16,PASS,0
2047,domain_safety,31,PASS,0
2048,domain_workflows,2,PASS,0
2049,domain_scaling_theme,7,PASS,0
2050,domain_lifecycle,2,PASS,0
2051,domain_navigation,8,PASS,0
2052,domain_dialog_inventory,5,PASS,0
2053,domain_accessibility,6,PASS,0
2054,domain_keyboard,3,PASS,0
2055,domain_localization,4,PASS,0
2056,domain_geometry,9,PASS,0
2057,domain_safety,3,PASS,0
2058,domain_workflows,1,PASS,0
2059,domain_scaling_theme,7,PASS,0
2060,domain_lifecycle,2,PASS,0
2061,domain_navigation,8,PASS,0
2062,domain_dialog_inventory,5,PASS,0
2063,domain_accessibility,5,PASS,0
2064,domain_keyboard,3,PASS,0
2065,domain_localization,4,PASS,0
2066,domain_geometry,18,PASS,0
2067,domain_safety,4,PASS,0
2068,domain_workflows,1,PASS,0
2069,domain_scaling_theme,7,PASS,0
2070,domain_lifecycle,2,PASS,0
2071,domain_navigation,8,PASS,0
2072,domain_dialog_inventory,5,PASS,0
2073,domain_accessibility,4,PASS,0
2074,domain_keyboard,3,PASS,0
2075,domain_localization,4,PASS,0
2076,domain_geometry,5,PASS,0
2077,domain_safety,3,PASS,0
2078,domain_workflows,1,PASS,0
2079,domain_scaling_theme,7,PASS,0
2080,domain_lifecycle,2,PASS,0
2081,domain_navigation,8,PASS,0
2082,domain_dialog_inventory,5,PASS,0
2083,domain_accessibility,0,PASS,0
2084,domain_keyboard,3,PASS,0
2085,domain_localization,4,PASS,0
2086,domain_geometry,7,PASS,0
2087,domain_safety,5,PASS,0
2088,domain_workflows,1,PASS,0
2089,domain_scaling_theme,7,PASS,0
2090,domain_lifecycle,2,PASS,0
2091,domain_navigation,8,PASS,0
2092,domain_dialog_inventory,5,PASS,0
2093,domain_accessibility,1,PASS,0
2094,domain_keyboard,3,PASS,0
2095,domain_localization,4,PASS,0
2096,domain_geometry,2,PASS,0
2097,domain_safety,4,PASS,0
2098,domain_workflows,1,PASS,0
2099,domain_scaling_theme,7,PASS,0
2100,domain_lifecycle,2,PASS,0
2101,domain_navigation,8,PASS,0
2102,domain_dialog_inventory,5,PASS,0
2103,domain_accessibility,1,PASS,0
2104,domain_keyboard,3,PASS,0
2105,domain_localization,4,PASS,0
2106,domain_geometry,63,PASS,0
2107,domain_safety,14,PASS,0
2108,domain_workflows,1,PASS,0
2109,domain_scaling_theme,7,PASS,0
2110,domain_lifecycle,2,PASS,0
2111,domain_navigation,8,PASS,0
2112,domain_dialog_inventory,5,PASS,0
2113,domain_accessibility,1,PASS,0
2114,domain_keyboard,3,PASS,0
2115,domain_localization,4,PASS,0
2116,domain_geometry,5,PASS,0
2117,domain_safety,12,PASS,0
2118,domain_workflows,2,PASS,0
2119,domain_scaling_theme,7,PASS,0
2120,domain_lifecycle,2,PASS,0
2121,domain_navigation,8,PASS,0
2122,domain_dialog_inventory,5,PASS,0
2123,domain_accessibility,0,PASS,0
2124,domain_keyboard,3,PASS,0
2125,domain_localization,4,PASS,0
2126,domain_geometry,9,PASS,0
2127,domain_safety,3,PASS,0
2128,domain_workflows,1,PASS,0
2129,domain_scaling_theme,7,PASS,0
2130,domain_lifecycle,2,PASS,0
2131,domain_navigation,8,PASS,0
2132,domain_dialog_inventory,5,PASS,0
2133,domain_accessibility,1,PASS,0
2134,domain_keyboard,3,PASS,0
2135,domain_localization,4,PASS,0
2136,domain_geometry,26,PASS,0
2137,domain_safety,13,PASS,0
2138,domain_workflows,1,PASS,0
2139,domain_scaling_theme,7,PASS,0
2140,domain_lifecycle,2,PASS,0
2141,domain_navigation,8,PASS,0
2142,domain_dialog_inventory,5,PASS,0
2143,domain_accessibility,4,PASS,0
2144,domain_keyboard,3,PASS,0
2145,domain_localization,4,PASS,0
2146,domain_geometry,32,PASS,0
2147,domain_safety,8,PASS,0
2148,domain_workflows,2,PASS,0
2149,domain_scaling_theme,7,PASS,0
2150,domain_lifecycle,2,PASS,0
2151,domain_navigation,8,PASS,0
2152,domain_dialog_inventory,5,PASS,0
2153,domain_accessibility,0,PASS,0
2154,domain_keyboard,3,PASS,0
2155,domain_localization,4,PASS,0
2156,domain_geometry,55,PASS,0
2157,domain_safety,5,PASS,0
2158,domain_workflows,1,PASS,0
2159,domain_scaling_theme,7,PASS,0
2160,domain_lifecycle,2,PASS,0
2161,domain_navigation,8,PASS,0
2162,domain_dialog_inventory,5,PASS,0
2163,domain_accessibility,3,PASS,0
2164,domain_keyboard,3,PASS,0
2165,domain_localization,4,PASS,0
2166,domain_geometry,18,PASS,0
2167,domain_safety,7,PASS,0
2168,domain_workflows,1,PASS,0
2169,domain_scaling_theme,7,PASS,0
2170,domain_lifecycle,2,PASS,0
2171,domain_navigation,8,PASS,0
2172,domain_dialog_inventory,5,PASS,0
2173,domain_accessibility,2,PASS,0
2174,domain_keyboard,3,PASS,0
2175,domain_localization,4,PASS,0
2176,domain_geometry,9,PASS,0
2177,domain_safety,9,PASS,0
2178,domain_workflows,1,PASS,0
2179,domain_scaling_theme,7,PASS,0
2180,domain_lifecycle,2,PASS,0
2181,domain_navigation,8,PASS,0
2182,domain_dialog_inventory,5,PASS,0
2183,domain_accessibility,9,PASS,0
2184,domain_keyboard,3,PASS,0
2185,domain_localization,4,PASS,0
2186,domain_geometry,33,PASS,0
2187,domain_safety,5,PASS,0
2188,domain_workflows,1,PASS,0
2189,domain_scaling_theme,7,PASS,0
2190,domain_lifecycle,2,PASS,0
2191,domain_navigation,8,PASS,0
2192,domain_dialog_inventory,5,PASS,0
2193,domain_accessibility,4,PASS,0
2194,domain_keyboard,3,PASS,0
2195,domain_localization,4,PASS,0
2196,domain_geometry,15,PASS,0
2197,domain_safety,14,PASS,0
2198,domain_workflows,1,PASS,0
2199,domain_scaling_theme,7,PASS,0
2200,domain_lifecycle,2,PASS,0
2201,domain_navigation,8,PASS,0
2202,domain_dialog_inventory,5,PASS,0
2203,domain_accessibility,1,PASS,0
2204,domain_keyboard,3,PASS,0
2205,domain_localization,4,PASS,0
2206,domain_geometry,6,PASS,0
2207,domain_safety,8,PASS,0
2208,domain_workflows,1,PASS,0
2209,domain_scaling_theme,7,PASS,0
2210,domain_lifecycle,2,PASS,0
2211,domain_navigation,8,PASS,0
2212,domain_dialog_inventory,5,PASS,0
2213,domain_accessibility,2,PASS,0
2214,domain_keyboard,3,PASS,0
2215,domain_localization,4,PASS,0
2216,domain_geometry,89,PASS,0
2217,domain_safety,8,PASS,0
2218,domain_workflows,2,PASS,0
2219,domain_scaling_theme,7,PASS,0
2220,domain_lifecycle,2,PASS,0
2221,domain_navigation,8,PASS,0
2222,domain_dialog_inventory,5,PASS,0
2223,domain_accessibility,9,PASS,0
2224,domain_keyboard,3,PASS,0
2225,domain_localization,4,PASS,0
2226,domain_geometry,32,PASS,0
2227,domain_safety,2,PASS,0
2228,domain_workflows,1,PASS,0
2229,domain_scaling_theme,7,PASS,0
2230,domain_lifecycle,2,PASS,0
2231,domain_navigation,8,PASS,0
2232,domain_dialog_inventory,5,PASS,0
2233,domain_accessibility,7,PASS,0
2234,domain_keyboard,3,PASS,0
2235,domain_localization,4,PASS,0
2236,domain_geometry,18,PASS,0
2237,domain_safety,26,PASS,0
2238,domain_workflows,1,PASS,0
2239,domain_scaling_theme,7,PASS,0
2240,domain_lifecycle,2,PASS,0
2241,domain_navigation,8,PASS,0
2242,domain_dialog_inventory,5,PASS,0
2243,domain_accessibility,2,PASS,0
2244,domain_keyboard,3,PASS,0
2245,domain_localization,4,PASS,0
2246,domain_geometry,6,PASS,0
2247,domain_safety,3,PASS,0
2248,domain_workflows,2,PASS,0
2249,domain_scaling_theme,7,PASS,0
2250,domain_lifecycle,2,PASS,0
2251,domain_navigation,8,PASS,0
2252,domain_dialog_inventory,5,PASS,0
2253,domain_accessibility,2,PASS,0
2254,domain_keyboard,3,PASS,0
2255,domain_localization,4,PASS,0
2256,domain_geometry,9,PASS,0
2257,domain_safety,7,PASS,0
2258,domain_workflows,1,PASS,0
2259,domain_scaling_theme,8,PASS,0
2260,domain_lifecycle,2,PASS,0
2261,domain_navigation,8,PASS,0
2262,domain_dialog_inventory,5,PASS,0
2263,domain_accessibility,1,PASS,0
2264,domain_keyboard,3,PASS,0
2265,domain_localization,4,PASS,0
2266,domain_geometry,19,PASS,0
2267,domain_safety,6,PASS,0
2268,domain_workflows,1,PASS,0
2269,domain_scaling_theme,7,PASS,0
2270,domain_lifecycle,2,PASS,0
2271,domain_navigation,8,PASS,0
2272,domain_dialog_inventory,5,PASS,0
2273,domain_accessibility,1,PASS,0
2274,domain_keyboard,3,PASS,0
2275,domain_localization,4,PASS,0
2276,domain_geometry,34,PASS,0
2277,domain_safety,4,PASS,0
2278,domain_workflows,1,PASS,0
2279,domain_scaling_theme,7,PASS,0
2280,domain_lifecycle,2,PASS,0
2281,domain_navigation,8,PASS,0
2282,domain_dialog_inventory,5,PASS,0
2283,domain_accessibility,3,PASS,0
2284,domain_keyboard,3,PASS,0
2285,domain_localization,4,PASS,0
2286,domain_geometry,13,PASS,0
2287,domain_safety,5,PASS,0
2288,domain_workflows,1,PASS,0
2289,domain_scaling_theme,7,PASS,0
2290,domain_lifecycle,2,PASS,0
2291,domain_navigation,8,PASS,0
2292,domain_dialog_inventory,5,PASS,0
2293,domain_accessibility,6,PASS,0
2294,domain_keyboard,3,PASS,0
2295,domain_localization,4,PASS,0
2296,domain_geometry,8,PASS,0
2297,domain_safety,4,PASS,0
2298,domain_workflows,1,PASS,0
2299,domain_scaling_theme,7,PASS,0
2300,domain_lifecycle,2,PASS,0
2301,domain_navigation,8,PASS,0
2302,domain_dialog_inventory,5,PASS,0
2303,domain_accessibility,7,PASS,0
2304,domain_keyboard,3,PASS,0
2305,domain_localization,4,PASS,0
2306,domain_geometry,32,PASS,0
2307,domain_safety,8,PASS,0
2308,domain_workflows,1,PASS,0
2309,domain_scaling_theme,7,PASS,0
2310,domain_lifecycle,2,PASS,0
2311,domain_navigation,8,PASS,0
2312,domain_dialog_inventory,5,PASS,0
2313,domain_accessibility,4,PASS,0
2314,domain_keyboard,3,PASS,0
2315,domain_localization,4,PASS,0
2316,domain_geometry,9,PASS,0
2317,domain_safety,3,PASS,0
2318,domain_workflows,2,PASS,0
2319,domain_scaling_theme,7,PASS,0
2320,domain_lifecycle,2,PASS,0
2321,domain_navigation,8,PASS,0
2322,domain_dialog_inventory,5,PASS,0
2323,domain_accessibility,4,PASS,0
2324,domain_keyboard,3,PASS,0
2325,domain_localization,4,PASS,0
2326,domain_geometry,7,PASS,0
2327,domain_safety,10,PASS,0
2328,domain_workflows,1,PASS,0
2329,domain_scaling_theme,7,PASS,0
2330,domain_lifecycle,2,PASS,0
2331,domain_navigation,8,PASS,0
2332,domain_dialog_inventory,5,PASS,0
2333,domain_accessibility,1,PASS,0
2334,domain_keyboard,3,PASS,0
2335,domain_localization,4,PASS,0
2336,domain_geometry,7,PASS,0
2337,domain_safety,6,PASS,0
2338,domain_workflows,1,PASS,0
2339,domain_scaling_theme,7,PASS,0
2340,domain_lifecycle,2,PASS,0
2341,domain_navigation,8,PASS,0
2342,domain_dialog_inventory,5,PASS,0
2343,domain_accessibility,7,PASS,0
2344,domain_keyboard,3,PASS,0
2345,domain_localization,4,PASS,0
2346,domain_geometry,5,PASS,0
2347,domain_safety,4,PASS,0
2348,domain_workflows,2,PASS,0
2349,domain_scaling_theme,7,PASS,0
2350,domain_lifecycle,2,PASS,0
2351,domain_navigation,8,PASS,0
2352,domain_dialog_inventory,5,PASS,0
2353,domain_accessibility,11,PASS,0
2354,domain_keyboard,3,PASS,0
2355,domain_localization,4,PASS,0
2356,domain_geometry,16,PASS,0
2357,domain_safety,33,PASS,0
2358,domain_workflows,1,PASS,0
2359,domain_scaling_theme,7,PASS,0
2360,domain_lifecycle,2,PASS,0
2361,domain_navigation,8,PASS,0
2362,domain_dialog_inventory,5,PASS,0
2363,domain_accessibility,6,PASS,0
2364,domain_keyboard,3,PASS,0
2365,domain_localization,4,PASS,0
2366,domain_geometry,9,PASS,0
2367,domain_safety,3,PASS,0
2368,domain_workflows,1,PASS,0
2369,domain_scaling_theme,7,PASS,0
2370,domain_lifecycle,2,PASS,0
2371,domain_navigation,8,PASS,0
2372,domain_dialog_inventory,5,PASS,0
2373,domain_accessibility,5,PASS,0
2374,domain_keyboard,3,PASS,0
2375,domain_localization,4,PASS,0
2376,domain_geometry,18,PASS,0
2377,domain_safety,4,PASS,0
2378,domain_workflows,1,PASS,0
2379,domain_scaling_theme,7,PASS,0
2380,domain_lifecycle,2,PASS,0
2381,domain_navigation,8,PASS,0
2382,domain_dialog_inventory,5,PASS,0
2383,domain_accessibility,4,PASS,0
2384,domain_keyboard,3,PASS,0
2385,domain_localization,4,PASS,0
2386,domain_geometry,5,PASS,0
2387,domain_safety,3,PASS,0
2388,domain_workflows,1,PASS,0
2389,domain_scaling_theme,7,PASS,0
2390,domain_lifecycle,2,PASS,0
2391,domain_navigation,8,PASS,0
2392,domain_dialog_inventory,5,PASS,0
2393,domain_accessibility,0,PASS,0
2394,domain_keyboard,3,PASS,0
2395,domain_localization,4,PASS,0
2396,domain_geometry,7,PASS,0
2397,domain_safety,5,PASS,0
2398,domain_workflows,1,PASS,0
2399,domain_scaling_theme,7,PASS,0
2400,domain_lifecycle,2,PASS,0
2401,domain_navigation,8,PASS,0
2402,domain_dialog_inventory,5,PASS,0
2403,domain_accessibility,1,PASS,0
2404,domain_keyboard,3,PASS,0
2405,domain_localization,4,PASS,0
2406,domain_geometry,2,PASS,0
2407,domain_safety,6,PASS,0
2408,domain_workflows,1,PASS,0
2409,domain_scaling_theme,7,PASS,0
2410,domain_lifecycle,2,PASS,0
2411,domain_navigation,8,PASS,0
2412,domain_dialog_inventory,5,PASS,0
2413,domain_accessibility,1,PASS,0
2414,domain_keyboard,3,PASS,0
2415,domain_localization,4,PASS,0
2416,domain_geometry,63,PASS,0
2417,domain_safety,12,PASS,0
2418,domain_workflows,2,PASS,0
2419,domain_scaling_theme,7,PASS,0
2420,domain_lifecycle,2,PASS,0
2421,domain_navigation,8,PASS,0
2422,domain_dialog_inventory,5,PASS,0
2423,domain_accessibility,1,PASS,0
2424,domain_keyboard,3,PASS,0
2425,domain_localization,4,PASS,0
2426,domain_geometry,5,PASS,0
2427,domain_safety,12,PASS,0
2428,domain_workflows,1,PASS,0
2429,domain_scaling_theme,7,PASS,0
2430,domain_lifecycle,2,PASS,0
2431,domain_navigation,8,PASS,0
2432,domain_dialog_inventory,5,PASS,0
2433,domain_accessibility,0,PASS,0
2434,domain_keyboard,3,PASS,0
2435,domain_localization,4,PASS,0
2436,domain_geometry,9,PASS,0
2437,domain_safety,3,PASS,0
2438,domain_workflows,1,PASS,0
2439,domain_scaling_theme,7,PASS,0
2440,domain_lifecycle,2,PASS,0
2441,domain_navigation,8,PASS,0
2442,domain_dialog_inventory,5,PASS,0
2443,domain_accessibility,1,PASS,0
2444,domain_keyboard,3,PASS,0
2445,domain_localization,4,PASS,0
2446,domain_geometry,26,PASS,0
2447,domain_safety,13,PASS,0
2448,domain_workflows,2,PASS,0
2449,domain_scaling_theme,7,PASS,0
2450,domain_lifecycle,2,PASS,0
2451,domain_navigation,8,PASS,0
2452,domain_dialog_inventory,5,PASS,0
2453,domain_accessibility,4,PASS,0
2454,domain_keyboard,3,PASS,0
2455,domain_localization,4,PASS,0
2456,domain_geometry,32,PASS,0
2457,domain_safety,8,PASS,0
2458,domain_workflows,1,PASS,0
2459,domain_scaling_theme,7,PASS,0
2460,domain_lifecycle,2,PASS,0
2461,domain_navigation,8,PASS,0
2462,domain_dialog_inventory,5,PASS,0
2463,domain_accessibility,0,PASS,0
2464,domain_keyboard,3,PASS,0
2465,domain_localization,4,PASS,0
2466,domain_geometry,55,PASS,0
2467,domain_safety,5,PASS,0
2468,domain_workflows,1,PASS,0
2469,domain_scaling_theme,7,PASS,0
2470,domain_lifecycle,2,PASS,0
2471,domain_navigation,8,PASS,0
2472,domain_dialog_inventory,5,PASS,0
2473,domain_accessibility,3,PASS,0
2474,domain_keyboard,3,PASS,0
2475,domain_localization,4,PASS,0
2476,domain_geometry,18,PASS,0
2477,domain_safety,7,PASS,0
2478,domain_workflows,1,PASS,0
2479,domain_scaling_theme,7,PASS,0
2480,domain_lifecycle,2,PASS,0
2481,domain_navigation,8,PASS,0
2482,domain_dialog_inventory,5,PASS,0
2483,domain_accessibility,2,PASS,0
2484,domain_keyboard,3,PASS,0
2485,domain_localization,4,PASS,0
2486,domain_geometry,9,PASS,0
2487,domain_safety,9,PASS,0
2488,domain_workflows,1,PASS,0
2489,domain_scaling_theme,7,PASS,0
2490,domain_lifecycle,2,PASS,0
2491,domain_navigation,8,PASS,0
2492,domain_dialog_inventory,5,PASS,0
2493,domain_accessibility,9,PASS,0
2494,domain_keyboard,3,PASS,0
2495,domain_localization,4,PASS,0
2496,domain_geometry,33,PASS,0
2497,domain_safety,5,PASS,0
2498,domain_workflows,1,PASS,0
2499,domain_scaling_theme,7,PASS,0
2500,domain_lifecycle,2,PASS,0
2501,domain_navigation,8,PASS,0
2502,domain_dialog_inventory,5,PASS,0
2503,domain_accessibility,4,PASS,0
2504,domain_keyboard,3,PASS,0
2505,domain_localization,4,PASS,0
2506,domain_geometry,15,PASS,0
2507,domain_safety,16,PASS,0
2508,domain_workflows,1,PASS,0
2509,domain_scaling_theme,8,PASS,0
2510,domain_lifecycle,2,PASS,0
2511,domain_navigation,8,PASS,0
2512,domain_dialog_inventory,5,PASS,0
2513,domain_accessibility,1,PASS,0
2514,domain_keyboard,3,PASS,0
2515,domain_localization,4,PASS,0
2516,domain_geometry,6,PASS,0
2517,domain_safety,6,PASS,0
2518,domain_workflows,2,PASS,0
2519,domain_scaling_theme,7,PASS,0
2520,domain_lifecycle,2,PASS,0
2521,domain_navigation,8,PASS,0
2522,domain_dialog_inventory,5,PASS,0
2523,domain_accessibility,2,PASS,0
2524,domain_keyboard,3,PASS,0
2525,domain_localization,4,PASS,0
2526,domain_geometry,89,PASS,0
2527,domain_safety,8,PASS,0
2528,domain_workflows,1,PASS,0
2529,domain_scaling_theme,7,PASS,0
2530,domain_lifecycle,2,PASS,0
2531,domain_navigation,8,PASS,0
2532,domain_dialog_inventory,5,PASS,0
2533,domain_accessibility,9,PASS,0
2534,domain_keyboard,3,PASS,0
2535,domain_localization,4,PASS,0
2536,domain_geometry,32,PASS,0
2537,domain_safety,2,PASS,0
2538,domain_workflows,1,PASS,0
2539,domain_scaling_theme,7,PASS,0
2540,domain_lifecycle,2,PASS,0
2541,domain_navigation,8,PASS,0
2542,domain_dialog_inventory,5,PASS,0
2543,domain_accessibility,7,PASS,0
2544,domain_keyboard,3,PASS,0
2545,domain_localization,4,PASS,0
2546,domain_geometry,18,PASS,0
2547,domain_safety,26,PASS,0
2548,domain_workflows,2,PASS,0
2549,domain_scaling_theme,7,PASS,0
2550,domain_lifecycle,2,PASS,0
2551,domain_navigation,8,PASS,0
2552,domain_dialog_inventory,5,PASS,0
2553,domain_accessibility,2,PASS,0
2554,domain_keyboard,3,PASS,0
2555,domain_localization,4,PASS,0
2556,domain_geometry,6,PASS,0
2557,domain_safety,5,PASS,0
2558,domain_workflows,1,PASS,0
2559,domain_scaling_theme,7,PASS,0
2560,domain_lifecycle,2,PASS,0
2561,domain_navigation,8,PASS,0
2562,domain_dialog_inventory,5,PASS,0
2563,domain_accessibility,2,PASS,0
2564,domain_keyboard,3,PASS,0
2565,domain_localization,4,PASS,0
2566,domain_geometry,9,PASS,0
2567,domain_safety,5,PASS,0
2568,domain_workflows,1,PASS,0
2569,domain_scaling_theme,7,PASS,0
2570,domain_lifecycle,2,PASS,0
2571,domain_navigation,8,PASS,0
2572,domain_dialog_inventory,5,PASS,0
2573,domain_accessibility,1,PASS,0
2574,domain_keyboard,3,PASS,0
2575,domain_localization,4,PASS,0
2576,domain_geometry,19,PASS,0
2577,domain_safety,6,PASS,0
2578,domain_workflows,1,PASS,0
2579,domain_scaling_theme,7,PASS,0
2580,domain_lifecycle,2,PASS,0
2581,domain_navigation,8,PASS,0
2582,domain_dialog_inventory,5,PASS,0
2583,domain_accessibility,1,PASS,0
2584,domain_keyboard,3,PASS,0
2585,domain_localization,4,PASS,0
2586,domain_geometry,34,PASS,0
2587,domain_safety,4,PASS,0
2588,domain_workflows,1,PASS,0
2589,domain_scaling_theme,7,PASS,0
2590,domain_lifecycle,2,PASS,0
2591,domain_navigation,8,PASS,0
2592,domain_dialog_inventory,5,PASS,0
2593,domain_accessibility,3,PASS,0
2594,domain_keyboard,3,PASS,0
2595,domain_localization,4,PASS,0
2596,domain_geometry,13,PASS,0
2597,domain_safety,5,PASS,0
2598,domain_workflows,1,PASS,0
2599,domain_scaling_theme,7,PASS,0
2600,domain_lifecycle,2,PASS,0
2601,domain_navigation,8,PASS,0
2602,domain_dialog_inventory,5,PASS,0
2603,domain_accessibility,6,PASS,0
2604,domain_keyboard,3,PASS,0
2605,domain_localization,4,PASS,0
2606,domain_geometry,8,PASS,0
2607,domain_safety,4,PASS,0
2608,domain_workflows,1,PASS,0
2609,domain_scaling_theme,7,PASS,0
2610,domain_lifecycle,2,PASS,0
2611,domain_navigation,8,PASS,0
2612,domain_dialog_inventory,5,PASS,0
2613,domain_accessibility,37,PASS,0
2614,domain_keyboard,3,PASS,0
2615,domain_localization,4,PASS,0
2616,domain_geometry,32,PASS,0
2617,domain_safety,6,PASS,0
2618,domain_workflows,2,PASS,0
2619,domain_scaling_theme,7,PASS,0
2620,domain_lifecycle,2,PASS,0
2621,domain_navigation,8,PASS,0
2622,domain_dialog_inventory,5,PASS,0
2623,domain_accessibility,4,PASS,0
2624,domain_keyboard,3,PASS,0
2625,domain_localization,4,PASS,0
2626,domain_geometry,9,PASS,0
2627,domain_safety,3,PASS,0
2628,domain_workflows,1,PASS,0
2629,domain_scaling_theme,7,PASS,0
2630,domain_lifecycle,2,PASS,0
2631,domain_navigation,8,PASS,0
2632,domain_dialog_inventory,5,PASS,0
2633,domain_accessibility,4,PASS,0
2634,domain_keyboard,3,PASS,0
2635,domain_localization,4,PASS,0
2636,domain_geometry,7,PASS,0
2637,domain_safety,10,PASS,0
2638,domain_workflows,1,PASS,0
2639,domain_scaling_theme,7,PASS,0
2640,domain_lifecycle,2,PASS,0
2641,domain_navigation,8,PASS,0
2642,domain_dialog_inventory,5,PASS,0
2643,domain_accessibility,1,PASS,0
2644,domain_keyboard,3,PASS,0
2645,domain_localization,4,PASS,0
2646,domain_geometry,7,PASS,0
2647,domain_safety,6,PASS,0
2648,domain_workflows,2,PASS,0
2649,domain_scaling_theme,7,PASS,0
2650,domain_lifecycle,2,PASS,0
2651,domain_navigation,8,PASS,0
2652,domain_dialog_inventory,5,PASS,0
2653,domain_accessibility,7,PASS,0
2654,domain_keyboard,3,PASS,0
2655,domain_localization,4,PASS,0
2656,domain_geometry,5,PASS,0
2657,domain_safety,6,PASS,0
2658,domain_workflows,1,PASS,0
2659,domain_scaling_theme,7,PASS,0
2660,domain_lifecycle,2,PASS,0
2661,domain_navigation,8,PASS,0
2662,domain_dialog_inventory,5,PASS,0
2663,domain_accessibility,11,PASS,0
2664,domain_keyboard,3,PASS,0
2665,domain_localization,4,PASS,0
2666,domain_geometry,16,PASS,0
2667,domain_safety,31,PASS,0
2668,domain_workflows,1,PASS,0
2669,domain_scaling_theme,7,PASS,0
2670,domain_lifecycle,2,PASS,0
2671,domain_navigation,8,PASS,0
2672,domain_dialog_inventory,5,PASS,0
2673,domain_accessibility,6,PASS,0
2674,domain_keyboard,3,PASS,0
2675,domain_localization,4,PASS,0
2676,domain_geometry,9,PASS,0
2677,domain_safety,3,PASS,0
2678,domain_workflows,1,PASS,0
2679,domain_scaling_theme,7,PASS,0
2680,domain_lifecycle,2,PASS,0
2681,domain_navigation,8,PASS,0
2682,domain_dialog_inventory,5,PASS,0
2683,domain_accessibility,5,PASS,0
2684,domain_keyboard,3,PASS,0
2685,domain_localization,4,PASS,0
2686,domain_geometry,18,PASS,0
2687,domain_safety,4,PASS,0
2688,domain_workflows,1,PASS,0
2689,domain_scaling_theme,7,PASS,0
2690,domain_lifecycle,2,PASS,0
2691,domain_navigation,8,PASS,0
2692,domain_dialog_inventory,5,PASS,0
2693,domain_accessibility,4,PASS,0
2694,domain_keyboard,3,PASS,0
2695,domain_localization,4,PASS,0
2696,domain_geometry,5,PASS,0
2697,domain_safety,3,PASS,0
2698,domain_workflows,1,PASS,0
2699,domain_scaling_theme,7,PASS,0
2700,domain_lifecycle,2,PASS,0
2701,domain_navigation,8,PASS,0
2702,domain_dialog_inventory,5,PASS,0
2703,domain_accessibility,0,PASS,0
2704,domain_keyboard,3,PASS,0
2705,domain_localization,4,PASS,0
2706,domain_geometry,7,PASS,0
2707,domain_safety,7,PASS,0
2708,domain_workflows,1,PASS,0
2709,domain_scaling_theme,7,PASS,0
2710,domain_lifecycle,2,PASS,0
2711,domain_navigation,8,PASS,0
2712,domain_dialog_inventory,5,PASS,0
2713,domain_accessibility,1,PASS,0
2714,domain_keyboard,3,PASS,0
2715,domain_localization,4,PASS,0
2716,domain_geometry,2,PASS,0
2717,domain_safety,4,PASS,0
2718,domain_workflows,2,PASS,0
2719,domain_scaling_theme,7,PASS,0
2720,domain_lifecycle,2,PASS,0
2721,domain_navigation,8,PASS,0
2722,domain_dialog_inventory,5,PASS,0
2723,domain_accessibility,1,PASS,0
2724,domain_keyboard,3,PASS,0
2725,domain_localization,4,PASS,0
2726,domain_geometry,63,PASS,0
2727,domain_safety,12,PASS,0
2728,domain_workflows,1,PASS,0
2729,domain_scaling_theme,7,PASS,0
2730,domain_lifecycle,2,PASS,0
2731,domain_navigation,8,PASS,0
2732,domain_dialog_inventory,5,PASS,0
2733,domain_accessibility,1,PASS,0
2734,domain_keyboard,3,PASS,0
2735,domain_localization,4,PASS,0
2736,domain_geometry,5,PASS,0
2737,domain_safety,12,PASS,0
2738,domain_workflows,1,PASS,0
2739,domain_scaling_theme,7,PASS,0
2740,domain_lifecycle,2,PASS,0
2741,domain_navigation,8,PASS,0
2742,domain_dialog_inventory,5,PASS,0
2743,domain_accessibility,0,PASS,0
2744,domain_keyboard,3,PASS,0
2745,domain_localization,4,PASS,0
2746,domain_geometry,9,PASS,0
2747,domain_safety,3,PASS,0
2748,domain_workflows,2,PASS,0
2749,domain_scaling_theme,7,PASS,0
2750,domain_lifecycle,2,PASS,0
2751,domain_navigation,8,PASS,0
2752,domain_dialog_inventory,5,PASS,0
2753,domain_accessibility,1,PASS,0
2754,domain_keyboard,3,PASS,0
2755,domain_localization,4,PASS,0
2756,domain_geometry,26,PASS,0
2757,domain_safety,15,PASS,0
2758,domain_workflows,1,PASS,0
2759,domain_scaling_theme,8,PASS,0
2760,domain_lifecycle,2,PASS,0
2761,domain_navigation,8,PASS,0
2762,domain_dialog_inventory,5,PASS,0
2763,domain_accessibility,4,PASS,0
2764,domain_keyboard,3,PASS,0
2765,domain_localization,4,PASS,0
2766,domain_geometry,32,PASS,0
2767,domain_safety,8,PASS,0
2768,domain_workflows,1,PASS,0
2769,domain_scaling_theme,7,PASS,0
2770,domain_lifecycle,2,PASS,0
2771,domain_navigation,8,PASS,0
2772,domain_dialog_inventory,5,PASS,0
2773,domain_accessibility,0,PASS,0
2774,domain_keyboard,3,PASS,0
2775,domain_localization,4,PASS,0
2776,domain_geometry,55,PASS,0
2777,domain_safety,5,PASS,0
2778,domain_workflows,1,PASS,0
2779,domain_scaling_theme,7,PASS,0
2780,domain_lifecycle,2,PASS,0
2781,domain_navigation,8,PASS,0
2782,domain_dialog_inventory,5,PASS,0
2783,domain_accessibility,3,PASS,0
2784,domain_keyboard,3,PASS,0
2785,domain_localization,4,PASS,0
2786,domain_geometry,18,PASS,0
2787,domain_safety,7,PASS,0
2788,domain_workflows,1,PASS,0
2789,domain_scaling_theme,7,PASS,0
2790,domain_lifecycle,2,PASS,0
2791,domain_navigation,8,PASS,0
2792,domain_dialog_inventory,5,PASS,0
2793,domain_accessibility,2,PASS,0
2794,domain_keyboard,3,PASS,0
2795,domain_localization,4,PASS,0
2796,domain_geometry,9,PASS,0
2797,domain_safety,9,PASS,0
2798,domain_workflows,1,PASS,0
2799,domain_scaling_theme,7,PASS,0
2800,domain_lifecycle,2,PASS,0
2801,domain_navigation,8,PASS,0
2802,domain_dialog_inventory,5,PASS,0
2803,domain_accessibility,9,PASS,0
2804,domain_keyboard,3,PASS,0
2805,domain_localization,4,PASS,0
2806,domain_geometry,33,PASS,0
2807,domain_safety,7,PASS,0
2808,domain_workflows,1,PASS,0
2809,domain_scaling_theme,7,PASS,0
2810,domain_lifecycle,2,PASS,0
2811,domain_navigation,8,PASS,0
2812,domain_dialog_inventory,5,PASS,0
2813,domain_accessibility,4,PASS,0
2814,domain_keyboard,3,PASS,0
2815,domain_localization,4,PASS,0
2816,domain_geometry,15,PASS,0
2817,domain_safety,14,PASS,0
2818,domain_workflows,2,PASS,0
2819,domain_scaling_theme,7,PASS,0
2820,domain_lifecycle,2,PASS,0
2821,domain_navigation,8,PASS,0
2822,domain_dialog_inventory,5,PASS,0
2823,domain_accessibility,1,PASS,0
2824,domain_keyboard,3,PASS,0
2825,domain_localization,4,PASS,0
2826,domain_geometry,6,PASS,0
2827,domain_safety,6,PASS,0
2828,domain_workflows,1,PASS,0
2829,domain_scaling_theme,7,PASS,0
2830,domain_lifecycle,2,PASS,0
2831,domain_navigation,8,PASS,0
2832,domain_dialog_inventory,5,PASS,0
2833,domain_accessibility,2,PASS,0
2834,domain_keyboard,3,PASS,0
2835,domain_localization,4,PASS,0
2836,domain_geometry,89,PASS,0
2837,domain_safety,8,PASS,0
2838,domain_workflows,1,PASS,0
2839,domain_scaling_theme,7,PASS,0
2840,domain_lifecycle,2,PASS,0
2841,domain_navigation,8,PASS,0
2842,domain_dialog_inventory,5,PASS,0
2843,domain_accessibility,9,PASS,0
2844,domain_keyboard,3,PASS,0
2845,domain_localization,4,PASS,0
2846,domain_geometry,32,PASS,0
2847,domain_safety,2,PASS,0
2848,domain_workflows,2,PASS,0
2849,domain_scaling_theme,7,PASS,0
2850,domain_lifecycle,2,PASS,0
2851,domain_navigation,8,PASS,0
2852,domain_dialog_inventory,5,PASS,0
2853,domain_accessibility,7,PASS,0
2854,domain_keyboard,3,PASS,0
2855,domain_localization,4,PASS,0
2856,domain_geometry,18,PASS,0
2857,domain_safety,26,PASS,0
2858,domain_workflows,1,PASS,0
2859,domain_scaling_theme,7,PASS,0
2860,domain_lifecycle,2,PASS,0
2861,domain_navigation,8,PASS,0
2862,domain_dialog_inventory,5,PASS,0
2863,domain_accessibility,2,PASS,0
2864,domain_keyboard,3,PASS,0
2865,domain_localization,4,PASS,0
2866,domain_geometry,6,PASS,0
2867,domain_safety,3,PASS,0
2868,domain_workflows,1,PASS,0
2869,domain_scaling_theme,7,PASS,0
2870,domain_lifecycle,2,PASS,0
2871,domain_navigation,8,PASS,0
2872,domain_dialog_inventory,5,PASS,0
2873,domain_accessibility,2,PASS,0
2874,domain_keyboard,3,PASS,0
2875,domain_localization,4,PASS,0
2876,domain_geometry,9,PASS,0
2877,domain_safety,5,PASS,0
2878,domain_workflows,1,PASS,0
2879,domain_scaling_theme,7,PASS,0
2880,domain_lifecycle,2,PASS,0
2881,domain_navigation,8,PASS,0
2882,domain_dialog_inventory,5,PASS,0
2883,domain_accessibility,1,PASS,0
2884,domain_keyboard,3,PASS,0
2885,domain_localization,4,PASS,0
2886,domain_geometry,19,PASS,0
2887,domain_safety,6,PASS,0
2888,domain_workflows,1,PASS,0
2889,domain_scaling_theme,7,PASS,0
2890,domain_lifecycle,2,PASS,0
2891,domain_navigation,8,PASS,0
2892,domain_dialog_inventory,5,PASS,0
2893,domain_accessibility,1,PASS,0
2894,domain_keyboard,3,PASS,0
2895,domain_localization,4,PASS,0
2896,domain_geometry,34,PASS,0
2897,domain_safety,4,PASS,0
2898,domain_workflows,1,PASS,0
2899,domain_scaling_theme,7,PASS,0
2900,domain_lifecycle,2,PASS,0
2901,domain_navigation,8,PASS,0
2902,domain_dialog_inventory,5,PASS,0
2903,domain_accessibility,3,PASS,0
2904,domain_keyboard,3,PASS,0
2905,domain_localization,4,PASS,0
2906,domain_geometry,13,PASS,0
2907,domain_safety,7,PASS,0
2908,domain_workflows,1,PASS,0
2909,domain_scaling_theme,7,PASS,0
2910,domain_lifecycle,2,PASS,0
2911,domain_navigation,8,PASS,0
2912,domain_dialog_inventory,5,PASS,0
2913,domain_accessibility,6,PASS,0
2914,domain_keyboard,3,PASS,0
2915,domain_localization,4,PASS,0
2916,domain_geometry,8,PASS,0
2917,domain_safety,4,PASS,0
2918,domain_workflows,2,PASS,0
2919,domain_scaling_theme,7,PASS,0
2920,domain_lifecycle,2,PASS,0
2921,domain_navigation,8,PASS,0
2922,domain_dialog_inventory,5,PASS,0
2923,domain_accessibility,37,PASS,0
2924,domain_keyboard,3,PASS,0
2925,domain_localization,4,PASS,0
2926,domain_geometry,32,PASS,0
2927,domain_safety,6,PASS,0
2928,domain_workflows,1,PASS,0
2929,domain_scaling_theme,7,PASS,0
2930,domain_lifecycle,2,PASS,0
2931,domain_navigation,8,PASS,0
2932,domain_dialog_inventory,5,PASS,0
2933,domain_accessibility,4,PASS,0
2934,domain_keyboard,3,PASS,0
2935,domain_localization,4,PASS,0
2936,domain_geometry,9,PASS,0
2937,domain_safety,3,PASS,0
2938,domain_workflows,1,PASS,0
2939,domain_scaling_theme,7,PASS,0
2940,domain_lifecycle,2,PASS,0
2941,domain_navigation,8,PASS,0
2942,domain_dialog_inventory,5,PASS,0
2943,domain_accessibility,4,PASS,0
2944,domain_keyboard,3,PASS,0
2945,domain_localization,4,PASS,0
2946,domain_geometry,7,PASS,0
2947,domain_safety,10,PASS,0
2948,domain_workflows,2,PASS,0
2949,domain_scaling_theme,7,PASS,0
2950,domain_lifecycle,2,PASS,0
2951,domain_navigation,8,PASS,0
2952,domain_dialog_inventory,5,PASS,0
2953,domain_accessibility,1,PASS,0
2954,domain_keyboard,3,PASS,0
2955,domain_localization,4,PASS,0
2956,domain_geometry,7,PASS,0
2957,domain_safety,6,PASS,0
2958,domain_workflows,1,PASS,0
2959,domain_scaling_theme,7,PASS,0
2960,domain_lifecycle,2,PASS,0
2961,domain_navigation,8,PASS,0
2962,domain_dialog_inventory,5,PASS,0
2963,domain_accessibility,7,PASS,0
2964,domain_keyboard,3,PASS,0
2965,domain_localization,4,PASS,0
2966,domain_geometry,5,PASS,0
2967,domain_safety,4,PASS,0
2968,domain_workflows,1,PASS,0
2969,domain_scaling_theme,7,PASS,0
2970,domain_lifecycle,2,PASS,0
2971,domain_navigation,8,PASS,0
2972,domain_dialog_inventory,5,PASS,0
2973,domain_accessibility,11,PASS,0
2974,domain_keyboard,3,PASS,0
2975,domain_localization,4,PASS,0
2976,domain_geometry,16,PASS,0
2977,domain_safety,31,PASS,0
2978,domain_workflows,1,PASS,0
2979,domain_scaling_theme,7,PASS,0
2980,domain_lifecycle,2,PASS,0
2981,domain_navigation,8,PASS,0
2982,domain_dialog_inventory,5,PASS,0
2983,domain_accessibility,6,PASS,0
2984,domain_keyboard,3,PASS,0
2985,domain_localization,4,PASS,0
2986,domain_geometry,9,PASS,0
2987,domain_safety,3,PASS,0
2988,domain_workflows,1,PASS,0
2989,domain_scaling_theme,7,PASS,0
2990,domain_lifecycle,2,PASS,0
2991,domain_navigation,8,PASS,0
2992,domain_dialog_inventory,5,PASS,0
2993,domain_accessibility,5,PASS,0
2994,domain_keyboard,3,PASS,0
2995,domain_localization,4,PASS,0
2996,domain_geometry,18,PASS,0
2997,domain_safety,4,PASS,0
2998,domain_workflows,1,PASS,0
2999,domain_scaling_theme,7,PASS,0
3000,domain_lifecycle,2,PASS,0
3001,domain_navigation,8,PASS,0
3002,domain_dialog_inventory,5,PASS,0
3003,domain_accessibility,4,PASS,0
3004,domain_keyboard,3,PASS,0
3005,domain_localization,4,PASS,0
3006,domain_geometry,5,PASS,0
3007,domain_safety,3,PASS,0
3008,domain_workflows,1,PASS,0
3009,domain_scaling_theme,8,PASS,0
3010,domain_lifecycle,2,PASS,0
3011,domain_navigation,8,PASS,0
3012,domain_dialog_inventory,5,PASS,0
3013,domain_accessibility,0,PASS,0
3014,domain_keyboard,3,PASS,0
3015,domain_localization,4,PASS,0
3016,domain_geometry,7,PASS,0
3017,domain_safety,5,PASS,0
3018,domain_workflows,2,PASS,0
3019,domain_scaling_theme,7,PASS,0
3020,domain_lifecycle,2,PASS,0
3021,domain_navigation,8,PASS,0
3022,domain_dialog_inventory,5,PASS,0
3023,domain_accessibility,1,PASS,0
3024,domain_keyboard,3,PASS,0
3025,domain_localization,4,PASS,0
3026,domain_geometry,2,PASS,0
3027,domain_safety,4,PASS,0
3028,domain_workflows,1,PASS,0
3029,domain_scaling_theme,7,PASS,0
3030,domain_lifecycle,2,PASS,0
3031,domain_navigation,8,PASS,0
3032,domain_dialog_inventory,5,PASS,0
3033,domain_accessibility,1,PASS,0
3034,domain_keyboard,3,PASS,0
3035,domain_localization,4,PASS,0
3036,domain_geometry,63,PASS,0
3037,domain_safety,12,PASS,0
3038,domain_workflows,1,PASS,0
3039,domain_scaling_theme,7,PASS,0
3040,domain_lifecycle,2,PASS,0
3041,domain_navigation,8,PASS,0
3042,domain_dialog_inventory,5,PASS,0
3043,domain_accessibility,1,PASS,0
3044,domain_keyboard,3,PASS,0
3045,domain_localization,4,PASS,0
3046,domain_geometry,5,PASS,0
3047,domain_safety,12,PASS,0
3048,domain_workflows,2,PASS,0
3049,domain_scaling_theme,7,PASS,0
3050,domain_lifecycle,2,PASS,0
3051,domain_navigation,8,PASS,0
3052,domain_dialog_inventory,5,PASS,0
3053,domain_accessibility,0,PASS,0
3054,domain_keyboard,3,PASS,0
3055,domain_localization,4,PASS,0
3056,domain_geometry,9,PASS,0
3057,domain_safety,5,PASS,0
3058,domain_workflows,1,PASS,0
3059,domain_scaling_theme,7,PASS,0
3060,domain_lifecycle,2,PASS,0
3061,domain_navigation,8,PASS,0
3062,domain_dialog_inventory,5,PASS,0
3063,domain_accessibility,1,PASS,0
3064,domain_keyboard,3,PASS,0
3065,domain_localization,4,PASS,0
3066,domain_geometry,26,PASS,0
3067,domain_safety,13,PASS,0
3068,domain_workflows,1,PASS,0
3069,domain_scaling_theme,7,PASS,0
3070,domain_lifecycle,2,PASS,0
3071,domain_navigation,8,PASS,0
3072,domain_dialog_inventory,5,PASS,0
3073,domain_accessibility,4,PASS,0
3074,domain_keyboard,3,PASS,0
3075,domain_localization,4,PASS,0
3076,domain_geometry,32,PASS,0
3077,domain_safety,8,PASS,0
3078,domain_workflows,1,PASS,0
3079,domain_scaling_theme,7,PASS,0
3080,domain_lifecycle,2,PASS,0
3081,domain_navigation,8,PASS,0
3082,domain_dialog_inventory,5,PASS,0
3083,domain_accessibility,0,PASS,0
3084,domain_keyboard,3,PASS,0
3085,domain_localization,4,PASS,0
3086,domain_geometry,55,PASS,0
3087,domain_safety,5,PASS,0
3088,domain_workflows,1,PASS,0
3089,domain_scaling_theme,7,PASS,0
3090,domain_lifecycle,2,PASS,0
3091,domain_navigation,8,PASS,0
3092,domain_dialog_inventory,5,PASS,0
3093,domain_accessibility,3,PASS,0
3094,domain_keyboard,3,PASS,0
3095,domain_localization,4,PASS,0
3096,domain_geometry,18,PASS,0
3097,domain_safety,7,PASS,0
3098,domain_workflows,1,PASS,0
3099,domain_scaling_theme,7,PASS,0
3100,domain_lifecycle,2,PASS,0
3101,domain_navigation,8,PASS,0
3102,domain_dialog_inventory,5,PASS,0
3103,domain_accessibility,2,PASS,0
3104,domain_keyboard,3,PASS,0
3105,domain_localization,4,PASS,0
3106,domain_geometry,9,PASS,0
3107,domain_safety,11,PASS,0
3108,domain_workflows,1,PASS,0
3109,domain_scaling_theme,7,PASS,0
3110,domain_lifecycle,2,PASS,0
3111,domain_navigation,8,PASS,0
3112,domain_dialog_inventory,5,PASS,0
3113,domain_accessibility,9,PASS,0
3114,domain_keyboard,3,PASS,0
3115,domain_localization,4,PASS,0
3116,domain_geometry,33,PASS,0
3117,domain_safety,5,PASS,0
3118,domain_workflows,2,PASS,0
3119,domain_scaling_theme,7,PASS,0
3120,domain_lifecycle,2,PASS,0
3121,domain_navigation,8,PASS,0
3122,domain_dialog_inventory,5,PASS,0
3123,domain_accessibility,4,PASS,0
3124,domain_keyboard,3,PASS,0
3125,domain_localization,4,PASS,0
3126,domain_geometry,15,PASS,0
3127,domain_safety,14,PASS,0
3128,domain_workflows,1,PASS,0
3129,domain_scaling_theme,7,PASS,0
3130,domain_lifecycle,2,PASS,0
3131,domain_navigation,8,PASS,0
3132,domain_dialog_inventory,5,PASS,0
3133,domain_accessibility,1,PASS,0
3134,domain_keyboard,3,PASS,0
3135,domain_localization,4,PASS,0
3136,domain_geometry,6,PASS,0
3137,domain_safety,6,PASS,0
3138,domain_workflows,1,PASS,0
3139,domain_scaling_theme,7,PASS,0
3140,domain_lifecycle,2,PASS,0
3141,domain_navigation,8,PASS,0
3142,domain_dialog_inventory,5,PASS,0
3143,domain_accessibility,2,PASS,0
3144,domain_keyboard,3,PASS,0
3145,domain_localization,4,PASS,0
3146,domain_geometry,89,PASS,0
3147,domain_safety,8,PASS,0
3148,domain_workflows,2,PASS,0
3149,domain_scaling_theme,7,PASS,0
3150,domain_lifecycle,2,PASS,0
3151,domain_navigation,8,PASS,0
3152,domain_dialog_inventory,5,PASS,0
3153,domain_accessibility,9,PASS,0
3154,domain_keyboard,3,PASS,0
3155,domain_localization,4,PASS,0
3156,domain_geometry,32,PASS,0
3157,domain_safety,4,PASS,0
3158,domain_workflows,1,PASS,0
3159,domain_scaling_theme,7,PASS,0
3160,domain_lifecycle,2,PASS,0
3161,domain_navigation,8,PASS,0
3162,domain_dialog_inventory,5,PASS,0
3163,domain_accessibility,7,PASS,0
3164,domain_keyboard,3,PASS,0
3165,domain_localization,4,PASS,0
3166,domain_geometry,18,PASS,0
3167,domain_safety,26,PASS,0
3168,domain_workflows,1,PASS,0
3169,domain_scaling_theme,7,PASS,0
3170,domain_lifecycle,2,PASS,0
3171,domain_navigation,8,PASS,0
3172,domain_dialog_inventory,5,PASS,0
3173,domain_accessibility,2,PASS,0
3174,domain_keyboard,3,PASS,0
3175,domain_localization,4,PASS,0
3176,domain_geometry,6,PASS,0
3177,domain_safety,3,PASS,0
3178,domain_workflows,1,PASS,0
3179,domain_scaling_theme,7,PASS,0
3180,domain_lifecycle,2,PASS,0
3181,domain_navigation,8,PASS,0
3182,domain_dialog_inventory,5,PASS,0
3183,domain_accessibility,2,PASS,0
3184,domain_keyboard,3,PASS,0
3185,domain_localization,4,PASS,0
3186,domain_geometry,9,PASS,0
3187,domain_safety,5,PASS,0
3188,domain_workflows,1,PASS,0
3189,domain_scaling_theme,7,PASS,0
3190,domain_lifecycle,2,PASS,0
3191,domain_navigation,8,PASS,0
3192,domain_dialog_inventory,5,PASS,0
3193,domain_accessibility,1,PASS,0
3194,domain_keyboard,3,PASS,0
3195,domain_localization,4,PASS,0
3196,domain_geometry,19,PASS,0
3197,domain_safety,6,PASS,0
3198,domain_workflows,1,PASS,0
3199,domain_scaling_theme,7,PASS,0
3200,domain_lifecycle,2,PASS,0
3201,domain_navigation,8,PASS,0
3202,domain_dialog_inventory,5,PASS,0
3203,domain_accessibility,1,PASS,0
3204,domain_keyboard,3,PASS,0
3205,domain_localization,4,PASS,0
3206,domain_geometry,34,PASS,0
3207,domain_safety,6,PASS,0
3208,domain_workflows,1,PASS,0
3209,domain_scaling_theme,7,PASS,0
3210,domain_lifecycle,2,PASS,0
3211,domain_navigation,8,PASS,0
3212,domain_dialog_inventory,5,PASS,0
3213,domain_accessibility,3,PASS,0
3214,domain_keyboard,3,PASS,0
3215,domain_localization,4,PASS,0
3216,domain_geometry,13,PASS,0
3217,domain_safety,5,PASS,0
3218,domain_workflows,2,PASS,0
3219,domain_scaling_theme,7,PASS,0
3220,domain_lifecycle,2,PASS,0
3221,domain_navigation,8,PASS,0
3222,domain_dialog_inventory,5,PASS,0
3223,domain_accessibility,6,PASS,0
3224,domain_keyboard,3,PASS,0
3225,domain_localization,4,PASS,0
3226,domain_geometry,8,PASS,0
3227,domain_safety,4,PASS,0
3228,domain_workflows,1,PASS,0
3229,domain_scaling_theme,7,PASS,0
3230,domain_lifecycle,2,PASS,0
3231,domain_navigation,8,PASS,0
3232,domain_dialog_inventory,5,PASS,0
3233,domain_accessibility,7,PASS,0
3234,domain_keyboard,3,PASS,0
3235,domain_localization,4,PASS,0
3236,domain_geometry,32,PASS,0
3237,domain_safety,6,PASS,0
3238,domain_workflows,1,PASS,0
3239,domain_scaling_theme,7,PASS,0
3240,domain_lifecycle,2,PASS,0
3241,domain_navigation,8,PASS,0
3242,domain_dialog_inventory,5,PASS,0
3243,domain_accessibility,4,PASS,0
3244,domain_keyboard,3,PASS,0
3245,domain_localization,4,PASS,0
3246,domain_geometry,9,PASS,0
3247,domain_safety,3,PASS,0
3248,domain_workflows,2,PASS,0
3249,domain_scaling_theme,7,PASS,0
3250,domain_lifecycle,2,PASS,0
3251,domain_navigation,8,PASS,0
3252,domain_dialog_inventory,5,PASS,0
3253,domain_accessibility,4,PASS,0
3254,domain_keyboard,3,PASS,0
3255,domain_localization,4,PASS,0
3256,domain_geometry,7,PASS,0
3257,domain_safety,12,PASS,0
3258,domain_workflows,1,PASS,0
3259,domain_scaling_theme,8,PASS,0
3260,domain_lifecycle,2,PASS,0
3261,domain_navigation,8,PASS,0
3262,domain_dialog_inventory,5,PASS,0
3263,domain_accessibility,1,PASS,0
3264,domain_keyboard,3,PASS,0
3265,domain_localization,4,PASS,0
3266,domain_geometry,7,PASS,0
3267,domain_safety,6,PASS,0
3268,domain_workflows,1,PASS,0
3269,domain_scaling_theme,7,PASS,0
3270,domain_lifecycle,2,PASS,0
3271,domain_navigation,8,PASS,0
3272,domain_dialog_inventory,5,PASS,0
3273,domain_accessibility,7,PASS,0
3274,domain_keyboard,3,PASS,0
3275,domain_localization,4,PASS,0
3276,domain_geometry,5,PASS,0
3277,domain_safety,4,PASS,0
3278,domain_workflows,1,PASS,0
3279,domain_scaling_theme,7,PASS,0
3280,domain_lifecycle,2,PASS,0
3281,domain_navigation,8,PASS,0
3282,domain_dialog_inventory,5,PASS,0
3283,domain_accessibility,11,PASS,0
3284,domain_keyboard,3,PASS,0
3285,domain_localization,4,PASS,0
3286,domain_geometry,16,PASS,0
3287,domain_safety,31,PASS,0
3288,domain_workflows,1,PASS,0
3289,domain_scaling_theme,7,PASS,0
3290,domain_lifecycle,2,PASS,0
3291,domain_navigation,8,PASS,0
3292,domain_dialog_inventory,5,PASS,0
3293,domain_accessibility,6,PASS,0
3294,domain_keyboard,3,PASS,0
3295,domain_localization,4,PASS,0
3296,domain_geometry,9,PASS,0
3297,domain_safety,3,PASS,0
3298,domain_workflows,1,PASS,0
3299,domain_scaling_theme,7,PASS,0
3300,domain_lifecycle,2,PASS,0
3301,domain_navigation,8,PASS,0
3302,domain_dialog_inventory,5,PASS,0
3303,domain_accessibility,5,PASS,0
3304,domain_keyboard,3,PASS,0
3305,domain_localization,4,PASS,0
3306,domain_geometry,18,PASS,0
3307,domain_safety,6,PASS,0
3308,domain_workflows,1,PASS,0
3309,domain_scaling_theme,7,PASS,0
3310,domain_lifecycle,2,PASS,0
3311,domain_navigation,8,PASS,0
3312,domain_dialog_inventory,5,PASS,0
3313,domain_accessibility,4,PASS,0
3314,domain_keyboard,3,PASS,0
3315,domain_localization,4,PASS,0
3316,domain_geometry,5,PASS,0
3317,domain_safety,3,PASS,0
3318,domain_workflows,2,PASS,0
3319,domain_scaling_theme,7,PASS,0
3320,domain_lifecycle,2,PASS,0
3321,domain_navigation,8,PASS,0
3322,domain_dialog_inventory,5,PASS,0
3323,domain_accessibility,0,PASS,0
3324,domain_keyboard,3,PASS,0
3325,domain_localization,4,PASS,0
3326,domain_geometry,7,PASS,0
3327,domain_safety,5,PASS,0
3328,domain_workflows,1,PASS,0
3329,domain_scaling_theme,7,PASS,0
3330,domain_lifecycle,2,PASS,0
3331,domain_navigation,8,PASS,0
3332,domain_dialog_inventory,5,PASS,0
3333,domain_accessibility,1,PASS,0
3334,domain_keyboard,3,PASS,0
3335,domain_localization,4,PASS,0
3336,domain_geometry,2,PASS,0
3337,domain_safety,4,PASS,0
3338,domain_workflows,1,PASS,0
3339,domain_scaling_theme,7,PASS,0
3340,domain_lifecycle,2,PASS,0
3341,domain_navigation,8,PASS,0
3342,domain_dialog_inventory,5,PASS,0
3343,domain_accessibility,1,PASS,0
3344,domain_keyboard,3,PASS,0
3345,domain_localization,4,PASS,0
3346,domain_geometry,63,PASS,0
3347,domain_safety,12,PASS,0
3348,domain_workflows,2,PASS,0
3349,domain_scaling_theme,7,PASS,0
3350,domain_lifecycle,2,PASS,0
3351,domain_navigation,8,PASS,0
3352,domain_dialog_inventory,5,PASS,0
3353,domain_accessibility,1,PASS,0
3354,domain_keyboard,3,PASS,0
3355,domain_localization,4,PASS,0
3356,domain_geometry,5,PASS,0
3357,domain_safety,12,PASS,0
3358,domain_workflows,1,PASS,0
3359,domain_scaling_theme,7,PASS,0
3360,domain_lifecycle,2,PASS,0
3361,domain_navigation,8,PASS,0
3362,domain_dialog_inventory,5,PASS,0
3363,domain_accessibility,0,PASS,0
3364,domain_keyboard,3,PASS,0
3365,domain_localization,4,PASS,0
3366,domain_geometry,9,PASS,0
3367,domain_safety,3,PASS,0
3368,domain_workflows,1,PASS,0
3369,domain_scaling_theme,7,PASS,0
3370,domain_lifecycle,2,PASS,0
3371,domain_navigation,8,PASS,0
3372,domain_dialog_inventory,5,PASS,0
3373,domain_accessibility,1,PASS,0
3374,domain_keyboard,3,PASS,0
3375,domain_localization,4,PASS,0
3376,domain_geometry,26,PASS,0
3377,domain_safety,13,PASS,0
3378,domain_workflows,1,PASS,0
3379,domain_scaling_theme,7,PASS,0
3380,domain_lifecycle,2,PASS,0
3381,domain_navigation,8,PASS,0
3382,domain_dialog_inventory,5,PASS,0
3383,domain_accessibility,4,PASS,0
3384,domain_keyboard,3,PASS,0
3385,domain_localization,4,PASS,0
3386,domain_geometry,32,PASS,0
3387,domain_safety,8,PASS,0
3388,domain_workflows,1,PASS,0
3389,domain_scaling_theme,7,PASS,0
3390,domain_lifecycle,2,PASS,0
3391,domain_navigation,8,PASS,0
3392,domain_dialog_inventory,5,PASS,0
3393,domain_accessibility,0,PASS,0
3394,domain_keyboard,3,PASS,0
3395,domain_localization,4,PASS,0
3396,domain_geometry,55,PASS,0
3397,domain_safety,5,PASS,0
3398,domain_workflows,1,PASS,0
3399,domain_scaling_theme,7,PASS,0
3400,domain_lifecycle,2,PASS,0
3401,domain_navigation,8,PASS,0
3402,domain_dialog_inventory,5,PASS,0
3403,domain_accessibility,3,PASS,0
3404,domain_keyboard,3,PASS,0
3405,domain_localization,4,PASS,0
3406,domain_geometry,18,PASS,0
3407,domain_safety,7,PASS,0
3408,domain_workflows,1,PASS,0
3409,domain_scaling_theme,7,PASS,0
3410,domain_lifecycle,2,PASS,0
3411,domain_navigation,8,PASS,0
3412,domain_dialog_inventory,5,PASS,0
3413,domain_accessibility,2,PASS,0
3414,domain_keyboard,3,PASS,0
3415,domain_localization,4,PASS,0
3416,domain_geometry,9,PASS,0
3417,domain_safety,9,PASS,0
3418,domain_workflows,2,PASS,0
3419,domain_scaling_theme,7,PASS,0
3420,domain_lifecycle,2,PASS,0
3421,domain_navigation,8,PASS,0
3422,domain_dialog_inventory,5,PASS,0
3423,domain_accessibility,9,PASS,0
3424,domain_keyboard,3,PASS,0
3425,domain_localization,4,PASS,0
3426,domain_geometry,33,PASS,0
3427,domain_safety,5,PASS,0
3428,domain_workflows,1,PASS,0
3429,domain_scaling_theme,7,PASS,0
3430,domain_lifecycle,2,PASS,0
3431,domain_navigation,8,PASS,0
3432,domain_dialog_inventory,5,PASS,0
3433,domain_accessibility,4,PASS,0
3434,domain_keyboard,3,PASS,0
3435,domain_localization,4,PASS,0
3436,domain_geometry,15,PASS,0
3437,domain_safety,14,PASS,0
3438,domain_workflows,1,PASS,0
3439,domain_scaling_theme,7,PASS,0
3440,domain_lifecycle,2,PASS,0
3441,domain_navigation,8,PASS,0
3442,domain_dialog_inventory,5,PASS,0
3443,domain_accessibility,1,PASS,0
3444,domain_keyboard,3,PASS,0
3445,domain_localization,4,PASS,0
3446,domain_geometry,6,PASS,0
3447,domain_safety,6,PASS,0
3448,domain_workflows,2,PASS,0
3449,domain_scaling_theme,7,PASS,0
3450,domain_lifecycle,2,PASS,0
3451,domain_navigation,8,PASS,0
3452,domain_dialog_inventory,5,PASS,0
3453,domain_accessibility,2,PASS,0
3454,domain_keyboard,3,PASS,0
3455,domain_localization,4,PASS,0
3456,domain_geometry,89,PASS,0
3457,domain_safety,10,PASS,0
3458,domain_workflows,1,PASS,0
3459,domain_scaling_theme,7,PASS,0
3460,domain_lifecycle,2,PASS,0
3461,domain_navigation,8,PASS,0
3462,domain_dialog_inventory,5,PASS,0
3463,domain_accessibility,9,PASS,0
3464,domain_keyboard,3,PASS,0
3465,domain_localization,4,PASS,0
3466,domain_geometry,32,PASS,0
3467,domain_safety,2,PASS,0
3468,domain_workflows,1,PASS,0
3469,domain_scaling_theme,7,PASS,0
3470,domain_lifecycle,2,PASS,0
3471,domain_navigation,8,PASS,0
3472,domain_dialog_inventory,5,PASS,0
3473,domain_accessibility,7,PASS,0
3474,domain_keyboard,3,PASS,0
3475,domain_localization,4,PASS,0
3476,domain_geometry,18,PASS,0
3477,domain_safety,26,PASS,0
3478,domain_workflows,1,PASS,0
3479,domain_scaling_theme,7,PASS,0
3480,domain_lifecycle,2,PASS,0
3481,domain_navigation,8,PASS,0
3482,domain_dialog_inventory,5,PASS,0
3483,domain_accessibility,2,PASS,0
3484,domain_keyboard,3,PASS,0
3485,domain_localization,4,PASS,0
3486,domain_geometry,6,PASS,0
3487,domain_safety,3,PASS,0
3488,domain_workflows,1,PASS,0
3489,domain_scaling_theme,7,PASS,0
3490,domain_lifecycle,2,PASS,0
3491,domain_navigation,8,PASS,0
3492,domain_dialog_inventory,5,PASS,0
3493,domain_accessibility,2,PASS,0
3494,domain_keyboard,3,PASS,0
3495,domain_localization,4,PASS,0
3496,domain_geometry,9,PASS,0
3497,domain_safety,5,PASS,0
3498,domain_workflows,1,PASS,0
3499,domain_scaling_theme,7,PASS,0
3500,domain_lifecycle,2,PASS,0
3501,domain_navigation,8,PASS,0
3502,domain_dialog_inventory,5,PASS,0
3503,domain_accessibility,1,PASS,0
3504,domain_keyboard,3,PASS,0
3505,domain_localization,4,PASS,0
3506,domain_geometry,19,PASS,0
3507,domain_safety,8,PASS,0
3508,domain_workflows,1,PASS,0
3509,domain_scaling_theme,8,PASS,0
3510,domain_lifecycle,2,PASS,0
3511,domain_navigation,8,PASS,0
3512,domain_dialog_inventory,5,PASS,0
3513,domain_accessibility,1,PASS,0
3514,domain_keyboard,3,PASS,0
3515,domain_localization,4,PASS,0
3516,domain_geometry,34,PASS,0
3517,domain_safety,4,PASS,0
3518,domain_workflows,2,PASS,0
3519,domain_scaling_theme,7,PASS,0
3520,domain_lifecycle,2,PASS,0
3521,domain_navigation,8,PASS,0
3522,domain_dialog_inventory,5,PASS,0
3523,domain_accessibility,3,PASS,0
3524,domain_keyboard,3,PASS,0
3525,domain_localization,4,PASS,0
3526,domain_geometry,13,PASS,0
3527,domain_safety,5,PASS,0
3528,domain_workflows,1,PASS,0
3529,domain_scaling_theme,7,PASS,0
3530,domain_lifecycle,2,PASS,0
3531,domain_navigation,8,PASS,0
3532,domain_dialog_inventory,5,PASS,0
3533,domain_accessibility,6,PASS,0
3534,domain_keyboard,3,PASS,0
3535,domain_localization,4,PASS,0
3536,domain_geometry,8,PASS,0
3537,domain_safety,4,PASS,0
3538,domain_workflows,1,PASS,0
3539,domain_scaling_theme,7,PASS,0
3540,domain_lifecycle,2,PASS,0
3541,domain_navigation,8,PASS,0
3542,domain_dialog_inventory,5,PASS,0
3543,domain_accessibility,7,PASS,0
3544,domain_keyboard,3,PASS,0
3545,domain_localization,4,PASS,0
3546,domain_geometry,32,PASS,0
3547,domain_safety,6,PASS,0
3548,domain_workflows,2,PASS,0
3549,domain_scaling_theme,7,PASS,0
3550,domain_lifecycle,2,PASS,0
3551,domain_navigation,8,PASS,0
3552,domain_dialog_inventory,5,PASS,0
3553,domain_accessibility,4,PASS,0
3554,domain_keyboard,3,PASS,0
3555,domain_localization,4,PASS,0
3556,domain_geometry,9,PASS,0
3557,domain_safety,5,PASS,0
3558,domain_workflows,1,PASS,0
3559,domain_scaling_theme,7,PASS,0
3560,domain_lifecycle,2,PASS,0
3561,domain_navigation,8,PASS,0
3562,domain_dialog_inventory,5,PASS,0
3563,domain_accessibility,4,PASS,0
3564,domain_keyboard,3,PASS,0
3565,domain_localization,4,PASS,0
3566,domain_geometry,7,PASS,0
3567,domain_safety,10,PASS,0
3568,domain_workflows,1,PASS,0
3569,domain_scaling_theme,7,PASS,0
3570,domain_lifecycle,2,PASS,0
3571,domain_navigation,8,PASS,0
3572,domain_dialog_inventory,5,PASS,0
3573,domain_accessibility,1,PASS,0
3574,domain_keyboard,3,PASS,0
3575,domain_localization,4,PASS,0
3576,domain_geometry,7,PASS,0
3577,domain_safety,6,PASS,0
3578,domain_workflows,1,PASS,0
3579,domain_scaling_theme,7,PASS,0
3580,domain_lifecycle,2,PASS,0
3581,domain_navigation,8,PASS,0
3582,domain_dialog_inventory,5,PASS,0
3583,domain_accessibility,7,PASS,0
3584,domain_keyboard,3,PASS,0
3585,domain_localization,4,PASS,0
3586,domain_geometry,5,PASS,0
3587,domain_safety,4,PASS,0
3588,domain_workflows,1,PASS,0
3589,domain_scaling_theme,7,PASS,0
3590,domain_lifecycle,2,PASS,0
3591,domain_navigation,8,PASS,0
3592,domain_dialog_inventory,5,PASS,0
3593,domain_accessibility,11,PASS,0
3594,domain_keyboard,3,PASS,0
3595,domain_localization,4,PASS,0
3596,domain_geometry,16,PASS,0
3597,domain_safety,31,PASS,0
3598,domain_workflows,1,PASS,0
3599,domain_scaling_theme,7,PASS,0
3600,domain_lifecycle,2,PASS,0
3601,domain_navigation,8,PASS,0
3602,domain_dialog_inventory,5,PASS,0
3603,domain_accessibility,6,PASS,0
3604,domain_keyboard,3,PASS,0
3605,domain_localization,4,PASS,0
3606,domain_geometry,9,PASS,0
3607,domain_safety,3,PASS,0
3608,domain_workflows,1,PASS,0
3609,domain_scaling_theme,7,PASS,0
3610,domain_lifecycle,2,PASS,0
3611,domain_navigation,8,PASS,0
3612,domain_dialog_inventory,5,PASS,0
3613,domain_accessibility,5,PASS,0
3614,domain_keyboard,3,PASS,0
3615,domain_localization,4,PASS,0
3616,domain_geometry,18,PASS,0
3617,domain_safety,4,PASS,0
3618,domain_workflows,2,PASS,0
3619,domain_scaling_theme,7,PASS,0
3620,domain_lifecycle,2,PASS,0
3621,domain_navigation,8,PASS,0
3622,domain_dialog_inventory,5,PASS,0
3623,domain_accessibility,4,PASS,0
3624,domain_keyboard,3,PASS,0
3625,domain_localization,4,PASS,0
3626,domain_geometry,5,PASS,0
3627,domain_safety,3,PASS,0
3628,domain_workflows,1,PASS,0
3629,domain_scaling_theme,7,PASS,0
3630,domain_lifecycle,2,PASS,0
3631,domain_navigation,8,PASS,0
3632,domain_dialog_inventory,5,PASS,0
3633,domain_accessibility,0,PASS,0
3634,domain_keyboard,3,PASS,0
3635,domain_localization,4,PASS,0
3636,domain_geometry,7,PASS,0
3637,domain_safety,5,PASS,0
3638,domain_workflows,1,PASS,0
3639,domain_scaling_theme,7,PASS,0
3640,domain_lifecycle,2,PASS,0
3641,domain_navigation,8,PASS,0
3642,domain_dialog_inventory,5,PASS,0
3643,domain_accessibility,1,PASS,0
3644,domain_keyboard,3,PASS,0
3645,domain_localization,4,PASS,0
3646,domain_geometry,2,PASS,0
3647,domain_safety,4,PASS,0
3648,domain_workflows,2,PASS,0
3649,domain_scaling_theme,7,PASS,0
3650,domain_lifecycle,2,PASS,0
3651,domain_navigation,8,PASS,0
3652,domain_dialog_inventory,5,PASS,0
3653,domain_accessibility,1,PASS,0
3654,domain_keyboard,3,PASS,0
3655,domain_localization,4,PASS,0
3656,domain_geometry,63,PASS,0
3657,domain_safety,14,PASS,0
3658,domain_workflows,1,PASS,0
3659,domain_scaling_theme,7,PASS,0
3660,domain_lifecycle,2,PASS,0
3661,domain_navigation,8,PASS,0
3662,domain_dialog_inventory,5,PASS,0
3663,domain_accessibility,1,PASS,0
3664,domain_keyboard,3,PASS,0
3665,domain_localization,4,PASS,0
3666,domain_geometry,5,PASS,0
3667,domain_safety,12,PASS,0
3668,domain_workflows,1,PASS,0
3669,domain_scaling_theme,7,PASS,0
3670,domain_lifecycle,2,PASS,0
3671,domain_navigation,8,PASS,0
3672,domain_dialog_inventory,5,PASS,0
3673,domain_accessibility,0,PASS,0
3674,domain_keyboard,3,PASS,0
3675,domain_localization,4,PASS,0
3676,domain_geometry,9,PASS,0
3677,domain_safety,3,PASS,0
3678,domain_workflows,1,PASS,0
3679,domain_scaling_theme,7,PASS,0
3680,domain_lifecycle,2,PASS,0
3681,domain_navigation,8,PASS,0
3682,domain_dialog_inventory,5,PASS,0
3683,domain_accessibility,1,PASS,0
3684,domain_keyboard,3,PASS,0
3685,domain_localization,4,PASS,0
3686,domain_geometry,26,PASS,0
3687,domain_safety,13,PASS,0
3688,domain_workflows,1,PASS,0
3689,domain_scaling_theme,7,PASS,0
3690,domain_lifecycle,2,PASS,0
3691,domain_navigation,8,PASS,0
3692,domain_dialog_inventory,5,PASS,0
3693,domain_accessibility,4,PASS,0
3694,domain_keyboard,3,PASS,0
3695,domain_localization,4,PASS,0
3696,domain_geometry,32,PASS,0
3697,domain_safety,8,PASS,0
3698,domain_workflows,1,PASS,0
3699,domain_scaling_theme,7,PASS,0
3700,domain_lifecycle,2,PASS,0
3701,domain_navigation,8,PASS,0
3702,domain_dialog_inventory,5,PASS,0
3703,domain_accessibility,0,PASS,0
3704,domain_keyboard,3,PASS,0
3705,domain_localization,4,PASS,0
3706,domain_geometry,55,PASS,0
3707,domain_safety,5,PASS,0
3708,domain_workflows,1,PASS,0
3709,domain_scaling_theme,7,PASS,0
3710,domain_lifecycle,2,PASS,0
3711,domain_navigation,8,PASS,0
3712,domain_dialog_inventory,5,PASS,0
3713,domain_accessibility,3,PASS,0
3714,domain_keyboard,3,PASS,0
3715,domain_localization,4,PASS,0
3716,domain_geometry,18,PASS,0
3717,domain_safety,7,PASS,0
3718,domain_workflows,2,PASS,0
3719,domain_scaling_theme,7,PASS,0
3720,domain_lifecycle,2,PASS,0
3721,domain_navigation,8,PASS,0
3722,domain_dialog_inventory,5,PASS,0
3723,domain_accessibility,2,PASS,0
3724,domain_keyboard,3,PASS,0
3725,domain_localization,4,PASS,0
3726,domain_geometry,9,PASS,0
3727,domain_safety,9,PASS,0
3728,domain_workflows,1,PASS,0
3729,domain_scaling_theme,7,PASS,0
3730,domain_lifecycle,2,PASS,0
3731,domain_navigation,8,PASS,0
3732,domain_dialog_inventory,5,PASS,0
3733,domain_accessibility,9,PASS,0
3734,domain_keyboard,3,PASS,0
3735,domain_localization,4,PASS,0
3736,domain_geometry,33,PASS,0
3737,domain_safety,5,PASS,0
3738,domain_workflows,1,PASS,0
3739,domain_scaling_theme,7,PASS,0
3740,domain_lifecycle,2,PASS,0
3741,domain_navigation,8,PASS,0
3742,domain_dialog_inventory,5,PASS,0
3743,domain_accessibility,4,PASS,0
3744,domain_keyboard,3,PASS,0
3745,domain_localization,4,PASS,0
3746,domain_geometry,15,PASS,0
3747,domain_safety,14,PASS,0
3748,domain_workflows,2,PASS,0
3749,domain_scaling_theme,7,PASS,0
3750,domain_lifecycle,2,PASS,0
3751,domain_navigation,8,PASS,0
3752,domain_dialog_inventory,5,PASS,0
3753,domain_accessibility,1,PASS,0
3754,domain_keyboard,3,PASS,0
3755,domain_localization,4,PASS,0
3756,domain_geometry,6,PASS,0
3757,domain_safety,8,PASS,0
3758,domain_workflows,1,PASS,0
3759,domain_scaling_theme,8,PASS,0
3760,domain_lifecycle,2,PASS,0
3761,domain_navigation,8,PASS,0
3762,domain_dialog_inventory,5,PASS,0
3763,domain_accessibility,2,PASS,0
3764,domain_keyboard,3,PASS,0
3765,domain_localization,4,PASS,0
3766,domain_geometry,89,PASS,0
3767,domain_safety,8,PASS,0
3768,domain_workflows,1,PASS,0
3769,domain_scaling_theme,7,PASS,0
3770,domain_lifecycle,2,PASS,0
3771,domain_navigation,8,PASS,0
3772,domain_dialog_inventory,5,PASS,0
3773,domain_accessibility,9,PASS,0
3774,domain_keyboard,3,PASS,0
3775,domain_localization,4,PASS,0
3776,domain_geometry,32,PASS,0
3777,domain_safety,2,PASS,0
3778,domain_workflows,1,PASS,0
3779,domain_scaling_theme,7,PASS,0
3780,domain_lifecycle,2,PASS,0
3781,domain_navigation,8,PASS,0
3782,domain_dialog_inventory,5,PASS,0
3783,domain_accessibility,7,PASS,0
3784,domain_keyboard,3,PASS,0
3785,domain_localization,4,PASS,0
3786,domain_geometry,18,PASS,0
3787,domain_safety,26,PASS,0
3788,domain_workflows,1,PASS,0
3789,domain_scaling_theme,7,PASS,0
3790,domain_lifecycle,2,PASS,0
3791,domain_navigation,8,PASS,0
3792,domain_dialog_inventory,5,PASS,0
3793,domain_accessibility,2,PASS,0
3794,domain_keyboard,3,PASS,0
3795,domain_localization,4,PASS,0
3796,domain_geometry,6,PASS,0
3797,domain_safety,3,PASS,0
3798,domain_workflows,1,PASS,0
3799,domain_scaling_theme,7,PASS,0
3800,domain_lifecycle,2,PASS,0
3801,domain_navigation,8,PASS,0
3802,domain_dialog_inventory,5,PASS,0
3803,domain_accessibility,2,PASS,0
3804,domain_keyboard,3,PASS,0
3805,domain_localization,4,PASS,0
3806,domain_geometry,9,PASS,0
3807,domain_safety,7,PASS,0
3808,domain_workflows,1,PASS,0
3809,domain_scaling_theme,7,PASS,0
3810,domain_lifecycle,2,PASS,0
3811,domain_navigation,8,PASS,0
3812,domain_dialog_inventory,5,PASS,0
3813,domain_accessibility,1,PASS,0
3814,domain_keyboard,3,PASS,0
3815,domain_localization,4,PASS,0
3816,domain_geometry,19,PASS,0
3817,domain_safety,6,PASS,0
3818,domain_workflows,2,PASS,0
3819,domain_scaling_theme,7,PASS,0
3820,domain_lifecycle,2,PASS,0
3821,domain_navigation,8,PASS,0
3822,domain_dialog_inventory,5,PASS,0
3823,domain_accessibility,1,PASS,0
3824,domain_keyboard,3,PASS,0
3825,domain_localization,4,PASS,0
3826,domain_geometry,34,PASS,0
3827,domain_safety,4,PASS,0
3828,domain_workflows,1,PASS,0
3829,domain_scaling_theme,7,PASS,0
3830,domain_lifecycle,2,PASS,0
3831,domain_navigation,8,PASS,0
3832,domain_dialog_inventory,5,PASS,0
3833,domain_accessibility,3,PASS,0
3834,domain_keyboard,3,PASS,0
3835,domain_localization,4,PASS,0
3836,domain_geometry,13,PASS,0
3837,domain_safety,5,PASS,0
3838,domain_workflows,1,PASS,0
3839,domain_scaling_theme,7,PASS,0
3840,domain_lifecycle,2,PASS,0
3841,domain_navigation,8,PASS,0
3842,domain_dialog_inventory,5,PASS,0
3843,domain_accessibility,6,PASS,0
3844,domain_keyboard,3,PASS,0
3845,domain_localization,4,PASS,0
3846,domain_geometry,8,PASS,0
3847,domain_safety,4,PASS,0
3848,domain_workflows,2,PASS,0
3849,domain_scaling_theme,7,PASS,0
3850,domain_lifecycle,2,PASS,0
3851,domain_navigation,8,PASS,0
3852,domain_dialog_inventory,5,PASS,0
3853,domain_accessibility,7,PASS,0
3854,domain_keyboard,3,PASS,0
3855,domain_localization,4,PASS,0
3856,domain_geometry,32,PASS,0
3857,domain_safety,8,PASS,0
3858,domain_workflows,1,PASS,0
3859,domain_scaling_theme,7,PASS,0
3860,domain_lifecycle,2,PASS,0
3861,domain_navigation,8,PASS,0
3862,domain_dialog_inventory,5,PASS,0
3863,domain_accessibility,4,PASS,0
3864,domain_keyboard,3,PASS,0
3865,domain_localization,4,PASS,0
3866,domain_geometry,9,PASS,0
3867,domain_safety,3,PASS,0
3868,domain_workflows,1,PASS,0
3869,domain_scaling_theme,7,PASS,0
3870,domain_lifecycle,2,PASS,0
3871,domain_navigation,8,PASS,0
3872,domain_dialog_inventory,5,PASS,0
3873,domain_accessibility,4,PASS,0
3874,domain_keyboard,3,PASS,0
3875,domain_localization,4,PASS,0
3876,domain_geometry,7,PASS,0
3877,domain_safety,10,PASS,0
3878,domain_workflows,1,PASS,0
3879,domain_scaling_theme,7,PASS,0
3880,domain_lifecycle,2,PASS,0
3881,domain_navigation,8,PASS,0
3882,domain_dialog_inventory,5,PASS,0
3883,domain_accessibility,1,PASS,0
3884,domain_keyboard,3,PASS,0
3885,domain_localization,4,PASS,0
3886,domain_geometry,7,PASS,0
3887,domain_safety,6,PASS,0
3888,domain_workflows,1,PASS,0
3889,domain_scaling_theme,7,PASS,0
3890,domain_lifecycle,2,PASS,0
3891,domain_navigation,8,PASS,0
3892,domain_dialog_inventory,5,PASS,0
3893,domain_accessibility,7,PASS,0
3894,domain_keyboard,3,PASS,0
3895,domain_localization,4,PASS,0
3896,domain_geometry,5,PASS,0
3897,domain_safety,4,PASS,0
3898,domain_workflows,1,PASS,0
3899,domain_scaling_theme,7,PASS,0
3900,domain_lifecycle,2,PASS,0
3901,domain_navigation,8,PASS,0
3902,domain_dialog_inventory,5,PASS,0
3903,domain_accessibility,11,PASS,0
3904,domain_keyboard,3,PASS,0
3905,domain_localization,4,PASS,0
3906,domain_geometry,16,PASS,0
3907,domain_safety,33,PASS,0
3908,domain_workflows,1,PASS,0
3909,domain_scaling_theme,7,PASS,0
3910,domain_lifecycle,2,PASS,0
3911,domain_navigation,8,PASS,0
3912,domain_dialog_inventory,5,PASS,0
3913,domain_accessibility,6,PASS,0
3914,domain_keyboard,3,PASS,0
3915,domain_localization,4,PASS,0
3916,domain_geometry,9,PASS,0
3917,domain_safety,3,PASS,0
3918,domain_workflows,2,PASS,0
3919,domain_scaling_theme,7,PASS,0
3920,domain_lifecycle,2,PASS,0
3921,domain_navigation,8,PASS,0
3922,domain_dialog_inventory,5,PASS,0
3923,domain_accessibility,5,PASS,0
3924,domain_keyboard,3,PASS,0
3925,domain_localization,4,PASS,0
3926,domain_geometry,18,PASS,0
3927,domain_safety,4,PASS,0
3928,domain_workflows,1,PASS,0
3929,domain_scaling_theme,7,PASS,0
3930,domain_lifecycle,2,PASS,0
3931,domain_navigation,8,PASS,0
3932,domain_dialog_inventory,5,PASS,0
3933,domain_accessibility,4,PASS,0
3934,domain_keyboard,3,PASS,0
3935,domain_localization,4,PASS,0
3936,domain_geometry,5,PASS,0
3937,domain_safety,3,PASS,0
3938,domain_workflows,1,PASS,0
3939,domain_scaling_theme,7,PASS,0
3940,domain_lifecycle,2,PASS,0
3941,domain_navigation,8,PASS,0
3942,domain_dialog_inventory,5,PASS,0
3943,domain_accessibility,0,PASS,0
3944,domain_keyboard,3,PASS,0
3945,domain_localization,4,PASS,0
3946,domain_geometry,7,PASS,0
3947,domain_safety,5,PASS,0
3948,domain_workflows,2,PASS,0
3949,domain_scaling_theme,7,PASS,0
3950,domain_lifecycle,2,PASS,0
3951,domain_navigation,8,PASS,0
3952,domain_dialog_inventory,5,PASS,0
3953,domain_accessibility,1,PASS,0
3954,domain_keyboard,3,PASS,0
3955,domain_localization,4,PASS,0
3956,domain_geometry,2,PASS,0
3957,domain_safety,6,PASS,0
3958,domain_workflows,1,PASS,0
3959,domain_scaling_theme,7,PASS,0
3960,domain_lifecycle,2,PASS,0
3961,domain_navigation,8,PASS,0
3962,domain_dialog_inventory,5,PASS,0
3963,domain_accessibility,1,PASS,0
3964,domain_keyboard,3,PASS,0
3965,domain_localization,4,PASS,0
3966,domain_geometry,63,PASS,0
3967,domain_safety,12,PASS,0
3968,domain_workflows,1,PASS,0
3969,domain_scaling_theme,7,PASS,0
3970,domain_lifecycle,2,PASS,0
3971,domain_navigation,8,PASS,0
3972,domain_dialog_inventory,5,PASS,0
3973,domain_accessibility,1,PASS,0
3974,domain_keyboard,3,PASS,0
3975,domain_localization,4,PASS,0
3976,domain_geometry,5,PASS,0
3977,domain_safety,12,PASS,0
3978,domain_workflows,1,PASS,0
3979,domain_scaling_theme,7,PASS,0
3980,domain_lifecycle,2,PASS,0
3981,domain_navigation,8,PASS,0
3982,domain_dialog_inventory,5,PASS,0
3983,domain_accessibility,0,PASS,0
3984,domain_keyboard,3,PASS,0
3985,domain_localization,4,PASS,0
3986,domain_geometry,9,PASS,0
3987,domain_safety,3,PASS,0
3988,domain_workflows,1,PASS,0
3989,domain_scaling_theme,7,PASS,0
3990,domain_lifecycle,2,PASS,0
3991,domain_navigation,8,PASS,0
3992,domain_dialog_inventory,5,PASS,0
3993,domain_accessibility,1,PASS,0
3994,domain_keyboard,3,PASS,0
3995,domain_localization,4,PASS,0
3996,domain_geometry,26,PASS,0
3997,domain_safety,13,PASS,0
3998,domain_workflows,1,PASS,0
3999,domain_scaling_theme,7,PASS,0
4000,domain_lifecycle,2,PASS,0
4001,domain_navigation,8,PASS,0
4002,domain_dialog_inventory,5,PASS,0
4003,domain_accessibility,4,PASS,0
4004,domain_keyboard,3,PASS,0
4005,domain_localization,4,PASS,0
4006,domain_geometry,32,PASS,0
4007,domain_safety,8,PASS,0
4008,domain_workflows,1,PASS,0
4009,domain_scaling_theme,8,PASS,0
4010,domain_lifecycle,2,PASS,0
4011,domain_navigation,8,PASS,0
4012,domain_dialog_inventory,5,PASS,0
4013,domain_accessibility,0,PASS,0
4014,domain_keyboard,3,PASS,0
4015,domain_localization,4,PASS,0
4016,domain_geometry,55,PASS,0
4017,domain_safety,5,PASS,0
4018,domain_workflows,2,PASS,0
4019,domain_scaling_theme,7,PASS,0
4020,domain_lifecycle,2,PASS,0
4021,domain_navigation,8,PASS,0
4022,domain_dialog_inventory,5,PASS,0
4023,domain_accessibility,3,PASS,0
4024,domain_keyboard,3,PASS,0
4025,domain_localization,4,PASS,0
4026,domain_geometry,18,PASS,0
4027,domain_safety,7,PASS,0
4028,domain_workflows,1,PASS,0
4029,domain_scaling_theme,7,PASS,0
4030,domain_lifecycle,2,PASS,0
4031,domain_navigation,8,PASS,0
4032,domain_dialog_inventory,5,PASS,0
4033,domain_accessibility,2,PASS,0
4034,domain_keyboard,3,PASS,0
4035,domain_localization,4,PASS,0
4036,domain_geometry,9,PASS,0
4037,domain_safety,9,PASS,0
4038,domain_workflows,1,PASS,0
4039,domain_scaling_theme,7,PASS,0
4040,domain_lifecycle,2,PASS,0
4041,domain_navigation,8,PASS,0
4042,domain_dialog_inventory,5,PASS,0
4043,domain_accessibility,9,PASS,0
4044,domain_keyboard,3,PASS,0
4045,domain_localization,4,PASS,0
4046,domain_geometry,33,PASS,0
4047,domain_safety,5,PASS,0
4048,domain_workflows,2,PASS,0
4049,domain_scaling_theme,7,PASS,0
4050,domain_lifecycle,2,PASS,0
4051,domain_navigation,8,PASS,0
4052,domain_dialog_inventory,5,PASS,0
4053,domain_accessibility,4,PASS,0
4054,domain_keyboard,3,PASS,0
4055,domain_localization,4,PASS,0
4056,domain_geometry,15,PASS,0
4057,domain_safety,16,PASS,0
4058,domain_workflows,1,PASS,0
4059,domain_scaling_theme,7,PASS,0
4060,domain_lifecycle,2,PASS,0
4061,domain_navigation,8,PASS,0
4062,domain_dialog_inventory,5,PASS,0
4063,domain_accessibility,1,PASS,0
4064,domain_keyboard,3,PASS,0
4065,domain_localization,4,PASS,0
4066,domain_geometry,6,PASS,0
4067,domain_safety,6,PASS,0
4068,domain_workflows,1,PASS,0
4069,domain_scaling_theme,7,PASS,0
4070,domain_lifecycle,2,PASS,0
4071,domain_navigation,8,PASS,0
4072,domain_dialog_inventory,5,PASS,0
4073,domain_accessibility,2,PASS,0
4074,domain_keyboard,3,PASS,0
4075,domain_localization,4,PASS,0
4076,domain_geometry,89,PASS,0
4077,domain_safety,8,PASS,0
4078,domain_workflows,1,PASS,0
4079,domain_scaling_theme,7,PASS,0
4080,domain_lifecycle,2,PASS,0
4081,domain_navigation,8,PASS,0
4082,domain_dialog_inventory,5,PASS,0
4083,domain_accessibility,9,PASS,0
4084,domain_keyboard,3,PASS,0
4085,domain_localization,4,PASS,0
4086,domain_geometry,32,PASS,0
4087,domain_safety,2,PASS,0
4088,domain_workflows,1,PASS,0
4089,domain_scaling_theme,7,PASS,0
4090,domain_lifecycle,2,PASS,0
4091,domain_navigation,8,PASS,0
4092,domain_dialog_inventory,5,PASS,0
4093,domain_accessibility,7,PASS,0
4094,domain_keyboard,3,PASS,0
4095,domain_localization,4,PASS,0
4096,domain_geometry,18,PASS,0
4097,domain_safety,26,PASS,0
4098,domain_workflows,1,PASS,0
4099,domain_scaling_theme,7,PASS,0
4100,domain_lifecycle,2,PASS,0
4101,domain_navigation,8,PASS,0
4102,domain_dialog_inventory,5,PASS,0
4103,domain_accessibility,2,PASS,0
4104,domain_keyboard,3,PASS,0
4105,domain_localization,4,PASS,0
4106,domain_geometry,6,PASS,0
4107,domain_safety,5,PASS,0
4108,domain_workflows,1,PASS,0
4109,domain_scaling_theme,7,PASS,0
4110,domain_lifecycle,2,PASS,0
4111,domain_navigation,8,PASS,0
4112,domain_dialog_inventory,5,PASS,0
4113,domain_accessibility,2,PASS,0
4114,domain_keyboard,3,PASS,0
4115,domain_localization,4,PASS,0
4116,domain_geometry,9,PASS,0
4117,domain_safety,5,PASS,0
4118,domain_workflows,2,PASS,0
4119,domain_scaling_theme,7,PASS,0
4120,domain_lifecycle,2,PASS,0
4121,domain_navigation,8,PASS,0
4122,domain_dialog_inventory,5,PASS,0
4123,domain_accessibility,1,PASS,0
4124,domain_keyboard,3,PASS,0
4125,domain_localization,4,PASS,0
4126,domain_geometry,19,PASS,0
4127,domain_safety,6,PASS,0
4128,domain_workflows,1,PASS,0
4129,domain_scaling_theme,7,PASS,0
4130,domain_lifecycle,2,PASS,0
4131,domain_navigation,8,PASS,0
4132,domain_dialog_inventory,5,PASS,0
4133,domain_accessibility,1,PASS,0
4134,domain_keyboard,3,PASS,0
4135,domain_localization,4,PASS,0
4136,domain_geometry,34,PASS,0
4137,domain_safety,4,PASS,0
4138,domain_workflows,1,PASS,0
4139,domain_scaling_theme,7,PASS,0
4140,domain_lifecycle,2,PASS,0
4141,domain_navigation,8,PASS,0
4142,domain_dialog_inventory,5,PASS,0
4143,domain_accessibility,3,PASS,0
4144,domain_keyboard,3,PASS,0
4145,domain_localization,4,PASS,0
4146,domain_geometry,13,PASS,0
4147,domain_safety,5,PASS,0
4148,domain_workflows,2,PASS,0
4149,domain_scaling_theme,7,PASS,0
4150,domain_lifecycle,2,PASS,0
4151,domain_navigation,8,PASS,0
4152,domain_dialog_inventory,5,PASS,0
4153,domain_accessibility,6,PASS,0
4154,domain_keyboard,3,PASS,0
4155,domain_localization,4,PASS,0
4156,domain_geometry,8,PASS,0
4157,domain_safety,4,PASS,0
4158,domain_workflows,1,PASS,0
4159,domain_scaling_theme,7,PASS,0
4160,domain_lifecycle,2,PASS,0
4161,domain_navigation,8,PASS,0
4162,domain_dialog_inventory,5,PASS,0
4163,domain_accessibility,7,PASS,0
4164,domain_keyboard,3,PASS,0
4165,domain_localization,4,PASS,0
4166,domain_geometry,32,PASS,0
4167,domain_safety,6,PASS,0
4168,domain_workflows,1,PASS,0
4169,domain_scaling_theme,7,PASS,0
4170,domain_lifecycle,2,PASS,0
4171,domain_navigation,8,PASS,0
4172,domain_dialog_inventory,5,PASS,0
4173,domain_accessibility,4,PASS,0
4174,domain_keyboard,3,PASS,0
4175,domain_localization,4,PASS,0
4176,domain_geometry,9,PASS,0
4177,domain_safety,3,PASS,0
4178,domain_workflows,1,PASS,0
4179,domain_scaling_theme,7,PASS,0
4180,domain_lifecycle,2,PASS,0
4181,domain_navigation,8,PASS,0
4182,domain_dialog_inventory,5,PASS,0
4183,domain_accessibility,4,PASS,0
4184,domain_keyboard,3,PASS,0
4185,domain_localization,4,PASS,0
4186,domain_geometry,7,PASS,0
4187,domain_safety,10,PASS,0
4188,domain_workflows,1,PASS,0
4189,domain_scaling_theme,7,PASS,0
4190,domain_lifecycle,2,PASS,0
4191,domain_navigation,8,PASS,0
4192,domain_dialog_inventory,5,PASS,0
4193,domain_accessibility,1,PASS,0
4194,domain_keyboard,3,PASS,0
4195,domain_localization,4,PASS,0
4196,domain_geometry,7,PASS,0
4197,domain_safety,6,PASS,0
4198,domain_workflows,1,PASS,0
4199,domain_scaling_theme,7,PASS,0
4200,domain_lifecycle,2,PASS,0
4201,domain_navigation,8,PASS,0
4202,domain_dialog_inventory,5,PASS,0
4203,domain_accessibility,7,PASS,0
4204,domain_keyboard,3,PASS,0
4205,domain_localization,4,PASS,0
4206,domain_geometry,5,PASS,0
4207,domain_safety,6,PASS,0
4208,domain_workflows,1,PASS,0
4209,domain_scaling_theme,7,PASS,0
4210,domain_lifecycle,2,PASS,0
4211,domain_navigation,8,PASS,0
4212,domain_dialog_inventory,5,PASS,0
4213,domain_accessibility,11,PASS,0
4214,domain_keyboard,3,PASS,0
4215,domain_localization,4,PASS,0
4216,domain_geometry,16,PASS,0
4217,domain_safety,31,PASS,0
4218,domain_workflows,2,PASS,0
4219,domain_scaling_theme,7,PASS,0
4220,domain_lifecycle,2,PASS,0
4221,domain_navigation,8,PASS,0
4222,domain_dialog_inventory,5,PASS,0
4223,domain_accessibility,6,PASS,0
4224,domain_keyboard,3,PASS,0
4225,domain_localization,4,PASS,0
4226,domain_geometry,9,PASS,0
4227,domain_safety,3,PASS,0
4228,domain_workflows,1,PASS,0
4229,domain_scaling_theme,7,PASS,0
4230,domain_lifecycle,2,PASS,0
4231,domain_navigation,8,PASS,0
4232,domain_dialog_inventory,5,PASS,0
4233,domain_accessibility,5,PASS,0
4234,domain_keyboard,3,PASS,0
4235,domain_localization,4,PASS,0
4236,domain_geometry,18,PASS,0
4237,domain_safety,4,PASS,0
4238,domain_workflows,1,PASS,0
4239,domain_scaling_theme,7,PASS,0
4240,domain_lifecycle,2,PASS,0
4241,domain_navigation,8,PASS,0
4242,domain_dialog_inventory,5,PASS,0
4243,domain_accessibility,4,PASS,0
4244,domain_keyboard,3,PASS,0
4245,domain_localization,4,PASS,0
4246,domain_geometry,5,PASS,0
4247,domain_safety,3,PASS,0
4248,domain_workflows,2,PASS,0
4249,domain_scaling_theme,7,PASS,0
4250,domain_lifecycle,2,PASS,0
4251,domain_navigation,8,PASS,0
4252,domain_dialog_inventory,5,PASS,0
4253,domain_accessibility,0,PASS,0
4254,domain_keyboard,3,PASS,0
4255,domain_localization,4,PASS,0
4256,domain_geometry,7,PASS,0
4257,domain_safety,7,PASS,0
4258,domain_workflows,1,PASS,0
4259,domain_scaling_theme,8,PASS,0
4260,domain_lifecycle,2,PASS,0
4261,domain_navigation,8,PASS,0
4262,domain_dialog_inventory,5,PASS,0
4263,domain_accessibility,1,PASS,0
4264,domain_keyboard,3,PASS,0
4265,domain_localization,4,PASS,0
4266,domain_geometry,2,PASS,0
4267,domain_safety,4,PASS,0
4268,domain_workflows,1,PASS,0
4269,domain_scaling_theme,7,PASS,0
4270,domain_lifecycle,2,PASS,0
4271,domain_navigation,8,PASS,0
4272,domain_dialog_inventory,5,PASS,0
4273,domain_accessibility,1,PASS,0
4274,domain_keyboard,3,PASS,0
4275,domain_localization,4,PASS,0
4276,domain_geometry,63,PASS,0
4277,domain_safety,12,PASS,0
4278,domain_workflows,1,PASS,0
4279,domain_scaling_theme,7,PASS,0
4280,domain_lifecycle,2,PASS,0
4281,domain_navigation,8,PASS,0
4282,domain_dialog_inventory,5,PASS,0
4283,domain_accessibility,1,PASS,0
4284,domain_keyboard,3,PASS,0
4285,domain_localization,4,PASS,0
4286,domain_geometry,5,PASS,0
4287,domain_safety,12,PASS,0
4288,domain_workflows,1,PASS,0
4289,domain_scaling_theme,7,PASS,0
4290,domain_lifecycle,2,PASS,0
4291,domain_navigation,8,PASS,0
4292,domain_dialog_inventory,5,PASS,0
4293,domain_accessibility,0,PASS,0
4294,domain_keyboard,3,PASS,0
4295,domain_localization,4,PASS,0
4296,domain_geometry,9,PASS,0
4297,domain_safety,3,PASS,0
4298,domain_workflows,1,PASS,0
4299,domain_scaling_theme,7,PASS,0
4300,domain_lifecycle,2,PASS,0
4301,domain_navigation,8,PASS,0
4302,domain_dialog_inventory,5,PASS,0
4303,domain_accessibility,1,PASS,0
4304,domain_keyboard,3,PASS,0
4305,domain_localization,4,PASS,0
4306,domain_geometry,26,PASS,0
4307,domain_safety,15,PASS,0
4308,domain_workflows,1,PASS,0
4309,domain_scaling_theme,7,PASS,0
4310,domain_lifecycle,2,PASS,0
4311,domain_navigation,8,PASS,0
4312,domain_dialog_inventory,5,PASS,0
4313,domain_accessibility,4,PASS,0
4314,domain_keyboard,3,PASS,0
4315,domain_localization,4,PASS,0
4316,domain_geometry,32,PASS,0
4317,domain_safety,8,PASS,0
4318,domain_workflows,2,PASS,0
4319,domain_scaling_theme,7,PASS,0
4320,domain_lifecycle,2,PASS,0
4321,domain_navigation,8,PASS,0
4322,domain_dialog_inventory,5,PASS,0
4323,domain_accessibility,0,PASS,0
4324,domain_keyboard,3,PASS,0
4325,domain_localization,4,PASS,0
4326,domain_geometry,55,PASS,0
4327,domain_safety,5,PASS,0
4328,domain_workflows,1,PASS,0
4329,domain_scaling_theme,7,PASS,0
4330,domain_lifecycle,2,PASS,0
4331,domain_navigation,8,PASS,0
4332,domain_dialog_inventory,5,PASS,0
4333,domain_accessibility,3,PASS,0
4334,domain_keyboard,3,PASS,0
4335,domain_localization,4,PASS,0
4336,domain_geometry,18,PASS,0
4337,domain_safety,7,PASS,0
4338,domain_workflows,1,PASS,0
4339,domain_scaling_theme,7,PASS,0
4340,domain_lifecycle,2,PASS,0
4341,domain_navigation,8,PASS,0
4342,domain_dialog_inventory,5,PASS,0
4343,domain_accessibility,2,PASS,0
4344,domain_keyboard,3,PASS,0
4345,domain_localization,4,PASS,0
4346,domain_geometry,9,PASS,0
4347,domain_safety,9,PASS,0
4348,domain_workflows,2,PASS,0
4349,domain_scaling_theme,7,PASS,0
4350,domain_lifecycle,2,PASS,0
4351,domain_navigation,8,PASS,0
4352,domain_dialog_inventory,5,PASS,0
4353,domain_accessibility,9,PASS,0
4354,domain_keyboard,3,PASS,0
4355,domain_localization,4,PASS,0
4356,domain_geometry,33,PASS,0
4357,domain_safety,7,PASS,0
4358,domain_workflows,1,PASS,0
4359,domain_scaling_theme,7,PASS,0
4360,domain_lifecycle,2,PASS,0
4361,domain_navigation,8,PASS,0
4362,domain_dialog_inventory,5,PASS,0
4363,domain_accessibility,4,PASS,0
4364,domain_keyboard,3,PASS,0
4365,domain_localization,4,PASS,0
4366,domain_geometry,15,PASS,0
4367,domain_safety,14,PASS,0
4368,domain_workflows,1,PASS,0
4369,domain_scaling_theme,7,PASS,0
4370,domain_lifecycle,2,PASS,0
4371,domain_navigation,8,PASS,0
4372,domain_dialog_inventory,5,PASS,0
4373,domain_accessibility,1,PASS,0
4374,domain_keyboard,3,PASS,0
4375,domain_localization,4,PASS,0
4376,domain_geometry,6,PASS,0
4377,domain_safety,6,PASS,0
4378,domain_workflows,1,PASS,0
4379,domain_scaling_theme,7,PASS,0
4380,domain_lifecycle,2,PASS,0
4381,domain_navigation,8,PASS,0
4382,domain_dialog_inventory,5,PASS,0
4383,domain_accessibility,2,PASS,0
4384,domain_keyboard,3,PASS,0
4385,domain_localization,4,PASS,0
4386,domain_geometry,89,PASS,0
4387,domain_safety,8,PASS,0
4388,domain_workflows,1,PASS,0
4389,domain_scaling_theme,7,PASS,0
4390,domain_lifecycle,2,PASS,0
4391,domain_navigation,8,PASS,0
4392,domain_dialog_inventory,5,PASS,0
4393,domain_accessibility,9,PASS,0
4394,domain_keyboard,3,PASS,0
4395,domain_localization,4,PASS,0
4396,domain_geometry,98,PASS,0
4397,domain_safety,2,PASS,0
4398,domain_workflows,1,PASS,0
4399,domain_scaling_theme,7,PASS,0
4400,domain_lifecycle,2,PASS,0
4401,domain_navigation,8,PASS,0
4402,domain_dialog_inventory,5,PASS,0
4403,domain_accessibility,7,PASS,0
4404,domain_keyboard,3,PASS,0
4405,domain_localization,4,PASS,0
4406,domain_geometry,18,PASS,0
4407,domain_safety,26,PASS,0
4408,domain_workflows,1,PASS,0
4409,domain_scaling_theme,7,PASS,0
4410,domain_lifecycle,2,PASS,0
4411,domain_navigation,8,PASS,0
4412,domain_dialog_inventory,5,PASS,0
4413,domain_accessibility,2,PASS,0
4414,domain_keyboard,3,PASS,0
4415,domain_localization,4,PASS,0
4416,domain_geometry,6,PASS,0
4417,domain_safety,3,PASS,0
4418,domain_workflows,2,PASS,0
4419,domain_scaling_theme,7,PASS,0
4420,domain_lifecycle,2,PASS,0
4421,domain_navigation,8,PASS,0
4422,domain_dialog_inventory,5,PASS,0
4423,domain_accessibility,2,PASS,0
4424,domain_keyboard,3,PASS,0
4425,domain_localization,4,PASS,0
4426,domain_geometry,9,PASS,0
4427,domain_safety,5,PASS,0
4428,domain_workflows,1,PASS,0
4429,domain_scaling_theme,7,PASS,0
4430,domain_lifecycle,2,PASS,0
4431,domain_navigation,8,PASS,0
4432,domain_dialog_inventory,5,PASS,0
4433,domain_accessibility,1,PASS,0
4434,domain_keyboard,3,PASS,0
4435,domain_localization,4,PASS,0
4436,domain_geometry,19,PASS,0
4437,domain_safety,6,PASS,0
4438,domain_workflows,1,PASS,0
4439,domain_scaling_theme,7,PASS,0
4440,domain_lifecycle,2,PASS,0
4441,domain_navigation,8,PASS,0
4442,domain_dialog_inventory,5,PASS,0
4443,domain_accessibility,1,PASS,0
4444,domain_keyboard,3,PASS,0
4445,domain_localization,4,PASS,0
4446,domain_geometry,34,PASS,0
4447,domain_safety,4,PASS,0
4448,domain_workflows,2,PASS,0
4449,domain_scaling_theme,7,PASS,0
4450,domain_lifecycle,2,PASS,0
4451,domain_navigation,8,PASS,0
4452,domain_dialog_inventory,5,PASS,0
4453,domain_accessibility,3,PASS,0
4454,domain_keyboard,3,PASS,0
4455,domain_localization,4,PASS,0
4456,domain_geometry,13,PASS,0
4457,domain_safety,7,PASS,0
4458,domain_workflows,1,PASS,0
4459,domain_scaling_theme,7,PASS,0
4460,domain_lifecycle,2,PASS,0
4461,domain_navigation,8,PASS,0
4462,domain_dialog_inventory,5,PASS,0
4463,domain_accessibility,6,PASS,0
4464,domain_keyboard,3,PASS,0
4465,domain_localization,4,PASS,0
4466,domain_geometry,8,PASS,0
4467,domain_safety,4,PASS,0
4468,domain_workflows,1,PASS,0
4469,domain_scaling_theme,7,PASS,0
4470,domain_lifecycle,2,PASS,0
4471,domain_navigation,8,PASS,0
4472,domain_dialog_inventory,5,PASS,0
4473,domain_accessibility,7,PASS,0
4474,domain_keyboard,3,PASS,0
4475,domain_localization,4,PASS,0
4476,domain_geometry,32,PASS,0
4477,domain_safety,6,PASS,0
4478,domain_workflows,1,PASS,0
4479,domain_scaling_theme,7,PASS,0
4480,domain_lifecycle,2,PASS,0
4481,domain_navigation,8,PASS,0
4482,domain_dialog_inventory,5,PASS,0
4483,domain_accessibility,4,PASS,0
4484,domain_keyboard,3,PASS,0
4485,domain_localization,4,PASS,0
4486,domain_geometry,9,PASS,0
4487,domain_safety,3,PASS,0
4488,domain_workflows,1,PASS,0
4489,domain_scaling_theme,7,PASS,0
4490,domain_lifecycle,2,PASS,0
4491,domain_navigation,8,PASS,0
4492,domain_dialog_inventory,5,PASS,0
4493,domain_accessibility,4,PASS,0
4494,domain_keyboard,3,PASS,0
4495,domain_localization,4,PASS,0
4496,domain_geometry,7,PASS,0
4497,domain_safety,10,PASS,0
4498,domain_workflows,1,PASS,0
4499,domain_scaling_theme,7,PASS,0
4500,domain_lifecycle,2,PASS,0
4501,domain_navigation,8,PASS,0
4502,domain_dialog_inventory,5,PASS,0
4503,domain_accessibility,1,PASS,0
4504,domain_keyboard,3,PASS,0
4505,domain_localization,4,PASS,0
4506,domain_geometry,7,PASS,0
4507,domain_safety,6,PASS,0
4508,domain_workflows,1,PASS,0
4509,domain_scaling_theme,8,PASS,0
4510,domain_lifecycle,2,PASS,0
4511,domain_navigation,8,PASS,0
4512,domain_dialog_inventory,5,PASS,0
4513,domain_accessibility,7,PASS,0
4514,domain_keyboard,3,PASS,0
4515,domain_localization,4,PASS,0
4516,domain_geometry,5,PASS,0
4517,domain_safety,4,PASS,0
4518,domain_workflows,2,PASS,0
4519,domain_scaling_theme,7,PASS,0
4520,domain_lifecycle,2,PASS,0
4521,domain_navigation,8,PASS,0
4522,domain_dialog_inventory,5,PASS,0
4523,domain_accessibility,11,PASS,0
4524,domain_keyboard,3,PASS,0
4525,domain_localization,4,PASS,0
4526,domain_geometry,16,PASS,0
4527,domain_safety,31,PASS,0
4528,domain_workflows,1,PASS,0
4529,domain_scaling_theme,7,PASS,0
4530,domain_lifecycle,2,PASS,0
4531,domain_navigation,8,PASS,0
4532,domain_dialog_inventory,5,PASS,0
4533,domain_accessibility,6,PASS,0
4534,domain_keyboard,3,PASS,0
4535,domain_localization,4,PASS,0
4536,domain_geometry,9,PASS,0
4537,domain_safety,3,PASS,0
4538,domain_workflows,1,PASS,0
4539,domain_scaling_theme,7,PASS,0
4540,domain_lifecycle,2,PASS,0
4541,domain_navigation,8,PASS,0
4542,domain_dialog_inventory,5,PASS,0
4543,domain_accessibility,5,PASS,0
4544,domain_keyboard,3,PASS,0
4545,domain_localization,4,PASS,0
4546,domain_geometry,18,PASS,0
4547,domain_safety,4,PASS,0
4548,domain_workflows,2,PASS,0
4549,domain_scaling_theme,7,PASS,0
4550,domain_lifecycle,2,PASS,0
4551,domain_navigation,8,PASS,0
4552,domain_dialog_inventory,5,PASS,0
4553,domain_accessibility,4,PASS,0
4554,domain_keyboard,3,PASS,0
4555,domain_localization,4,PASS,0
4556,domain_geometry,5,PASS,0
4557,domain_safety,3,PASS,0
4558,domain_workflows,1,PASS,0
4559,domain_scaling_theme,7,PASS,0
4560,domain_lifecycle,2,PASS,0
4561,domain_navigation,8,PASS,0
4562,domain_dialog_inventory,5,PASS,0
4563,domain_accessibility,0,PASS,0
4564,domain_keyboard,3,PASS,0
4565,domain_localization,4,PASS,0
4566,domain_geometry,7,PASS,0
4567,domain_safety,5,PASS,0
4568,domain_workflows,1,PASS,0
4569,domain_scaling_theme,7,PASS,0
4570,domain_lifecycle,2,PASS,0
4571,domain_navigation,8,PASS,0
4572,domain_dialog_inventory,5,PASS,0
4573,domain_accessibility,1,PASS,0
4574,domain_keyboard,3,PASS,0
4575,domain_localization,4,PASS,0
4576,domain_geometry,2,PASS,0
4577,domain_safety,4,PASS,0
4578,domain_workflows,1,PASS,0
4579,domain_scaling_theme,7,PASS,0
4580,domain_lifecycle,2,PASS,0
4581,domain_navigation,8,PASS,0
4582,domain_dialog_inventory,5,PASS,0
4583,domain_accessibility,1,PASS,0
4584,domain_keyboard,3,PASS,0
4585,domain_localization,4,PASS,0
4586,domain_geometry,63,PASS,0
4587,domain_safety,12,PASS,0
4588,domain_workflows,1,PASS,0
4589,domain_scaling_theme,7,PASS,0
4590,domain_lifecycle,2,PASS,0
4591,domain_navigation,8,PASS,0
4592,domain_dialog_inventory,5,PASS,0
4593,domain_accessibility,1,PASS,0
4594,domain_keyboard,3,PASS,0
4595,domain_localization,4,PASS,0
4596,domain_geometry,5,PASS,0
4597,domain_safety,12,PASS,0
4598,domain_workflows,1,PASS,0
4599,domain_scaling_theme,7,PASS,0
4600,domain_lifecycle,2,PASS,0
4601,domain_navigation,8,PASS,0
4602,domain_dialog_inventory,5,PASS,0
4603,domain_accessibility,0,PASS,0
4604,domain_keyboard,3,PASS,0
4605,domain_localization,4,PASS,0
4606,domain_geometry,9,PASS,0
4607,domain_safety,5,PASS,0
4608,domain_workflows,1,PASS,0
4609,domain_scaling_theme,7,PASS,0
4610,domain_lifecycle,2,PASS,0
4611,domain_navigation,8,PASS,0
4612,domain_dialog_inventory,5,PASS,0
4613,domain_accessibility,1,PASS,0
4614,domain_keyboard,3,PASS,0
4615,domain_localization,4,PASS,0
4616,domain_geometry,26,PASS,0
4617,domain_safety,13,PASS,0
4618,domain_workflows,2,PASS,0
4619,domain_scaling_theme,7,PASS,0
4620,domain_lifecycle,2,PASS,0
4621,domain_navigation,8,PASS,0
4622,domain_dialog_inventory,5,PASS,0
4623,domain_accessibility,4,PASS,0
4624,domain_keyboard,3,PASS,0
4625,domain_localization,4,PASS,0
4626,domain_geometry,32,PASS,0
4627,domain_safety,8,PASS,0
4628,domain_workflows,1,PASS,0
4629,domain_scaling_theme,7,PASS,0
4630,domain_lifecycle,2,PASS,0
4631,domain_navigation,8,PASS,0
4632,domain_dialog_inventory,5,PASS,0
4633,domain_accessibility,0,PASS,0
4634,domain_keyboard,3,PASS,0
4635,domain_localization,4,PASS,0
4636,domain_geometry,55,PASS,0
4637,domain_safety,5,PASS,0
4638,domain_workflows,1,PASS,0
4639,domain_scaling_theme,7,PASS,0
4640,domain_lifecycle,2,PASS,0
4641,domain_navigation,8,PASS,0
4642,domain_dialog_inventory,5,PASS,0
4643,domain_accessibility,3,PASS,0
4644,domain_keyboard,3,PASS,0
4645,domain_localization,4,PASS,0
4646,domain_geometry,18,PASS,0
4647,domain_safety,7,PASS,0
4648,domain_workflows,2,PASS,0
4649,domain_scaling_theme,7,PASS,0
4650,domain_lifecycle,2,PASS,0
4651,domain_navigation,8,PASS,0
4652,domain_dialog_inventory,5,PASS,0
4653,domain_accessibility,2,PASS,0
4654,domain_keyboard,3,PASS,0
4655,domain_localization,4,PASS,0
4656,domain_geometry,9,PASS,0
4657,domain_safety,11,PASS,0
4658,domain_workflows,1,PASS,0
4659,domain_scaling_theme,7,PASS,0
4660,domain_lifecycle,2,PASS,0
4661,domain_navigation,8,PASS,0
4662,domain_dialog_inventory,5,PASS,0
4663,domain_accessibility,9,PASS,0
4664,domain_keyboard,3,PASS,0
4665,domain_localization,4,PASS,0
4666,domain_geometry,33,PASS,0
4667,domain_safety,5,PASS,0
4668,domain_workflows,1,PASS,0
4669,domain_scaling_theme,7,PASS,0
4670,domain_lifecycle,2,PASS,0
4671,domain_navigation,8,PASS,0
4672,domain_dialog_inventory,5,PASS,0
4673,domain_accessibility,4,PASS,0
4674,domain_keyboard,3,PASS,0
4675,domain_localization,4,PASS,0
4676,domain_geometry,15,PASS,0
4677,domain_safety,14,PASS,0
4678,domain_workflows,1,PASS,0
4679,domain_scaling_theme,7,PASS,0
4680,domain_lifecycle,2,PASS,0
4681,domain_navigation,8,PASS,0
4682,domain_dialog_inventory,5,PASS,0
4683,domain_accessibility,1,PASS,0
4684,domain_keyboard,3,PASS,0
4685,domain_localization,4,PASS,0
4686,domain_geometry,6,PASS,0
4687,domain_safety,6,PASS,0
4688,domain_workflows,1,PASS,0
4689,domain_scaling_theme,7,PASS,0
4690,domain_lifecycle,2,PASS,0
4691,domain_navigation,8,PASS,0
4692,domain_dialog_inventory,5,PASS,0
4693,domain_accessibility,2,PASS,0
4694,domain_keyboard,3,PASS,0
4695,domain_localization,4,PASS,0
4696,domain_geometry,89,PASS,0
4697,domain_safety,8,PASS,0
4698,domain_workflows,1,PASS,0
4699,domain_scaling_theme,7,PASS,0
4700,domain_lifecycle,2,PASS,0
4701,domain_navigation,8,PASS,0
4702,domain_dialog_inventory,5,PASS,0
4703,domain_accessibility,9,PASS,0
4704,domain_keyboard,3,PASS,0
4705,domain_localization,4,PASS,0
4706,domain_geometry,98,PASS,0
4707,domain_safety,4,PASS,0
4708,domain_workflows,1,PASS,0
4709,domain_scaling_theme,7,PASS,0
4710,domain_lifecycle,2,PASS,0
4711,domain_navigation,8,PASS,0
4712,domain_dialog_inventory,5,PASS,0
4713,domain_accessibility,7,PASS,0
4714,domain_keyboard,3,PASS,0
4715,domain_localization,4,PASS,0
4716,domain_geometry,18,PASS,0
4717,domain_safety,26,PASS,0
4718,domain_workflows,2,PASS,0
4719,domain_scaling_theme,7,PASS,0
4720,domain_lifecycle,2,PASS,0
4721,domain_navigation,8,PASS,0
4722,domain_dialog_inventory,5,PASS,0
4723,domain_accessibility,2,PASS,0
4724,domain_keyboard,3,PASS,0
4725,domain_localization,4,PASS,0
4726,domain_geometry,6,PASS,0
4727,domain_safety,3,PASS,0
4728,domain_workflows,1,PASS,0
4729,domain_scaling_theme,7,PASS,0
4730,domain_lifecycle,2,PASS,0
4731,domain_navigation,8,PASS,0
4732,domain_dialog_inventory,5,PASS,0
4733,domain_accessibility,2,PASS,0
4734,domain_keyboard,3,PASS,0
4735,domain_localization,4,PASS,0
4736,domain_geometry,9,PASS,0
4737,domain_safety,5,PASS,0
4738,domain_workflows,1,PASS,0
4739,domain_scaling_theme,7,PASS,0
4740,domain_lifecycle,2,PASS,0
4741,domain_navigation,8,PASS,0
4742,domain_dialog_inventory,5,PASS,0
4743,domain_accessibility,1,PASS,0
4744,domain_keyboard,3,PASS,0
4745,domain_localization,4,PASS,0
4746,domain_geometry,19,PASS,0
4747,domain_safety,6,PASS,0
4748,domain_workflows,2,PASS,0
4749,domain_scaling_theme,7,PASS,0
4750,domain_lifecycle,2,PASS,0
4751,domain_navigation,8,PASS,0
4752,domain_dialog_inventory,5,PASS,0
4753,domain_accessibility,1,PASS,0
4754,domain_keyboard,3,PASS,0
4755,domain_localization,4,PASS,0
4756,domain_geometry,34,PASS,0
4757,domain_safety,6,PASS,0
4758,domain_workflows,1,PASS,0
4759,domain_scaling_theme,8,PASS,0
4760,domain_lifecycle,2,PASS,0
4761,domain_navigation,8,PASS,0
4762,domain_dialog_inventory,5,PASS,0
4763,domain_accessibility,3,PASS,0
4764,domain_keyboard,3,PASS,0
4765,domain_localization,4,PASS,0
4766,domain_geometry,13,PASS,0
4767,domain_safety,5,PASS,0
4768,domain_workflows,1,PASS,0
4769,domain_scaling_theme,7,PASS,0
4770,domain_lifecycle,2,PASS,0
4771,domain_navigation,8,PASS,0
4772,domain_dialog_inventory,5,PASS,0
4773,domain_accessibility,6,PASS,0
4774,domain_keyboard,3,PASS,0
4775,domain_localization,4,PASS,0
4776,domain_geometry,8,PASS,0
4777,domain_safety,4,PASS,0
4778,domain_workflows,1,PASS,0
4779,domain_scaling_theme,7,PASS,0
4780,domain_lifecycle,2,PASS,0
4781,domain_navigation,8,PASS,0
4782,domain_dialog_inventory,5,PASS,0
4783,domain_accessibility,7,PASS,0
4784,domain_keyboard,3,PASS,0
4785,domain_localization,4,PASS,0
4786,domain_geometry,32,PASS,0
4787,domain_safety,6,PASS,0
4788,domain_workflows,1,PASS,0
4789,domain_scaling_theme,7,PASS,0
4790,domain_lifecycle,2,PASS,0
4791,domain_navigation,8,PASS,0
4792,domain_dialog_inventory,5,PASS,0
4793,domain_accessibility,4,PASS,0
4794,domain_keyboard,3,PASS,0
4795,domain_localization,4,PASS,0
4796,domain_geometry,9,PASS,0
4797,domain_safety,3,PASS,0
4798,domain_workflows,1,PASS,0
4799,domain_scaling_theme,7,PASS,0
4800,domain_lifecycle,2,PASS,0
4801,domain_navigation,8,PASS,0
4802,domain_dialog_inventory,5,PASS,0
4803,domain_accessibility,4,PASS,0
4804,domain_keyboard,3,PASS,0
4805,domain_localization,4,PASS,0
4806,domain_geometry,7,PASS,0
4807,domain_safety,12,PASS,0
4808,domain_workflows,1,PASS,0
4809,domain_scaling_theme,7,PASS,0
4810,domain_lifecycle,2,PASS,0
4811,domain_navigation,8,PASS,0
4812,domain_dialog_inventory,5,PASS,0
4813,domain_accessibility,1,PASS,0
4814,domain_keyboard,3,PASS,0
4815,domain_localization,4,PASS,0
4816,domain_geometry,7,PASS,0
4817,domain_safety,6,PASS,0
4818,domain_workflows,2,PASS,0
4819,domain_scaling_theme,7,PASS,0
4820,domain_lifecycle,2,PASS,0
4821,domain_navigation,8,PASS,0
4822,domain_dialog_inventory,5,PASS,0
4823,domain_accessibility,7,PASS,0
4824,domain_keyboard,3,PASS,0
4825,domain_localization,4,PASS,0
4826,domain_geometry,5,PASS,0
4827,domain_safety,4,PASS,0
4828,domain_workflows,1,PASS,0
4829,domain_scaling_theme,7,PASS,0
4830,domain_lifecycle,2,PASS,0
4831,domain_navigation,8,PASS,0
4832,domain_dialog_inventory,5,PASS,0
4833,domain_accessibility,11,PASS,0
4834,domain_keyboard,3,PASS,0
4835,domain_localization,4,PASS,0
4836,domain_geometry,16,PASS,0
4837,domain_safety,31,PASS,0
4838,domain_workflows,1,PASS,0
4839,domain_scaling_theme,7,PASS,0
4840,domain_lifecycle,2,PASS,0
4841,domain_navigation,8,PASS,0
4842,domain_dialog_inventory,5,PASS,0
4843,domain_accessibility,6,PASS,0
4844,domain_keyboard,3,PASS,0
4845,domain_localization,4,PASS,0
4846,domain_geometry,9,PASS,0
4847,domain_safety,3,PASS,0
4848,domain_workflows,2,PASS,0
4849,domain_scaling_theme,7,PASS,0
4850,domain_lifecycle,2,PASS,0
4851,domain_navigation,8,PASS,0
4852,domain_dialog_inventory,5,PASS,0
4853,domain_accessibility,5,PASS,0
4854,domain_keyboard,3,PASS,0
4855,domain_localization,4,PASS,0
4856,domain_geometry,18,PASS,0
4857,domain_safety,6,PASS,0
4858,domain_workflows,1,PASS,0
4859,domain_scaling_theme,7,PASS,0
4860,domain_lifecycle,2,PASS,0
4861,domain_navigation,8,PASS,0
4862,domain_dialog_inventory,5,PASS,0
4863,domain_accessibility,4,PASS,0
4864,domain_keyboard,3,PASS,0
4865,domain_localization,4,PASS,0
4866,domain_geometry,5,PASS,0
4867,domain_safety,3,PASS,0
4868,domain_workflows,1,PASS,0
4869,domain_scaling_theme,7,PASS,0
4870,domain_lifecycle,2,PASS,0
4871,domain_navigation,8,PASS,0
4872,domain_dialog_inventory,5,PASS,0
4873,domain_accessibility,0,PASS,0
4874,domain_keyboard,3,PASS,0
4875,domain_localization,4,PASS,0
4876,domain_geometry,7,PASS,0
4877,domain_safety,5,PASS,0
4878,domain_workflows,1,PASS,0
4879,domain_scaling_theme,7,PASS,0
4880,domain_lifecycle,2,PASS,0
4881,domain_navigation,8,PASS,0
4882,domain_dialog_inventory,5,PASS,0
4883,domain_accessibility,1,PASS,0
4884,domain_keyboard,3,PASS,0
4885,domain_localization,4,PASS,0
4886,domain_geometry,2,PASS,0
4887,domain_safety,4,PASS,0
4888,domain_workflows,1,PASS,0
4889,domain_scaling_theme,7,PASS,0
4890,domain_lifecycle,2,PASS,0
4891,domain_navigation,8,PASS,0
4892,domain_dialog_inventory,5,PASS,0
4893,domain_accessibility,1,PASS,0
4894,domain_keyboard,3,PASS,0
4895,domain_localization,4,PASS,0
4896,domain_geometry,63,PASS,0
4897,domain_safety,12,PASS,0
4898,domain_workflows,1,PASS,0
4899,domain_scaling_theme,7,PASS,0
4900,domain_lifecycle,2,PASS,0
4901,domain_navigation,8,PASS,0
4902,domain_dialog_inventory,5,PASS,0
4903,domain_accessibility,1,PASS,0
4904,domain_keyboard,3,PASS,0
4905,domain_localization,4,PASS,0
4906,domain_geometry,5,PASS,0
4907,domain_safety,12,PASS,0
4908,domain_workflows,1,PASS,0
4909,domain_scaling_theme,7,PASS,0
4910,domain_lifecycle,2,PASS,0
4911,domain_navigation,8,PASS,0
4912,domain_dialog_inventory,5,PASS,0
4913,domain_accessibility,0,PASS,0
4914,domain_keyboard,3,PASS,0
4915,domain_localization,4,PASS,0
4916,domain_geometry,9,PASS,0
4917,domain_safety,3,PASS,0
4918,domain_workflows,2,PASS,0
4919,domain_scaling_theme,7,PASS,0
4920,domain_lifecycle,2,PASS,0
4921,domain_navigation,8,PASS,0
4922,domain_dialog_inventory,5,PASS,0
4923,domain_accessibility,1,PASS,0
4924,domain_keyboard,3,PASS,0
4925,domain_localization,4,PASS,0
4926,domain_geometry,26,PASS,0
4927,domain_safety,13,PASS,0
4928,domain_workflows,1,PASS,0
4929,domain_scaling_theme,7,PASS,0
4930,domain_lifecycle,2,PASS,0
4931,domain_navigation,8,PASS,0
4932,domain_dialog_inventory,5,PASS,0
4933,domain_accessibility,4,PASS,0
4934,domain_keyboard,3,PASS,0
4935,domain_localization,4,PASS,0
4936,domain_geometry,32,PASS,0
4937,domain_safety,8,PASS,0
4938,domain_workflows,1,PASS,0
4939,domain_scaling_theme,7,PASS,0
4940,domain_lifecycle,2,PASS,0
4941,domain_navigation,8,PASS,0
4942,domain_dialog_inventory,5,PASS,0
4943,domain_accessibility,0,PASS,0
4944,domain_keyboard,3,PASS,0
4945,domain_localization,4,PASS,0
4946,domain_geometry,55,PASS,0
4947,domain_safety,5,PASS,0
4948,domain_workflows,2,PASS,0
4949,domain_scaling_theme,7,PASS,0
4950,domain_lifecycle,2,PASS,0
4951,domain_navigation,8,PASS,0
4952,domain_dialog_inventory,5,PASS,0
4953,domain_accessibility,3,PASS,0
4954,domain_keyboard,3,PASS,0
4955,domain_localization,4,PASS,0
4956,domain_geometry,18,PASS,0
4957,domain_safety,7,PASS,0
4958,domain_workflows,1,PASS,0
4959,domain_scaling_theme,7,PASS,0
4960,domain_lifecycle,2,PASS,0
4961,domain_navigation,8,PASS,0
4962,domain_dialog_inventory,5,PASS,0
4963,domain_accessibility,2,PASS,0
4964,domain_keyboard,3,PASS,0
4965,domain_localization,4,PASS,0
4966,domain_geometry,9,PASS,0
4967,domain_safety,9,PASS,0
4968,domain_workflows,1,PASS,0
4969,domain_scaling_theme,7,PASS,0
4970,domain_lifecycle,2,PASS,0
4971,domain_navigation,8,PASS,0
4972,domain_dialog_inventory,5,PASS,0
4973,domain_accessibility,9,PASS,0
4974,domain_keyboard,3,PASS,0
4975,domain_localization,4,PASS,0
4976,domain_geometry,33,PASS,0
4977,domain_safety,5,PASS,0
4978,domain_workflows,1,PASS,0
4979,domain_scaling_theme,7,PASS,0
4980,domain_lifecycle,2,PASS,0
4981,domain_navigation,8,PASS,0
4982,domain_dialog_inventory,5,PASS,0
4983,domain_accessibility,4,PASS,0
4984,domain_keyboard,3,PASS,0
4985,domain_localization,4,PASS,0
4986,domain_geometry,15,PASS,0
4987,domain_safety,14,PASS,0
4988,domain_workflows,1,PASS,0
4989,domain_scaling_theme,7,PASS,0
4990,domain_lifecycle,2,PASS,0
4991,domain_navigation,8,PASS,0
4992,domain_dialog_inventory,5,PASS,0
4993,domain_accessibility,1,PASS,0
4994,domain_keyboard,3,PASS,0
4995,domain_localization,4,PASS,0
4996,domain_geometry,6,PASS,0
4997,domain_safety,6,PASS,0
4998,domain_workflows,1,PASS,0
4999,domain_scaling_theme,7,PASS,0
5000,domain_lifecycle,2,PASS,0
5001,domain_navigation,8,PASS,0
5002,domain_dialog_inventory,5,PASS,0
5003,domain_accessibility,2,PASS,0
5004,domain_keyboard,3,PASS,0
5005,domain_localization,4,PASS,0
5006,domain_geometry,89,PASS,0
5007,domain_safety,10,PASS,0
5008,domain_workflows,1,PASS,0
5009,domain_scaling_theme,8,PASS,0
5010,domain_lifecycle,2,PASS,0
5011,domain_navigation,8,PASS,0
5012,domain_dialog_inventory,5,PASS,0
5013,domain_accessibility,9,PASS,0
5014,domain_keyboard,3,PASS,0
5015,domain_localization,4,PASS,0
5016,domain_geometry,32,PASS,0
5017,domain_safety,2,PASS,0
5018,domain_workflows,2,PASS,0
5019,domain_scaling_theme,7,PASS,0
5020,domain_lifecycle,2,PASS,0
5021,domain_navigation,8,PASS,0
5022,domain_dialog_inventory,5,PASS,0
5023,domain_accessibility,7,PASS,0
5024,domain_keyboard,3,PASS,0
5025,domain_localization,4,PASS,0
5026,domain_geometry,18,PASS,0
5027,domain_safety,26,PASS,0
5028,domain_workflows,1,PASS,0
5029,domain_scaling_theme,7,PASS,0
5030,domain_lifecycle,2,PASS,0
5031,domain_navigation,8,PASS,0
5032,domain_dialog_inventory,5,PASS,0
5033,domain_accessibility,2,PASS,0
5034,domain_keyboard,3,PASS,0
5035,domain_localization,4,PASS,0
5036,domain_geometry,6,PASS,0
5037,domain_safety,3,PASS,0
5038,domain_workflows,1,PASS,0
5039,domain_scaling_theme,7,PASS,0
5040,domain_lifecycle,2,PASS,0
5041,domain_navigation,8,PASS,0
5042,domain_dialog_inventory,5,PASS,0
5043,domain_accessibility,2,PASS,0
5044,domain_keyboard,3,PASS,0
5045,domain_localization,4,PASS,0
5046,domain_geometry,9,PASS,0
5047,domain_safety,5,PASS,0
5048,domain_workflows,2,PASS,0
5049,domain_scaling_theme,7,PASS,0
5050,domain_lifecycle,2,PASS,0
5051,domain_navigation,8,PASS,0
5052,domain_dialog_inventory,5,PASS,0
5053,domain_accessibility,1,PASS,0
5054,domain_keyboard,3,PASS,0
5055,domain_localization,4,PASS,0
5056,domain_geometry,19,PASS,0
5057,domain_safety,8,PASS,0
5058,domain_workflows,1,PASS,0
5059,domain_scaling_theme,7,PASS,0
5060,domain_lifecycle,2,PASS,0
5061,domain_navigation,8,PASS,0
5062,domain_dialog_inventory,5,PASS,0
5063,domain_accessibility,1,PASS,0
5064,domain_keyboard,3,PASS,0
5065,domain_localization,4,PASS,0
5066,domain_geometry,34,PASS,0
5067,domain_safety,4,PASS,0
5068,domain_workflows,1,PASS,0
5069,domain_scaling_theme,7,PASS,0
5070,domain_lifecycle,2,PASS,0
5071,domain_navigation,8,PASS,0
5072,domain_dialog_inventory,5,PASS,0
5073,domain_accessibility,3,PASS,0
5074,domain_keyboard,3,PASS,0
5075,domain_localization,4,PASS,0
5076,domain_geometry,13,PASS,0
5077,domain_safety,5,PASS,0
5078,domain_workflows,1,PASS,0
5079,domain_scaling_theme,7,PASS,0
5080,domain_lifecycle,2,PASS,0
5081,domain_navigation,8,PASS,0
5082,domain_dialog_inventory,5,PASS,0
5083,domain_accessibility,6,PASS,0
5084,domain_keyboard,3,PASS,0
5085,domain_localization,4,PASS,0
5086,domain_geometry,8,PASS,0
5087,domain_safety,4,PASS,0
5088,domain_workflows,1,PASS,0
5089,domain_scaling_theme,7,PASS,0
5090,domain_lifecycle,2,PASS,0
5091,domain_navigation,8,PASS,0
5092,domain_dialog_inventory,5,PASS,0
5093,domain_accessibility,7,PASS,0
5094,domain_keyboard,3,PASS,0
5095,domain_localization,4,PASS,0
5096,domain_geometry,32,PASS,0
5097,domain_safety,6,PASS,0
5098,domain_workflows,1,PASS,0
5099,domain_scaling_theme,7,PASS,0
5100,domain_lifecycle,2,PASS,0
5101,domain_navigation,8,PASS,0
5102,domain_dialog_inventory,5,PASS,0
5103,domain_accessibility,4,PASS,0
5104,domain_keyboard,3,PASS,0
5105,domain_localization,4,PASS,0
5106,domain_geometry,9,PASS,0
5107,domain_safety,5,PASS,0
5108,domain_workflows,1,PASS,0
5109,domain_scaling_theme,7,PASS,0
5110,domain_lifecycle,2,PASS,0
5111,domain_navigation,8,PASS,0
5112,domain_dialog_inventory,5,PASS,0
5113,domain_accessibility,4,PASS,0
5114,domain_keyboard,3,PASS,0
5115,domain_localization,4,PASS,0
5116,domain_geometry,7,PASS,0
5117,domain_safety,10,PASS,0
5118,domain_workflows,2,PASS,0
5119,domain_scaling_theme,7,PASS,0
5120,domain_lifecycle,2,PASS,0
5121,domain_navigation,8,PASS,0
5122,domain_dialog_inventory,5,PASS,0
5123,domain_accessibility,1,PASS,0
5124,domain_keyboard,3,PASS,0
5125,domain_localization,4,PASS,0
5126,domain_geometry,7,PASS,0
5127,domain_safety,6,PASS,0
5128,domain_workflows,1,PASS,0
5129,domain_scaling_theme,7,PASS,0
5130,domain_lifecycle,2,PASS,0
5131,domain_navigation,8,PASS,0
5132,domain_dialog_inventory,5,PASS,0
5133,domain_accessibility,7,PASS,0
5134,domain_keyboard,3,PASS,0
5135,domain_localization,4,PASS,0
5136,domain_geometry,5,PASS,0
5137,domain_safety,4,PASS,0
5138,domain_workflows,1,PASS,0
5139,domain_scaling_theme,7,PASS,0
5140,domain_lifecycle,2,PASS,0
5141,domain_navigation,8,PASS,0
5142,domain_dialog_inventory,5,PASS,0
5143,domain_accessibility,11,PASS,0
5144,domain_keyboard,3,PASS,0
5145,domain_localization,4,PASS,0
5146,domain_geometry,16,PASS,0
5147,domain_safety,31,PASS,0
5148,domain_workflows,2,PASS,0
5149,domain_scaling_theme,7,PASS,0
5150,domain_lifecycle,2,PASS,0
5151,domain_navigation,8,PASS,0
5152,domain_dialog_inventory,5,PASS,0
5153,domain_accessibility,6,PASS,0
5154,domain_keyboard,3,PASS,0
5155,domain_localization,4,PASS,0
5156,domain_geometry,9,PASS,0
5157,domain_safety,3,PASS,0
5158,domain_workflows,1,PASS,0
5159,domain_scaling_theme,7,PASS,0
5160,domain_lifecycle,2,PASS,0
5161,domain_navigation,8,PASS,0
5162,domain_dialog_inventory,5,PASS,0
5163,domain_accessibility,5,PASS,0
5164,domain_keyboard,3,PASS,0
5165,domain_localization,4,PASS,0
5166,domain_geometry,18,PASS,0
5167,domain_safety,4,PASS,0
5168,domain_workflows,1,PASS,0
5169,domain_scaling_theme,7,PASS,0
5170,domain_lifecycle,2,PASS,0
5171,domain_navigation,8,PASS,0
5172,domain_dialog_inventory,5,PASS,0
5173,domain_accessibility,4,PASS,0
5174,domain_keyboard,3,PASS,0
5175,domain_localization,4,PASS,0
5176,domain_geometry,5,PASS,0
5177,domain_safety,3,PASS,0
5178,domain_workflows,1,PASS,0
5179,domain_scaling_theme,7,PASS,0
5180,domain_lifecycle,2,PASS,0
5181,domain_navigation,8,PASS,0
5182,domain_dialog_inventory,5,PASS,0
5183,domain_accessibility,0,PASS,0
5184,domain_keyboard,3,PASS,0
5185,domain_localization,4,PASS,0
5186,domain_geometry,7,PASS,0
5187,domain_safety,5,PASS,0
5188,domain_workflows,1,PASS,0
5189,domain_scaling_theme,7,PASS,0
5190,domain_lifecycle,2,PASS,0
5191,domain_navigation,8,PASS,0
5192,domain_dialog_inventory,5,PASS,0
5193,domain_accessibility,1,PASS,0
5194,domain_keyboard,3,PASS,0
5195,domain_localization,4,PASS,0
5196,domain_geometry,2,PASS,0
5197,domain_safety,4,PASS,0
5198,domain_workflows,1,PASS,0
5199,domain_scaling_theme,7,PASS,0
5200,domain_lifecycle,2,PASS,0
5201,domain_navigation,8,PASS,0
5202,domain_dialog_inventory,5,PASS,0
5203,domain_accessibility,1,PASS,0
5204,domain_keyboard,3,PASS,0
5205,domain_localization,4,PASS,0
5206,domain_geometry,63,PASS,0
5207,domain_safety,14,PASS,0
5208,domain_workflows,1,PASS,0
5209,domain_scaling_theme,7,PASS,0
5210,domain_lifecycle,2,PASS,0
5211,domain_navigation,8,PASS,0
5212,domain_dialog_inventory,5,PASS,0
5213,domain_accessibility,1,PASS,0
5214,domain_keyboard,3,PASS,0
5215,domain_localization,4,PASS,0
5216,domain_geometry,5,PASS,0
5217,domain_safety,12,PASS,0
5218,domain_workflows,2,PASS,0
5219,domain_scaling_theme,7,PASS,0
5220,domain_lifecycle,2,PASS,0
5221,domain_navigation,8,PASS,0
5222,domain_dialog_inventory,5,PASS,0
5223,domain_accessibility,0,PASS,0
5224,domain_keyboard,3,PASS,0
5225,domain_localization,4,PASS,0
5226,domain_geometry,9,PASS,0
5227,domain_safety,3,PASS,0
5228,domain_workflows,1,PASS,0
5229,domain_scaling_theme,7,PASS,0
5230,domain_lifecycle,2,PASS,0
5231,domain_navigation,8,PASS,0
5232,domain_dialog_inventory,5,PASS,0
5233,domain_accessibility,1,PASS,0
5234,domain_keyboard,3,PASS,0
5235,domain_localization,4,PASS,0
5236,domain_geometry,26,PASS,0
5237,domain_safety,13,PASS,0
5238,domain_workflows,1,PASS,0
5239,domain_scaling_theme,7,PASS,0
5240,domain_lifecycle,2,PASS,0
5241,domain_navigation,8,PASS,0
5242,domain_dialog_inventory,5,PASS,0
5243,domain_accessibility,4,PASS,0
5244,domain_keyboard,3,PASS,0
5245,domain_localization,4,PASS,0
5246,domain_geometry,32,PASS,0
5247,domain_safety,8,PASS,0
5248,domain_workflows,2,PASS,0
5249,domain_scaling_theme,7,PASS,0
5250,domain_lifecycle,2,PASS,0
5251,domain_navigation,8,PASS,0
5252,domain_dialog_inventory,5,PASS,0
5253,domain_accessibility,0,PASS,0
5254,domain_keyboard,3,PASS,0
5255,domain_localization,4,PASS,0
5256,domain_geometry,55,PASS,0
5257,domain_safety,5,PASS,0
5258,domain_workflows,1,PASS,0
5259,domain_scaling_theme,8,PASS,0
5260,domain_lifecycle,2,PASS,0
5261,domain_navigation,8,PASS,0
5262,domain_dialog_inventory,5,PASS,0
5263,domain_accessibility,3,PASS,0
5264,domain_keyboard,3,PASS,0
5265,domain_localization,4,PASS,0
5266,domain_geometry,18,PASS,0
5267,domain_safety,7,PASS,0
5268,domain_workflows,1,PASS,0
5269,domain_scaling_theme,7,PASS,0
5270,domain_lifecycle,2,PASS,0
5271,domain_navigation,8,PASS,0
5272,domain_dialog_inventory,5,PASS,0
5273,domain_accessibility,2,PASS,0
5274,domain_keyboard,3,PASS,0
5275,domain_localization,4,PASS,0
5276,domain_geometry,9,PASS,0
5277,domain_safety,9,PASS,0
5278,domain_workflows,1,PASS,0
5279,domain_scaling_theme,7,PASS,0
5280,domain_lifecycle,2,PASS,0
5281,domain_navigation,8,PASS,0
5282,domain_dialog_inventory,5,PASS,0
5283,domain_accessibility,9,PASS,0
5284,domain_keyboard,3,PASS,0
5285,domain_localization,4,PASS,0
5286,domain_geometry,33,PASS,0
5287,domain_safety,5,PASS,0
5288,domain_workflows,1,PASS,0
5289,domain_scaling_theme,7,PASS,0
5290,domain_lifecycle,2,PASS,0
5291,domain_navigation,8,PASS,0
5292,domain_dialog_inventory,5,PASS,0
5293,domain_accessibility,4,PASS,0
5294,domain_keyboard,3,PASS,0
5295,domain_localization,4,PASS,0
5296,domain_geometry,15,PASS,0
5297,domain_safety,14,PASS,0
5298,domain_workflows,1,PASS,0
5299,domain_scaling_theme,7,PASS,0
5300,domain_lifecycle,2,PASS,0
5301,domain_navigation,8,PASS,0
5302,domain_dialog_inventory,5,PASS,0
5303,domain_accessibility,1,PASS,0
5304,domain_keyboard,3,PASS,0
5305,domain_localization,4,PASS,0
5306,domain_geometry,6,PASS,0
5307,domain_safety,8,PASS,0
5308,domain_workflows,1,PASS,0
5309,domain_scaling_theme,7,PASS,0
5310,domain_lifecycle,2,PASS,0
5311,domain_navigation,8,PASS,0
5312,domain_dialog_inventory,5,PASS,0
5313,domain_accessibility,2,PASS,0
5314,domain_keyboard,3,PASS,0
5315,domain_localization,4,PASS,0
5316,domain_geometry,89,PASS,0
5317,domain_safety,8,PASS,0
5318,domain_workflows,2,PASS,0
5319,domain_scaling_theme,7,PASS,0
5320,domain_lifecycle,2,PASS,0
5321,domain_navigation,8,PASS,0
5322,domain_dialog_inventory,5,PASS,0
5323,domain_accessibility,9,PASS,0
5324,domain_keyboard,3,PASS,0
5325,domain_localization,4,PASS,0
5326,domain_geometry,32,PASS,0
5327,domain_safety,2,PASS,0
5328,domain_workflows,1,PASS,0
5329,domain_scaling_theme,7,PASS,0
5330,domain_lifecycle,2,PASS,0
5331,domain_navigation,8,PASS,0
5332,domain_dialog_inventory,5,PASS,0
5333,domain_accessibility,7,PASS,0
5334,domain_keyboard,3,PASS,0
5335,domain_localization,4,PASS,0
5336,domain_geometry,18,PASS,0
5337,domain_safety,26,PASS,0
5338,domain_workflows,1,PASS,0
5339,domain_scaling_theme,7,PASS,0
5340,domain_lifecycle,2,PASS,0
5341,domain_navigation,8,PASS,0
5342,domain_dialog_inventory,5,PASS,0
5343,domain_accessibility,2,PASS,0
5344,domain_keyboard,3,PASS,0
5345,domain_localization,4,PASS,0
5346,domain_geometry,6,PASS,0
5347,domain_safety,3,PASS,0
5348,domain_workflows,2,PASS,0
5349,domain_scaling_theme,7,PASS,0
5350,domain_lifecycle,2,PASS,0
5351,domain_navigation,8,PASS,0
5352,domain_dialog_inventory,5,PASS,0
5353,domain_accessibility,2,PASS,0
5354,domain_keyboard,3,PASS,0
5355,domain_localization,4,PASS,0
5356,domain_geometry,9,PASS,0
5357,domain_safety,7,PASS,0
5358,domain_workflows,1,PASS,0
5359,domain_scaling_theme,7,PASS,0
5360,domain_lifecycle,2,PASS,0
5361,domain_navigation,8,PASS,0
5362,domain_dialog_inventory,5,PASS,0
5363,domain_accessibility,1,PASS,0
5364,domain_keyboard,3,PASS,0
5365,domain_localization,4,PASS,0
5366,domain_geometry,19,PASS,0
5367,domain_safety,6,PASS,0
5368,domain_workflows,1,PASS,0
5369,domain_scaling_theme,7,PASS,0
5370,domain_lifecycle,2,PASS,0
5371,domain_navigation,8,PASS,0
5372,domain_dialog_inventory,5,PASS,0
5373,domain_accessibility,1,PASS,0
5374,domain_keyboard,3,PASS,0
5375,domain_localization,4,PASS,0
5376,domain_geometry,34,PASS,0
5377,domain_safety,4,PASS,0
5378,domain_workflows,1,PASS,0
5379,domain_scaling_theme,7,PASS,0
5380,domain_lifecycle,2,PASS,0
5381,domain_navigation,8,PASS,0
5382,domain_dialog_inventory,5,PASS,0
5383,domain_accessibility,3,PASS,0
5384,domain_keyboard,3,PASS,0
5385,domain_localization,4,PASS,0
5386,domain_geometry,13,PASS,0
5387,domain_safety,5,PASS,0
5388,domain_workflows,1,PASS,0
5389,domain_scaling_theme,7,PASS,0
5390,domain_lifecycle,2,PASS,0
5391,domain_navigation,8,PASS,0
5392,domain_dialog_inventory,5,PASS,0
5393,domain_accessibility,6,PASS,0
5394,domain_keyboard,3,PASS,0
5395,domain_localization,4,PASS,0
5396,domain_geometry,8,PASS,0
5397,domain_safety,4,PASS,0
5398,domain_workflows,1,PASS,0
5399,domain_scaling_theme,7,PASS,0
5400,domain_lifecycle,2,PASS,0
5401,domain_navigation,8,PASS,0
5402,domain_dialog_inventory,5,PASS,0
5403,domain_accessibility,7,PASS,0
5404,domain_keyboard,3,PASS,0
5405,domain_localization,4,PASS,0
5406,domain_geometry,32,PASS,0
5407,domain_safety,8,PASS,0
5408,domain_workflows,1,PASS,0
5409,domain_scaling_theme,7,PASS,0
5410,domain_lifecycle,2,PASS,0
5411,domain_navigation,8,PASS,0
5412,domain_dialog_inventory,5,PASS,0
5413,domain_accessibility,4,PASS,0
5414,domain_keyboard,3,PASS,0
5415,domain_localization,4,PASS,0
5416,domain_geometry,9,PASS,0
5417,domain_safety,3,PASS,0
5418,domain_workflows,2,PASS,0
5419,domain_scaling_theme,7,PASS,0
5420,domain_lifecycle,2,PASS,0
5421,domain_navigation,8,PASS,0
5422,domain_dialog_inventory,5,PASS,0
5423,domain_accessibility,4,PASS,0
5424,domain_keyboard,3,PASS,0
5425,domain_localization,4,PASS,0
5426,domain_geometry,7,PASS,0
5427,domain_safety,10,PASS,0
5428,domain_workflows,1,PASS,0
5429,domain_scaling_theme,7,PASS,0
5430,domain_lifecycle,2,PASS,0
5431,domain_navigation,8,PASS,0
5432,domain_dialog_inventory,5,PASS,0
5433,domain_accessibility,1,PASS,0
5434,domain_keyboard,3,PASS,0
5435,domain_localization,4,PASS,0
5436,domain_geometry,7,PASS,0
5437,domain_safety,6,PASS,0
5438,domain_workflows,1,PASS,0
5439,domain_scaling_theme,7,PASS,0
5440,domain_lifecycle,2,PASS,0
5441,domain_navigation,8,PASS,0
5442,domain_dialog_inventory,5,PASS,0
5443,domain_accessibility,7,PASS,0
5444,domain_keyboard,3,PASS,0
5445,domain_localization,4,PASS,0
5446,domain_geometry,5,PASS,0
5447,domain_safety,4,PASS,0
5448,domain_workflows,2,PASS,0
5449,domain_scaling_theme,7,PASS,0
5450,domain_lifecycle,2,PASS,0
5451,domain_navigation,8,PASS,0
5452,domain_dialog_inventory,5,PASS,0
5453,domain_accessibility,11,PASS,0
5454,domain_keyboard,3,PASS,0
5455,domain_localization,4,PASS,0
5456,domain_geometry,16,PASS,0
5457,domain_safety,33,PASS,0
5458,domain_workflows,1,PASS,0
5459,domain_scaling_theme,7,PASS,0
5460,domain_lifecycle,2,PASS,0
5461,domain_navigation,8,PASS,0
5462,domain_dialog_inventory,5,PASS,0
5463,domain_accessibility,6,PASS,0
5464,domain_keyboard,3,PASS,0
5465,domain_localization,4,PASS,0
5466,domain_geometry,9,PASS,0
5467,domain_safety,3,PASS,0
5468,domain_workflows,1,PASS,0
5469,domain_scaling_theme,7,PASS,0
5470,domain_lifecycle,2,PASS,0
5471,domain_navigation,8,PASS,0
5472,domain_dialog_inventory,5,PASS,0
5473,domain_accessibility,5,PASS,0
5474,domain_keyboard,3,PASS,0
5475,domain_localization,4,PASS,0
5476,domain_geometry,18,PASS,0
5477,domain_safety,4,PASS,0
5478,domain_workflows,1,PASS,0
5479,domain_scaling_theme,7,PASS,0
5480,domain_lifecycle,2,PASS,0
5481,domain_navigation,8,PASS,0
5482,domain_dialog_inventory,5,PASS,0
5483,domain_accessibility,4,PASS,0
5484,domain_keyboard,3,PASS,0
5485,domain_localization,4,PASS,0
5486,domain_geometry,5,PASS,0
5487,domain_safety,3,PASS,0
5488,domain_workflows,1,PASS,0
5489,domain_scaling_theme,7,PASS,0
5490,domain_lifecycle,2,PASS,0
5491,domain_navigation,8,PASS,0
5492,domain_dialog_inventory,5,PASS,0
5493,domain_accessibility,0,PASS,0
5494,domain_keyboard,3,PASS,0
5495,domain_localization,4,PASS,0
5496,domain_geometry,7,PASS,0
5497,domain_safety,5,PASS,0
5498,domain_workflows,1,PASS,0
5499,domain_scaling_theme,7,PASS,0
5500,domain_lifecycle,2,PASS,0
5501,domain_navigation,8,PASS,0
5502,domain_dialog_inventory,5,PASS,0
5503,domain_accessibility,1,PASS,0
5504,domain_keyboard,3,PASS,0
5505,domain_localization,4,PASS,0
5506,domain_geometry,2,PASS,0
5507,domain_safety,6,PASS,0
5508,domain_workflows,1,PASS,0
5509,domain_scaling_theme,8,PASS,0
5510,domain_lifecycle,2,PASS,0
5511,domain_navigation,8,PASS,0
5512,domain_dialog_inventory,5,PASS,0
5513,domain_accessibility,1,PASS,0
5514,domain_keyboard,3,PASS,0
5515,domain_localization,4,PASS,0
5516,domain_geometry,63,PASS,0
5517,domain_safety,12,PASS,0
5518,domain_workflows,2,PASS,0
5519,domain_scaling_theme,7,PASS,0
5520,domain_lifecycle,2,PASS,0
5521,domain_navigation,8,PASS,0
5522,domain_dialog_inventory,5,PASS,0
5523,domain_accessibility,1,PASS,0
5524,domain_keyboard,3,PASS,0
5525,domain_localization,4,PASS,0
5526,domain_geometry,5,PASS,0
5527,domain_safety,12,PASS,0
5528,domain_workflows,1,PASS,0
5529,domain_scaling_theme,7,PASS,0
5530,domain_lifecycle,2,PASS,0
5531,domain_navigation,8,PASS,0
5532,domain_dialog_inventory,5,PASS,0
5533,domain_accessibility,0,PASS,0
5534,domain_keyboard,3,PASS,0
5535,domain_localization,4,PASS,0
5536,domain_geometry,9,PASS,0
5537,domain_safety,3,PASS,0
5538,domain_workflows,1,PASS,0
5539,domain_scaling_theme,7,PASS,0
5540,domain_lifecycle,2,PASS,0
5541,domain_navigation,8,PASS,0
5542,domain_dialog_inventory,5,PASS,0
5543,domain_accessibility,1,PASS,0
5544,domain_keyboard,3,PASS,0
5545,domain_localization,4,PASS,0
5546,domain_geometry,26,PASS,0
5547,domain_safety,13,PASS,0
5548,domain_workflows,2,PASS,0
5549,domain_scaling_theme,7,PASS,0
5550,domain_lifecycle,2,PASS,0
5551,domain_navigation,8,PASS,0
5552,domain_dialog_inventory,5,PASS,0
5553,domain_accessibility,4,PASS,0
5554,domain_keyboard,3,PASS,0
5555,domain_localization,4,PASS,0
5556,domain_geometry,32,PASS,0
5557,domain_safety,8,PASS,0
5558,domain_workflows,1,PASS,0
5559,domain_scaling_theme,7,PASS,0
5560,domain_lifecycle,2,PASS,0
5561,domain_navigation,8,PASS,0
5562,domain_dialog_inventory,5,PASS,0
5563,domain_accessibility,0,PASS,0
5564,domain_keyboard,3,PASS,0
5565,domain_localization,4,PASS,0
5566,domain_geometry,55,PASS,0
5567,domain_safety,5,PASS,0
5568,domain_workflows,1,PASS,0
5569,domain_scaling_theme,7,PASS,0
5570,domain_lifecycle,2,PASS,0
5571,domain_navigation,8,PASS,0
5572,domain_dialog_inventory,5,PASS,0
5573,domain_accessibility,3,PASS,0
5574,domain_keyboard,3,PASS,0
5575,domain_localization,4,PASS,0
5576,domain_geometry,18,PASS,0
5577,domain_safety,7,PASS,0
5578,domain_workflows,1,PASS,0
5579,domain_scaling_theme,7,PASS,0
5580,domain_lifecycle,2,PASS,0
5581,domain_navigation,8,PASS,0
5582,domain_dialog_inventory,5,PASS,0
5583,domain_accessibility,2,PASS,0
5584,domain_keyboard,3,PASS,0
5585,domain_localization,4,PASS,0
5586,domain_geometry,9,PASS,0
5587,domain_safety,9,PASS,0
5588,domain_workflows,1,PASS,0
5589,domain_scaling_theme,7,PASS,0
5590,domain_lifecycle,2,PASS,0
5591,domain_navigation,8,PASS,0
5592,domain_dialog_inventory,5,PASS,0
5593,domain_accessibility,9,PASS,0
5594,domain_keyboard,3,PASS,0
5595,domain_localization,4,PASS,0
5596,domain_geometry,33,PASS,0
5597,domain_safety,5,PASS,0
5598,domain_workflows,1,PASS,0
5599,domain_scaling_theme,7,PASS,0
5600,domain_lifecycle,2,PASS,0
5601,domain_navigation,8,PASS,0
5602,domain_dialog_inventory,5,PASS,0
5603,domain_accessibility,4,PASS,0
5604,domain_keyboard,3,PASS,0
5605,domain_localization,4,PASS,0
5606,domain_geometry,15,PASS,0
5607,domain_safety,16,PASS,0
5608,domain_workflows,1,PASS,0
5609,domain_scaling_theme,7,PASS,0
5610,domain_lifecycle,2,PASS,0
5611,domain_navigation,8,PASS,0
5612,domain_dialog_inventory,5,PASS,0
5613,domain_accessibility,1,PASS,0
5614,domain_keyboard,3,PASS,0
5615,domain_localization,4,PASS,0
5616,domain_geometry,6,PASS,0
5617,domain_safety,6,PASS,0
5618,domain_workflows,2,PASS,0
5619,domain_scaling_theme,7,PASS,0
5620,domain_lifecycle,2,PASS,0
5621,domain_navigation,8,PASS,0
5622,domain_dialog_inventory,5,PASS,0
5623,domain_accessibility,2,PASS,0
5624,domain_keyboard,3,PASS,0
5625,domain_localization,4,PASS,0
5626,domain_geometry,89,PASS,0
5627,domain_safety,8,PASS,0
5628,domain_workflows,1,PASS,0
5629,domain_scaling_theme,7,PASS,0
5630,domain_lifecycle,2,PASS,0
5631,domain_navigation,8,PASS,0
5632,domain_dialog_inventory,5,PASS,0
5633,domain_accessibility,9,PASS,0
5634,domain_keyboard,3,PASS,0
5635,domain_localization,4,PASS,0
5636,domain_geometry,32,PASS,0
5637,domain_safety,2,PASS,0
5638,domain_workflows,1,PASS,0
5639,domain_scaling_theme,7,PASS,0
5640,domain_lifecycle,2,PASS,0
5641,domain_navigation,8,PASS,0
5642,domain_dialog_inventory,5,PASS,0
5643,domain_accessibility,7,PASS,0
5644,domain_keyboard,3,PASS,0
5645,domain_localization,4,PASS,0
5646,domain_geometry,18,PASS,0
5647,domain_safety,26,PASS,0
5648,domain_workflows,2,PASS,0
5649,domain_scaling_theme,7,PASS,0
5650,domain_lifecycle,2,PASS,0
5651,domain_navigation,8,PASS,0
5652,domain_dialog_inventory,5,PASS,0
5653,domain_accessibility,2,PASS,0
5654,domain_keyboard,3,PASS,0
5655,domain_localization,4,PASS,0
5656,domain_geometry,6,PASS,0
5657,domain_safety,5,PASS,0
5658,domain_workflows,1,PASS,0
5659,domain_scaling_theme,7,PASS,0
5660,domain_lifecycle,2,PASS,0
5661,domain_navigation,8,PASS,0
5662,domain_dialog_inventory,5,PASS,0
5663,domain_accessibility,2,PASS,0
5664,domain_keyboard,3,PASS,0
5665,domain_localization,4,PASS,0
5666,domain_geometry,9,PASS,0
5667,domain_safety,5,PASS,0
5668,domain_workflows,1,PASS,0
5669,domain_scaling_theme,7,PASS,0
5670,domain_lifecycle,2,PASS,0
5671,domain_navigation,8,PASS,0
5672,domain_dialog_inventory,5,PASS,0
5673,domain_accessibility,1,PASS,0
5674,domain_keyboard,3,PASS,0
5675,domain_localization,4,PASS,0
5676,domain_geometry,19,PASS,0
5677,domain_safety,6,PASS,0
5678,domain_workflows,1,PASS,0
5679,domain_scaling_theme,7,PASS,0
5680,domain_lifecycle,2,PASS,0
5681,domain_navigation,8,PASS,0
5682,domain_dialog_inventory,5,PASS,0
5683,domain_accessibility,1,PASS,0
5684,domain_keyboard,3,PASS,0
5685,domain_localization,4,PASS,0
5686,domain_geometry,34,PASS,0
5687,domain_safety,4,PASS,0
5688,domain_workflows,1,PASS,0
5689,domain_scaling_theme,7,PASS,0
5690,domain_lifecycle,2,PASS,0
5691,domain_navigation,8,PASS,0
5692,domain_dialog_inventory,5,PASS,0
5693,domain_accessibility,3,PASS,0
5694,domain_keyboard,3,PASS,0
5695,domain_localization,4,PASS,0
5696,domain_geometry,13,PASS,0
5697,domain_safety,5,PASS,0
5698,domain_workflows,1,PASS,0
5699,domain_scaling_theme,7,PASS,0
5700,domain_lifecycle,2,PASS,0
5701,domain_navigation,8,PASS,0
5702,domain_dialog_inventory,5,PASS,0
5703,domain_accessibility,6,PASS,0
5704,domain_keyboard,3,PASS,0
5705,domain_localization,4,PASS,0
5706,domain_geometry,8,PASS,0
5707,domain_safety,4,PASS,0
5708,domain_workflows,1,PASS,0
5709,domain_scaling_theme,7,PASS,0
5710,domain_lifecycle,2,PASS,0
5711,domain_navigation,8,PASS,0
5712,domain_dialog_inventory,5,PASS,0
5713,domain_accessibility,7,PASS,0
5714,domain_keyboard,3,PASS,0
5715,domain_localization,4,PASS,0
5716,domain_geometry,32,PASS,0
5717,domain_safety,6,PASS,0
5718,domain_workflows,2,PASS,0
5719,domain_scaling_theme,7,PASS,0
5720,domain_lifecycle,2,PASS,0
5721,domain_navigation,8,PASS,0
5722,domain_dialog_inventory,5,PASS,0
5723,domain_accessibility,4,PASS,0
5724,domain_keyboard,3,PASS,0
5725,domain_localization,4,PASS,0
5726,domain_geometry,9,PASS,0
5727,domain_safety,3,PASS,0
5728,domain_workflows,1,PASS,0
5729,domain_scaling_theme,7,PASS,0
5730,domain_lifecycle,2,PASS,0
5731,domain_navigation,8,PASS,0
5732,domain_dialog_inventory,5,PASS,0
5733,domain_accessibility,4,PASS,0
5734,domain_keyboard,3,PASS,0
5735,domain_localization,4,PASS,0
5736,domain_geometry,7,PASS,0
5737,domain_safety,10,PASS,0
5738,domain_workflows,1,PASS,0
5739,domain_scaling_theme,7,PASS,0
5740,domain_lifecycle,2,PASS,0
5741,domain_navigation,8,PASS,0
5742,domain_dialog_inventory,5,PASS,0
5743,domain_accessibility,1,PASS,0
5744,domain_keyboard,3,PASS,0
5745,domain_localization,4,PASS,0
5746,domain_geometry,7,PASS,0
5747,domain_safety,6,PASS,0
5748,domain_workflows,2,PASS,0
5749,domain_scaling_theme,7,PASS,0
5750,domain_lifecycle,2,PASS,0
5751,domain_navigation,8,PASS,0
5752,domain_dialog_inventory,5,PASS,0
5753,domain_accessibility,7,PASS,0
5754,domain_keyboard,3,PASS,0
5755,domain_localization,4,PASS,0
5756,domain_geometry,5,PASS,0
5757,domain_safety,6,PASS,0
5758,domain_workflows,1,PASS,0
5759,domain_scaling_theme,8,PASS,0
5760,domain_lifecycle,2,PASS,0
5761,domain_navigation,8,PASS,0
5762,domain_dialog_inventory,5,PASS,0
5763,domain_accessibility,11,PASS,0
5764,domain_keyboard,3,PASS,0
5765,domain_localization,4,PASS,0
5766,domain_geometry,16,PASS,0
5767,domain_safety,31,PASS,0
5768,domain_workflows,1,PASS,0
5769,domain_scaling_theme,7,PASS,0
5770,domain_lifecycle,2,PASS,0
5771,domain_navigation,8,PASS,0
5772,domain_dialog_inventory,5,PASS,0
5773,domain_accessibility,6,PASS,0
5774,domain_keyboard,3,PASS,0
5775,domain_localization,4,PASS,0
5776,domain_geometry,9,PASS,0
5777,domain_safety,3,PASS,0
5778,domain_workflows,1,PASS,0
5779,domain_scaling_theme,7,PASS,0
5780,domain_lifecycle,2,PASS,0
5781,domain_navigation,8,PASS,0
5782,domain_dialog_inventory,5,PASS,0
5783,domain_accessibility,5,PASS,0
5784,domain_keyboard,3,PASS,0
5785,domain_localization,4,PASS,0
5786,domain_geometry,18,PASS,0
5787,domain_safety,4,PASS,0
5788,domain_workflows,1,PASS,0
5789,domain_scaling_theme,7,PASS,0
5790,domain_lifecycle,2,PASS,0
5791,domain_navigation,8,PASS,0
5792,domain_dialog_inventory,5,PASS,0
5793,domain_accessibility,4,PASS,0
5794,domain_keyboard,3,PASS,0
5795,domain_localization,4,PASS,0
5796,domain_geometry,5,PASS,0
5797,domain_safety,3,PASS,0
5798,domain_workflows,1,PASS,0
5799,domain_scaling_theme,7,PASS,0
5800,domain_lifecycle,2,PASS,0
5801,domain_navigation,8,PASS,0
5802,domain_dialog_inventory,5,PASS,0
5803,domain_accessibility,0,PASS,0
5804,domain_keyboard,3,PASS,0
5805,domain_localization,4,PASS,0
5806,domain_geometry,7,PASS,0
5807,domain_safety,7,PASS,0
5808,domain_workflows,1,PASS,0
5809,domain_scaling_theme,7,PASS,0
5810,domain_lifecycle,2,PASS,0
5811,domain_navigation,8,PASS,0
5812,domain_dialog_inventory,5,PASS,0
5813,domain_accessibility,1,PASS,0
5814,domain_keyboard,3,PASS,0
5815,domain_localization,4,PASS,0
5816,domain_geometry,2,PASS,0
5817,domain_safety,4,PASS,0
5818,domain_workflows,2,PASS,0
5819,domain_scaling_theme,7,PASS,0
5820,domain_lifecycle,2,PASS,0
5821,domain_navigation,8,PASS,0
5822,domain_dialog_inventory,5,PASS,0
5823,domain_accessibility,1,PASS,0
5824,domain_keyboard,3,PASS,0
5825,domain_localization,4,PASS,0
5826,domain_geometry,63,PASS,0
5827,domain_safety,12,PASS,0
5828,domain_workflows,1,PASS,0
5829,domain_scaling_theme,7,PASS,0
5830,domain_lifecycle,2,PASS,0
5831,domain_navigation,8,PASS,0
5832,domain_dialog_inventory,5,PASS,0
5833,domain_accessibility,1,PASS,0
5834,domain_keyboard,3,PASS,0
5835,domain_localization,4,PASS,0
5836,domain_geometry,5,PASS,0
5837,domain_safety,12,PASS,0
5838,domain_workflows,1,PASS,0
5839,domain_scaling_theme,7,PASS,0
5840,domain_lifecycle,2,PASS,0
5841,domain_navigation,8,PASS,0
5842,domain_dialog_inventory,5,PASS,0
5843,domain_accessibility,0,PASS,0
5844,domain_keyboard,3,PASS,0
5845,domain_localization,4,PASS,0
5846,domain_geometry,9,PASS,0
5847,domain_safety,3,PASS,0
5848,domain_workflows,2,PASS,0
5849,domain_scaling_theme,7,PASS,0
5850,domain_lifecycle,2,PASS,0
5851,domain_navigation,8,PASS,0
5852,domain_dialog_inventory,5,PASS,0
5853,domain_accessibility,1,PASS,0
5854,domain_keyboard,3,PASS,0
5855,domain_localization,4,PASS,0
5856,domain_geometry,26,PASS,0
5857,domain_safety,15,PASS,0
5858,domain_workflows,1,PASS,0
5859,domain_scaling_theme,7,PASS,0
5860,domain_lifecycle,2,PASS,0
5861,domain_navigation,8,PASS,0
5862,domain_dialog_inventory,5,PASS,0
5863,domain_accessibility,4,PASS,0
5864,domain_keyboard,3,PASS,0
5865,domain_localization,4,PASS,0
5866,domain_geometry,32,PASS,0
5867,domain_safety,8,PASS,0
5868,domain_workflows,1,PASS,0
5869,domain_scaling_theme,7,PASS,0
5870,domain_lifecycle,2,PASS,0
5871,domain_navigation,8,PASS,0
5872,domain_dialog_inventory,5,PASS,0
5873,domain_accessibility,0,PASS,0
5874,domain_keyboard,3,PASS,0
5875,domain_localization,4,PASS,0
5876,domain_geometry,55,PASS,0
5877,domain_safety,5,PASS,0
5878,domain_workflows,1,PASS,0
5879,domain_scaling_theme,7,PASS,0
5880,domain_lifecycle,2,PASS,0
5881,domain_navigation,8,PASS,0
5882,domain_dialog_inventory,5,PASS,0
5883,domain_accessibility,3,PASS,0
5884,domain_keyboard,3,PASS,0
5885,domain_localization,4,PASS,0
5886,domain_geometry,18,PASS,0
5887,domain_safety,7,PASS,0
5888,domain_workflows,1,PASS,0
5889,domain_scaling_theme,7,PASS,0
5890,domain_lifecycle,2,PASS,0
5891,domain_navigation,8,PASS,0
5892,domain_dialog_inventory,5,PASS,0
5893,domain_accessibility,2,PASS,0
5894,domain_keyboard,3,PASS,0
5895,domain_localization,4,PASS,0
5896,domain_geometry,9,PASS,0
5897,domain_safety,9,PASS,0
5898,domain_workflows,1,PASS,0
5899,domain_scaling_theme,7,PASS,0
5900,domain_lifecycle,2,PASS,0
5901,domain_navigation,8,PASS,0
5902,domain_dialog_inventory,5,PASS,0
5903,domain_accessibility,9,PASS,0
5904,domain_keyboard,3,PASS,0
5905,domain_localization,4,PASS,0
5906,domain_geometry,33,PASS,0
5907,domain_safety,7,PASS,0
5908,domain_workflows,1,PASS,0
5909,domain_scaling_theme,7,PASS,0
5910,domain_lifecycle,2,PASS,0
5911,domain_navigation,8,PASS,0
5912,domain_dialog_inventory,5,PASS,0
5913,domain_accessibility,4,PASS,0
5914,domain_keyboard,3,PASS,0
5915,domain_localization,4,PASS,0
5916,domain_geometry,15,PASS,0
5917,domain_safety,14,PASS,0
5918,domain_workflows,2,PASS,0
5919,domain_scaling_theme,7,PASS,0
5920,domain_lifecycle,2,PASS,0
5921,domain_navigation,8,PASS,0
5922,domain_dialog_inventory,5,PASS,0
5923,domain_accessibility,1,PASS,0
5924,domain_keyboard,3,PASS,0
5925,domain_localization,4,PASS,0
5926,domain_geometry,6,PASS,0
5927,domain_safety,6,PASS,0
5928,domain_workflows,1,PASS,0
5929,domain_scaling_theme,7,PASS,0
5930,domain_lifecycle,2,PASS,0
5931,domain_navigation,8,PASS,0
5932,domain_dialog_inventory,5,PASS,0
5933,domain_accessibility,2,PASS,0
5934,domain_keyboard,3,PASS,0
5935,domain_localization,4,PASS,0
5936,domain_geometry,89,PASS,0
5937,domain_safety,8,PASS,0
5938,domain_workflows,1,PASS,0
5939,domain_scaling_theme,7,PASS,0
5940,domain_lifecycle,2,PASS,0
5941,domain_navigation,8,PASS,0
5942,domain_dialog_inventory,5,PASS,0
5943,domain_accessibility,9,PASS,0
5944,domain_keyboard,3,PASS,0
5945,domain_localization,4,PASS,0
5946,domain_geometry,32,PASS,0
5947,domain_safety,2,PASS,0
5948,domain_workflows,2,PASS,0
5949,domain_scaling_theme,7,PASS,0
5950,domain_lifecycle,2,PASS,0
5951,domain_navigation,8,PASS,0
5952,domain_dialog_inventory,5,PASS,0
5953,domain_accessibility,7,PASS,0
5954,domain_keyboard,3,PASS,0
5955,domain_localization,4,PASS,0
5956,domain_geometry,18,PASS,0
5957,domain_safety,26,PASS,0
5958,domain_workflows,1,PASS,0
5959,domain_scaling_theme,7,PASS,0
5960,domain_lifecycle,2,PASS,0
5961,domain_navigation,8,PASS,0
5962,domain_dialog_inventory,5,PASS,0
5963,domain_accessibility,2,PASS,0
5964,domain_keyboard,3,PASS,0
5965,domain_localization,4,PASS,0
5966,domain_geometry,6,PASS,0
5967,domain_safety,3,PASS,0
5968,domain_workflows,1,PASS,0
5969,domain_scaling_theme,7,PASS,0
5970,domain_lifecycle,2,PASS,0
5971,domain_navigation,8,PASS,0
5972,domain_dialog_inventory,5,PASS,0
5973,domain_accessibility,2,PASS,0
5974,domain_keyboard,3,PASS,0
5975,domain_localization,4,PASS,0
5976,domain_geometry,9,PASS,0
5977,domain_safety,5,PASS,0
5978,domain_workflows,1,PASS,0
5979,domain_scaling_theme,7,PASS,0
5980,domain_lifecycle,2,PASS,0
5981,domain_navigation,8,PASS,0
5982,domain_dialog_inventory,5,PASS,0
5983,domain_accessibility,1,PASS,0
5984,domain_keyboard,3,PASS,0
5985,domain_localization,4,PASS,0
5986,domain_geometry,19,PASS,0
5987,domain_safety,6,PASS,0
5988,domain_workflows,1,PASS,0
5989,domain_scaling_theme,7,PASS,0
5990,domain_lifecycle,2,PASS,0
5991,domain_navigation,8,PASS,0
5992,domain_dialog_inventory,5,PASS,0
5993,domain_accessibility,1,PASS,0
5994,domain_keyboard,3,PASS,0
5995,domain_localization,4,PASS,0
5996,domain_geometry,34,PASS,0
5997,domain_safety,4,PASS,0
5998,domain_workflows,1,PASS,0
5999,domain_scaling_theme,7,PASS,0
6000,domain_lifecycle,2,PASS,0
6001,domain_navigation,8,PASS,0
6002,domain_dialog_inventory,5,PASS,0
6003,domain_accessibility,3,PASS,0
6004,domain_keyboard,3,PASS,0
6005,domain_localization,4,PASS,0
6006,domain_geometry,13,PASS,0
6007,domain_safety,7,PASS,0
6008,domain_workflows,1,PASS,0
6009,domain_scaling_theme,8,PASS,0
6010,domain_lifecycle,2,PASS,0
6011,domain_navigation,8,PASS,0
6012,domain_dialog_inventory,5,PASS,0
6013,domain_accessibility,6,PASS,0
6014,domain_keyboard,3,PASS,0
6015,domain_localization,4,PASS,0
6016,domain_geometry,8,PASS,0
6017,domain_safety,4,PASS,0
6018,domain_workflows,2,PASS,0
6019,domain_scaling_theme,7,PASS,0
6020,domain_lifecycle,2,PASS,0
6021,domain_navigation,8,PASS,0
6022,domain_dialog_inventory,5,PASS,0
6023,domain_accessibility,39,PASS,0
6024,domain_keyboard,3,PASS,0
6025,domain_localization,4,PASS,0
6026,domain_geometry,32,PASS,0
6027,domain_safety,6,PASS,0
6028,domain_workflows,1,PASS,0
6029,domain_scaling_theme,7,PASS,0
6030,domain_lifecycle,2,PASS,0
6031,domain_navigation,8,PASS,0
6032,domain_dialog_inventory,5,PASS,0
6033,domain_accessibility,4,PASS,0
6034,domain_keyboard,3,PASS,0
6035,domain_localization,4,PASS,0
6036,domain_geometry,9,PASS,0
6037,domain_safety,3,PASS,0
6038,domain_workflows,1,PASS,0
6039,domain_scaling_theme,7,PASS,0
6040,domain_lifecycle,2,PASS,0
6041,domain_navigation,8,PASS,0
6042,domain_dialog_inventory,5,PASS,0
6043,domain_accessibility,4,PASS,0
6044,domain_keyboard,3,PASS,0
6045,domain_localization,4,PASS,0
6046,domain_geometry,7,PASS,0
6047,domain_safety,10,PASS,0
6048,domain_workflows,2,PASS,0
6049,domain_scaling_theme,7,PASS,0
6050,domain_lifecycle,2,PASS,0
6051,domain_navigation,8,PASS,0
6052,domain_dialog_inventory,5,PASS,0
6053,domain_accessibility,1,PASS,0
6054,domain_keyboard,3,PASS,0
6055,domain_localization,4,PASS,0
6056,domain_geometry,7,PASS,0
6057,domain_safety,6,PASS,0
6058,domain_workflows,1,PASS,0
6059,domain_scaling_theme,7,PASS,0
6060,domain_lifecycle,2,PASS,0
6061,domain_navigation,8,PASS,0
6062,domain_dialog_inventory,5,PASS,0
6063,domain_accessibility,7,PASS,0
6064,domain_keyboard,3,PASS,0
6065,domain_localization,4,PASS,0
6066,domain_geometry,5,PASS,0
6067,domain_safety,4,PASS,0
6068,domain_workflows,1,PASS,0
6069,domain_scaling_theme,7,PASS,0
6070,domain_lifecycle,2,PASS,0
6071,domain_navigation,8,PASS,0
6072,domain_dialog_inventory,5,PASS,0
6073,domain_accessibility,11,PASS,0
6074,domain_keyboard,3,PASS,0
6075,domain_localization,4,PASS,0
6076,domain_geometry,16,PASS,0
6077,domain_safety,31,PASS,0
6078,domain_workflows,1,PASS,0
6079,domain_scaling_theme,7,PASS,0
6080,domain_lifecycle,2,PASS,0
6081,domain_navigation,8,PASS,0
6082,domain_dialog_inventory,5,PASS,0
6083,domain_accessibility,6,PASS,0
6084,domain_keyboard,3,PASS,0
6085,domain_localization,4,PASS,0
6086,domain_geometry,9,PASS,0
6087,domain_safety,3,PASS,0
6088,domain_workflows,1,PASS,0
6089,domain_scaling_theme,7,PASS,0
6090,domain_lifecycle,2,PASS,0
6091,domain_navigation,8,PASS,0
6092,domain_dialog_inventory,5,PASS,0
6093,domain_accessibility,5,PASS,0
6094,domain_keyboard,3,PASS,0
6095,domain_localization,4,PASS,0
6096,domain_geometry,18,PASS,0
6097,domain_safety,4,PASS,0
6098,domain_workflows,1,PASS,0
6099,domain_scaling_theme,7,PASS,0
6100,domain_lifecycle,2,PASS,0
6101,domain_navigation,8,PASS,0
6102,domain_dialog_inventory,5,PASS,0
6103,domain_accessibility,4,PASS,0
6104,domain_keyboard,3,PASS,0
6105,domain_localization,4,PASS,0
6106,domain_geometry,5,PASS,0
6107,domain_safety,3,PASS,0
6108,domain_workflows,1,PASS,0
6109,domain_scaling_theme,7,PASS,0
6110,domain_lifecycle,2,PASS,0
6111,domain_navigation,8,PASS,0
6112,domain_dialog_inventory,5,PASS,0
6113,domain_accessibility,0,PASS,0
6114,domain_keyboard,3,PASS,0
6115,domain_localization,4,PASS,0
6116,domain_geometry,7,PASS,0
6117,domain_safety,5,PASS,0
6118,domain_workflows,2,PASS,0
6119,domain_scaling_theme,7,PASS,0
6120,domain_lifecycle,2,PASS,0
6121,domain_navigation,8,PASS,0
6122,domain_dialog_inventory,5,PASS,0
6123,domain_accessibility,1,PASS,0
6124,domain_keyboard,3,PASS,0
6125,domain_localization,4,PASS,0
6126,domain_geometry,2,PASS,0
6127,domain_safety,4,PASS,0
6128,domain_workflows,1,PASS,0
6129,domain_scaling_theme,7,PASS,0
6130,domain_lifecycle,2,PASS,0
6131,domain_navigation,8,PASS,0
6132,domain_dialog_inventory,5,PASS,0
6133,domain_accessibility,1,PASS,0
6134,domain_keyboard,3,PASS,0
6135,domain_localization,4,PASS,0
6136,domain_geometry,63,PASS,0
6137,domain_safety,12,PASS,0
6138,domain_workflows,1,PASS,0
6139,domain_scaling_theme,7,PASS,0
6140,domain_lifecycle,2,PASS,0
6141,domain_navigation,8,PASS,0
6142,domain_dialog_inventory,5,PASS,0
6143,domain_accessibility,1,PASS,0
6144,domain_keyboard,3,PASS,0
6145,domain_localization,4,PASS,0
6146,domain_geometry,5,PASS,0
6147,domain_safety,12,PASS,0
6148,domain_workflows,2,PASS,0
6149,domain_scaling_theme,7,PASS,0
6150,domain_lifecycle,2,PASS,0
6151,domain_navigation,8,PASS,0
6152,domain_dialog_inventory,5,PASS,0
6153,domain_accessibility,0,PASS,0
6154,domain_keyboard,3,PASS,0
6155,domain_localization,4,PASS,0
6156,domain_geometry,9,PASS,0
6157,domain_safety,5,PASS,0
6158,domain_workflows,1,PASS,0
6159,domain_scaling_theme,7,PASS,0
6160,domain_lifecycle,2,PASS,0
6161,domain_navigation,8,PASS,0
6162,domain_dialog_inventory,5,PASS,0
6163,domain_accessibility,1,PASS,0
6164,domain_keyboard,3,PASS,0
6165,domain_localization,4,PASS,0
6166,domain_geometry,26,PASS,0
6167,domain_safety,13,PASS,0
6168,domain_workflows,1,PASS,0
6169,domain_scaling_theme,7,PASS,0
6170,domain_lifecycle,2,PASS,0
6171,domain_navigation,8,PASS,0
6172,domain_dialog_inventory,5,PASS,0
6173,domain_accessibility,4,PASS,0
6174,domain_keyboard,3,PASS,0
6175,domain_localization,4,PASS,0
6176,domain_geometry,32,PASS,0
6177,domain_safety,8,PASS,0
6178,domain_workflows,1,PASS,0
6179,domain_scaling_theme,7,PASS,0
6180,domain_lifecycle,2,PASS,0
6181,domain_navigation,8,PASS,0
6182,domain_dialog_inventory,5,PASS,0
6183,domain_accessibility,0,PASS,0
6184,domain_keyboard,3,PASS,0
6185,domain_localization,4,PASS,0
6186,domain_geometry,55,PASS,0
6187,domain_safety,5,PASS,0
6188,domain_workflows,1,PASS,0
6189,domain_scaling_theme,7,PASS,0
6190,domain_lifecycle,2,PASS,0
6191,domain_navigation,8,PASS,0
6192,domain_dialog_inventory,5,PASS,0
6193,domain_accessibility,3,PASS,0
6194,domain_keyboard,3,PASS,0
6195,domain_localization,4,PASS,0
6196,domain_geometry,18,PASS,0
6197,domain_safety,7,PASS,0
6198,domain_workflows,1,PASS,0
6199,domain_scaling_theme,7,PASS,0
6200,domain_lifecycle,2,PASS,0
6201,domain_navigation,8,PASS,0
6202,domain_dialog_inventory,5,PASS,0
6203,domain_accessibility,2,PASS,0
6204,domain_keyboard,3,PASS,0
6205,domain_localization,4,PASS,0
6206,domain_geometry,9,PASS,0
6207,domain_safety,11,PASS,0
6208,domain_workflows,1,PASS,0
6209,domain_scaling_theme,7,PASS,0
6210,domain_lifecycle,2,PASS,0
6211,domain_navigation,8,PASS,0
6212,domain_dialog_inventory,5,PASS,0
6213,domain_accessibility,9,PASS,0
6214,domain_keyboard,3,PASS,0
6215,domain_localization,4,PASS,0
6216,domain_geometry,33,PASS,0
6217,domain_safety,5,PASS,0
6218,domain_workflows,2,PASS,0
6219,domain_scaling_theme,7,PASS,0
6220,domain_lifecycle,2,PASS,0
6221,domain_navigation,8,PASS,0
6222,domain_dialog_inventory,5,PASS,0
6223,domain_accessibility,4,PASS,0
6224,domain_keyboard,3,PASS,0
6225,domain_localization,4,PASS,0
6226,domain_geometry,15,PASS,0
6227,domain_safety,14,PASS,0
6228,domain_workflows,1,PASS,0
6229,domain_scaling_theme,7,PASS,0
6230,domain_lifecycle,2,PASS,0
6231,domain_navigation,8,PASS,0
6232,domain_dialog_inventory,5,PASS,0
6233,domain_accessibility,1,PASS,0
6234,domain_keyboard,3,PASS,0
6235,domain_localization,4,PASS,0
6236,domain_geometry,6,PASS,0
6237,domain_safety,6,PASS,0
6238,domain_workflows,1,PASS,0
6239,domain_scaling_theme,7,PASS,0
6240,domain_lifecycle,2,PASS,0
6241,domain_navigation,8,PASS,0
6242,domain_dialog_inventory,5,PASS,0
6243,domain_accessibility,2,PASS,0
6244,domain_keyboard,3,PASS,0
6245,domain_localization,4,PASS,0
6246,domain_geometry,89,PASS,0
6247,domain_safety,8,PASS,0
6248,domain_workflows,2,PASS,0
6249,domain_scaling_theme,7,PASS,0
6250,domain_lifecycle,2,PASS,0
6251,domain_navigation,8,PASS,0
6252,domain_dialog_inventory,5,PASS,0
6253,domain_accessibility,9,PASS,0
6254,domain_keyboard,3,PASS,0
6255,domain_localization,4,PASS,0
6256,domain_geometry,32,PASS,0
6257,domain_safety,4,PASS,0
6258,domain_workflows,1,PASS,0
6259,domain_scaling_theme,8,PASS,0
6260,domain_lifecycle,2,PASS,0
6261,domain_navigation,8,PASS,0
6262,domain_dialog_inventory,5,PASS,0
6263,domain_accessibility,7,PASS,0
6264,domain_keyboard,3,PASS,0
6265,domain_localization,4,PASS,0
6266,domain_geometry,18,PASS,0
6267,domain_safety,26,PASS,0
6268,domain_workflows,1,PASS,0
6269,domain_scaling_theme,7,PASS,0
6270,domain_lifecycle,2,PASS,0
6271,domain_navigation,8,PASS,0
6272,domain_dialog_inventory,5,PASS,0
6273,domain_accessibility,2,PASS,0
6274,domain_keyboard,3,PASS,0
6275,domain_localization,4,PASS,0
6276,domain_geometry,6,PASS,0
6277,domain_safety,3,PASS,0
6278,domain_workflows,1,PASS,0
6279,domain_scaling_theme,7,PASS,0
6280,domain_lifecycle,2,PASS,0
6281,domain_navigation,8,PASS,0
6282,domain_dialog_inventory,5,PASS,0
6283,domain_accessibility,2,PASS,0
6284,domain_keyboard,3,PASS,0
6285,domain_localization,4,PASS,0
6286,domain_geometry,9,PASS,0
6287,domain_safety,5,PASS,0
6288,domain_workflows,1,PASS,0
6289,domain_scaling_theme,7,PASS,0
6290,domain_lifecycle,2,PASS,0
6291,domain_navigation,8,PASS,0
6292,domain_dialog_inventory,5,PASS,0
6293,domain_accessibility,1,PASS,0
6294,domain_keyboard,3,PASS,0
6295,domain_localization,4,PASS,0
6296,domain_geometry,19,PASS,0
6297,domain_safety,6,PASS,0
6298,domain_workflows,1,PASS,0
6299,domain_scaling_theme,7,PASS,0
6300,domain_lifecycle,2,PASS,0
6301,domain_navigation,8,PASS,0
6302,domain_dialog_inventory,5,PASS,0
6303,domain_accessibility,1,PASS,0
6304,domain_keyboard,3,PASS,0
6305,domain_localization,4,PASS,0
6306,domain_geometry,34,PASS,0
6307,domain_safety,6,PASS,0
6308,domain_workflows,1,PASS,0
6309,domain_scaling_theme,7,PASS,0
6310,domain_lifecycle,2,PASS,0
6311,domain_navigation,8,PASS,0
6312,domain_dialog_inventory,5,PASS,0
6313,domain_accessibility,3,PASS,0
6314,domain_keyboard,3,PASS,0
6315,domain_localization,4,PASS,0
6316,domain_geometry,13,PASS,0
6317,domain_safety,5,PASS,0
6318,domain_workflows,2,PASS,0
6319,domain_scaling_theme,7,PASS,0
6320,domain_lifecycle,2,PASS,0
6321,domain_navigation,8,PASS,0
6322,domain_dialog_inventory,5,PASS,0
6323,domain_accessibility,6,PASS,0
6324,domain_keyboard,3,PASS,0
6325,domain_localization,4,PASS,0
6326,domain_geometry,8,PASS,0
6327,domain_safety,4,PASS,0
6328,domain_workflows,1,PASS,0
6329,domain_scaling_theme,7,PASS,0
6330,domain_lifecycle,2,PASS,0
6331,domain_navigation,8,PASS,0
6332,domain_dialog_inventory,5,PASS,0
6333,domain_accessibility,39,PASS,0
6334,domain_keyboard,3,PASS,0
6335,domain_localization,4,PASS,0
6336,domain_geometry,32,PASS,0
6337,domain_safety,6,PASS,0
6338,domain_workflows,1,PASS,0
6339,domain_scaling_theme,7,PASS,0
6340,domain_lifecycle,2,PASS,0
6341,domain_navigation,8,PASS,0
6342,domain_dialog_inventory,5,PASS,0
6343,domain_accessibility,4,PASS,0
6344,domain_keyboard,3,PASS,0
6345,domain_localization,4,PASS,0
6346,domain_geometry,9,PASS,0
6347,domain_safety,3,PASS,0
6348,domain_workflows,2,PASS,0
6349,domain_scaling_theme,7,PASS,0
6350,domain_lifecycle,2,PASS,0
6351,domain_navigation,8,PASS,0
6352,domain_dialog_inventory,5,PASS,0
6353,domain_accessibility,4,PASS,0
6354,domain_keyboard,3,PASS,0
6355,domain_localization,4,PASS,0
6356,domain_geometry,7,PASS,0
6357,domain_safety,12,PASS,0
6358,domain_workflows,1,PASS,0
6359,domain_scaling_theme,7,PASS,0
6360,domain_lifecycle,2,PASS,0
6361,domain_navigation,8,PASS,0
6362,domain_dialog_inventory,5,PASS,0
6363,domain_accessibility,1,PASS,0
6364,domain_keyboard,3,PASS,0
6365,domain_localization,4,PASS,0
6366,domain_geometry,7,PASS,0
6367,domain_safety,6,PASS,0
6368,domain_workflows,1,PASS,0
6369,domain_scaling_theme,7,PASS,0
6370,domain_lifecycle,2,PASS,0
6371,domain_navigation,8,PASS,0
6372,domain_dialog_inventory,5,PASS,0
6373,domain_accessibility,7,PASS,0
6374,domain_keyboard,3,PASS,0
6375,domain_localization,4,PASS,0
6376,domain_geometry,5,PASS,0
6377,domain_safety,4,PASS,0
6378,domain_workflows,1,PASS,0
6379,domain_scaling_theme,7,PASS,0
6380,domain_lifecycle,2,PASS,0
6381,domain_navigation,8,PASS,0
6382,domain_dialog_inventory,5,PASS,0
6383,domain_accessibility,11,PASS,0
6384,domain_keyboard,3,PASS,0
6385,domain_localization,4,PASS,0
6386,domain_geometry,16,PASS,0
6387,domain_safety,31,PASS,0
6388,domain_workflows,1,PASS,0
6389,domain_scaling_theme,7,PASS,0
6390,domain_lifecycle,2,PASS,0
6391,domain_navigation,8,PASS,0
6392,domain_dialog_inventory,5,PASS,0
6393,domain_accessibility,6,PASS,0
6394,domain_keyboard,3,PASS,0
6395,domain_localization,4,PASS,0
6396,domain_geometry,9,PASS,0
6397,domain_safety,3,PASS,0
6398,domain_workflows,1,PASS,0
6399,domain_scaling_theme,7,PASS,0
6400,domain_lifecycle,2,PASS,0
6401,domain_navigation,8,PASS,0
6402,domain_dialog_inventory,5,PASS,0
6403,domain_accessibility,5,PASS,0
6404,domain_keyboard,3,PASS,0
6405,domain_localization,4,PASS,0
6406,domain_geometry,18,PASS,0
6407,domain_safety,6,PASS,0
6408,domain_workflows,1,PASS,0
6409,domain_scaling_theme,7,PASS,0
6410,domain_lifecycle,2,PASS,0
6411,domain_navigation,8,PASS,0
6412,domain_dialog_inventory,5,PASS,0
6413,domain_accessibility,4,PASS,0
6414,domain_keyboard,3,PASS,0
6415,domain_localization,4,PASS,0
6416,domain_geometry,5,PASS,0
6417,domain_safety,3,PASS,0
6418,domain_workflows,2,PASS,0
6419,domain_scaling_theme,7,PASS,0
6420,domain_lifecycle,2,PASS,0
6421,domain_navigation,8,PASS,0
6422,domain_dialog_inventory,5,PASS,0
6423,domain_accessibility,0,PASS,0
6424,domain_keyboard,3,PASS,0
6425,domain_localization,4,PASS,0
6426,domain_geometry,7,PASS,0
6427,domain_safety,5,PASS,0
6428,domain_workflows,1,PASS,0
6429,domain_scaling_theme,7,PASS,0
6430,domain_lifecycle,2,PASS,0
6431,domain_navigation,8,PASS,0
6432,domain_dialog_inventory,5,PASS,0
6433,domain_accessibility,1,PASS,0
6434,domain_keyboard,3,PASS,0
6435,domain_localization,4,PASS,0
6436,domain_geometry,2,PASS,0
6437,domain_safety,4,PASS,0
6438,domain_workflows,1,PASS,0
6439,domain_scaling_theme,7,PASS,0
6440,domain_lifecycle,2,PASS,0
6441,domain_navigation,8,PASS,0
6442,domain_dialog_inventory,5,PASS,0
6443,domain_accessibility,1,PASS,0
6444,domain_keyboard,3,PASS,0
6445,domain_localization,4,PASS,0
6446,domain_geometry,63,PASS,0
6447,domain_safety,12,PASS,0
6448,domain_workflows,2,PASS,0
6449,domain_scaling_theme,7,PASS,0
6450,domain_lifecycle,2,PASS,0
6451,domain_navigation,8,PASS,0
6452,domain_dialog_inventory,5,PASS,0
6453,domain_accessibility,1,PASS,0
6454,domain_keyboard,3,PASS,0
6455,domain_localization,4,PASS,0
6456,domain_geometry,5,PASS,0
6457,domain_safety,12,PASS,0
6458,domain_workflows,1,PASS,0
6459,domain_scaling_theme,7,PASS,0
6460,domain_lifecycle,2,PASS,0
6461,domain_navigation,8,PASS,0
6462,domain_dialog_inventory,5,PASS,0
6463,domain_accessibility,0,PASS,0
6464,domain_keyboard,3,PASS,0
6465,domain_localization,4,PASS,0
6466,domain_geometry,9,PASS,0
6467,domain_safety,3,PASS,0
6468,domain_workflows,1,PASS,0
6469,domain_scaling_theme,7,PASS,0
6470,domain_lifecycle,2,PASS,0
6471,domain_navigation,8,PASS,0
6472,domain_dialog_inventory,5,PASS,0
6473,domain_accessibility,1,PASS,0
6474,domain_keyboard,3,PASS,0
6475,domain_localization,4,PASS,0
6476,domain_geometry,26,PASS,0
6477,domain_safety,13,PASS,0
6478,domain_workflows,1,PASS,0
6479,domain_scaling_theme,7,PASS,0
6480,domain_lifecycle,2,PASS,0
6481,domain_navigation,8,PASS,0
6482,domain_dialog_inventory,5,PASS,0
6483,domain_accessibility,4,PASS,0
6484,domain_keyboard,3,PASS,0
6485,domain_localization,4,PASS,0
6486,domain_geometry,32,PASS,0
6487,domain_safety,8,PASS,0
6488,domain_workflows,1,PASS,0
6489,domain_scaling_theme,7,PASS,0
6490,domain_lifecycle,2,PASS,0
6491,domain_navigation,8,PASS,0
6492,domain_dialog_inventory,5,PASS,0
6493,domain_accessibility,0,PASS,0
6494,domain_keyboard,3,PASS,0
6495,domain_localization,4,PASS,0
6496,domain_geometry,55,PASS,0
6497,domain_safety,5,PASS,0
6498,domain_workflows,1,PASS,0
6499,domain_scaling_theme,7,PASS,0
6500,domain_lifecycle,2,PASS,0
6501,domain_navigation,8,PASS,0
6502,domain_dialog_inventory,5,PASS,0
6503,domain_accessibility,3,PASS,0
6504,domain_keyboard,3,PASS,0
6505,domain_localization,4,PASS,0
6506,domain_geometry,18,PASS,0
6507,domain_safety,7,PASS,0
6508,domain_workflows,1,PASS,0
6509,domain_scaling_theme,8,PASS,0
6510,domain_lifecycle,2,PASS,0
6511,domain_navigation,8,PASS,0
6512,domain_dialog_inventory,5,PASS,0
6513,domain_accessibility,2,PASS,0
6514,domain_keyboard,3,PASS,0
6515,domain_localization,4,PASS,0
6516,domain_geometry,9,PASS,0
6517,domain_safety,9,PASS,0
6518,domain_workflows,2,PASS,0
6519,domain_scaling_theme,7,PASS,0
6520,domain_lifecycle,2,PASS,0
6521,domain_navigation,8,PASS,0
6522,domain_dialog_inventory,5,PASS,0
6523,domain_accessibility,9,PASS,0
6524,domain_keyboard,3,PASS,0
6525,domain_localization,4,PASS,0
6526,domain_geometry,33,PASS,0
6527,domain_safety,5,PASS,0
6528,domain_workflows,1,PASS,0
6529,domain_scaling_theme,7,PASS,0
6530,domain_lifecycle,2,PASS,0
6531,domain_navigation,8,PASS,0
6532,domain_dialog_inventory,5,PASS,0
6533,domain_accessibility,4,PASS,0
6534,domain_keyboard,3,PASS,0
6535,domain_localization,4,PASS,0
6536,domain_geometry,15,PASS,0
6537,domain_safety,14,PASS,0
6538,domain_workflows,1,PASS,0
6539,domain_scaling_theme,7,PASS,0
6540,domain_lifecycle,2,PASS,0
6541,domain_navigation,8,PASS,0
6542,domain_dialog_inventory,5,PASS,0
6543,domain_accessibility,1,PASS,0
6544,domain_keyboard,3,PASS,0
6545,domain_localization,4,PASS,0
6546,domain_geometry,6,PASS,0
6547,domain_safety,6,PASS,0
6548,domain_workflows,2,PASS,0
6549,domain_scaling_theme,7,PASS,0
6550,domain_lifecycle,2,PASS,0
6551,domain_navigation,8,PASS,0
6552,domain_dialog_inventory,5,PASS,0
6553,domain_accessibility,2,PASS,0
6554,domain_keyboard,3,PASS,0
6555,domain_localization,4,PASS,0
6556,domain_geometry,89,PASS,0
6557,domain_safety,10,PASS,0
6558,domain_workflows,1,PASS,0
6559,domain_scaling_theme,7,PASS,0
6560,domain_lifecycle,2,PASS,0
6561,domain_navigation,8,PASS,0
6562,domain_dialog_inventory,5,PASS,0
6563,domain_accessibility,9,PASS,0
6564,domain_keyboard,3,PASS,0
6565,domain_localization,4,PASS,0
6566,domain_geometry,32,PASS,0
6567,domain_safety,2,PASS,0
6568,domain_workflows,1,PASS,0
6569,domain_scaling_theme,7,PASS,0
6570,domain_lifecycle,2,PASS,0
6571,domain_navigation,8,PASS,0
6572,domain_dialog_inventory,5,PASS,0
6573,domain_accessibility,7,PASS,0
6574,domain_keyboard,3,PASS,0
6575,domain_localization,4,PASS,0
6576,domain_geometry,18,PASS,0
6577,domain_safety,26,PASS,0
6578,domain_workflows,1,PASS,0
6579,domain_scaling_theme,7,PASS,0
6580,domain_lifecycle,2,PASS,0
6581,domain_navigation,8,PASS,0
6582,domain_dialog_inventory,5,PASS,0
6583,domain_accessibility,2,PASS,0
6584,domain_keyboard,3,PASS,0
6585,domain_localization,4,PASS,0
6586,domain_geometry,6,PASS,0
6587,domain_safety,3,PASS,0
6588,domain_workflows,1,PASS,0
6589,domain_scaling_theme,7,PASS,0
6590,domain_lifecycle,2,PASS,0
6591,domain_navigation,8,PASS,0
6592,domain_dialog_inventory,5,PASS,0
6593,domain_accessibility,2,PASS,0
6594,domain_keyboard,3,PASS,0
6595,domain_localization,4,PASS,0
6596,domain_geometry,9,PASS,0
6597,domain_safety,5,PASS,0
6598,domain_workflows,1,PASS,0
6599,domain_scaling_theme,7,PASS,0
6600,domain_lifecycle,2,PASS,0
6601,domain_navigation,8,PASS,0
6602,domain_dialog_inventory,5,PASS,0
6603,domain_accessibility,1,PASS,0
6604,domain_keyboard,3,PASS,0
6605,domain_localization,4,PASS,0
6606,domain_geometry,19,PASS,0
6607,domain_safety,8,PASS,0
6608,domain_workflows,1,PASS,0
6609,domain_scaling_theme,7,PASS,0
6610,domain_lifecycle,2,PASS,0
6611,domain_navigation,8,PASS,0
6612,domain_dialog_inventory,5,PASS,0
6613,domain_accessibility,1,PASS,0
6614,domain_keyboard,3,PASS,0
6615,domain_localization,4,PASS,0
6616,domain_geometry,34,PASS,0
6617,domain_safety,4,PASS,0
6618,domain_workflows,2,PASS,0
6619,domain_scaling_theme,7,PASS,0
6620,domain_lifecycle,2,PASS,0
6621,domain_navigation,8,PASS,0
6622,domain_dialog_inventory,5,PASS,0
6623,domain_accessibility,3,PASS,0
6624,domain_keyboard,3,PASS,0
6625,domain_localization,4,PASS,0
6626,domain_geometry,13,PASS,0
6627,domain_safety,5,PASS,0
6628,domain_workflows,1,PASS,0
6629,domain_scaling_theme,7,PASS,0
6630,domain_lifecycle,2,PASS,0
6631,domain_navigation,8,PASS,0
6632,domain_dialog_inventory,5,PASS,0
6633,domain_accessibility,6,PASS,0
6634,domain_keyboard,3,PASS,0
6635,domain_localization,4,PASS,0
6636,domain_geometry,8,PASS,0
6637,domain_safety,4,PASS,0
6638,domain_workflows,1,PASS,0
6639,domain_scaling_theme,7,PASS,0
6640,domain_lifecycle,2,PASS,0
6641,domain_navigation,8,PASS,0
6642,domain_dialog_inventory,5,PASS,0
6643,domain_accessibility,7,PASS,0
6644,domain_keyboard,3,PASS,0
6645,domain_localization,4,PASS,0
6646,domain_geometry,32,PASS,0
6647,domain_safety,6,PASS,0
6648,domain_workflows,2,PASS,0
6649,domain_scaling_theme,7,PASS,0
6650,domain_lifecycle,2,PASS,0
6651,domain_navigation,8,PASS,0
6652,domain_dialog_inventory,5,PASS,0
6653,domain_accessibility,4,PASS,0
6654,domain_keyboard,3,PASS,0
6655,domain_localization,4,PASS,0
6656,domain_geometry,9,PASS,0
6657,domain_safety,5,PASS,0
6658,domain_workflows,1,PASS,0
6659,domain_scaling_theme,7,PASS,0
6660,domain_lifecycle,2,PASS,0
6661,domain_navigation,8,PASS,0
6662,domain_dialog_inventory,5,PASS,0
6663,domain_accessibility,4,PASS,0
6664,domain_keyboard,3,PASS,0
6665,domain_localization,4,PASS,0
6666,domain_geometry,7,PASS,0
6667,domain_safety,10,PASS,0
6668,domain_workflows,1,PASS,0
6669,domain_scaling_theme,7,PASS,0
6670,domain_lifecycle,2,PASS,0
6671,domain_navigation,8,PASS,0
6672,domain_dialog_inventory,5,PASS,0
6673,domain_accessibility,1,PASS,0
6674,domain_keyboard,3,PASS,0
6675,domain_localization,4,PASS,0
6676,domain_geometry,7,PASS,0
6677,domain_safety,6,PASS,0
6678,domain_workflows,1,PASS,0
6679,domain_scaling_theme,7,PASS,0
6680,domain_lifecycle,2,PASS,0
6681,domain_navigation,8,PASS,0
6682,domain_dialog_inventory,5,PASS,0
6683,domain_accessibility,7,PASS,0
6684,domain_keyboard,3,PASS,0
6685,domain_localization,4,PASS,0
6686,domain_geometry,5,PASS,0
6687,domain_safety,4,PASS,0
6688,domain_workflows,1,PASS,0
6689,domain_scaling_theme,7,PASS,0
6690,domain_lifecycle,2,PASS,0
6691,domain_navigation,8,PASS,0
6692,domain_dialog_inventory,5,PASS,0
6693,domain_accessibility,11,PASS,0
6694,domain_keyboard,3,PASS,0
6695,domain_localization,4,PASS,0
6696,domain_geometry,16,PASS,0
6697,domain_safety,31,PASS,0
6698,domain_workflows,1,PASS,0
6699,domain_scaling_theme,7,PASS,0
6700,domain_lifecycle,2,PASS,0
6701,domain_navigation,8,PASS,0
6702,domain_dialog_inventory,5,PASS,0
6703,domain_accessibility,6,PASS,0
6704,domain_keyboard,3,PASS,0
6705,domain_localization,4,PASS,0
6706,domain_geometry,9,PASS,0
6707,domain_safety,3,PASS,0
6708,domain_workflows,1,PASS,0
6709,domain_scaling_theme,7,PASS,0
6710,domain_lifecycle,2,PASS,0
6711,domain_navigation,8,PASS,0
6712,domain_dialog_inventory,5,PASS,0
6713,domain_accessibility,5,PASS,0
6714,domain_keyboard,3,PASS,0
6715,domain_localization,4,PASS,0
6716,domain_geometry,18,PASS,0
6717,domain_safety,4,PASS,0
6718,domain_workflows,2,PASS,0
6719,domain_scaling_theme,7,PASS,0
6720,domain_lifecycle,2,PASS,0
6721,domain_navigation,8,PASS,0
6722,domain_dialog_inventory,5,PASS,0
6723,domain_accessibility,4,PASS,0
6724,domain_keyboard,3,PASS,0
6725,domain_localization,4,PASS,0
6726,domain_geometry,5,PASS,0
6727,domain_safety,3,PASS,0
6728,domain_workflows,1,PASS,0
6729,domain_scaling_theme,7,PASS,0
6730,domain_lifecycle,2,PASS,0
6731,domain_navigation,8,PASS,0
6732,domain_dialog_inventory,5,PASS,0
6733,domain_accessibility,0,PASS,0
6734,domain_keyboard,3,PASS,0
6735,domain_localization,4,PASS,0
6736,domain_geometry,7,PASS,0
6737,domain_safety,5,PASS,0
6738,domain_workflows,1,PASS,0
6739,domain_scaling_theme,7,PASS,0
6740,domain_lifecycle,2,PASS,0
6741,domain_navigation,8,PASS,0
6742,domain_dialog_inventory,5,PASS,0
6743,domain_accessibility,1,PASS,0
6744,domain_keyboard,3,PASS,0
6745,domain_localization,4,PASS,0
6746,domain_geometry,2,PASS,0
6747,domain_safety,4,PASS,0
6748,domain_workflows,2,PASS,0
6749,domain_scaling_theme,7,PASS,0
6750,domain_lifecycle,2,PASS,0
6751,domain_navigation,8,PASS,0
6752,domain_dialog_inventory,5,PASS,0
6753,domain_accessibility,1,PASS,0
6754,domain_keyboard,3,PASS,0
6755,domain_localization,4,PASS,0
6756,domain_geometry,63,PASS,0
6757,domain_safety,14,PASS,0
6758,domain_workflows,1,PASS,0
6759,domain_scaling_theme,8,PASS,0
6760,domain_lifecycle,2,PASS,0
6761,domain_navigation,8,PASS,0
6762,domain_dialog_inventory,5,PASS,0
6763,domain_accessibility,1,PASS,0
6764,domain_keyboard,3,PASS,0
6765,domain_localization,4,PASS,0
6766,domain_geometry,5,PASS,0
6767,domain_safety,12,PASS,0
6768,domain_workflows,1,PASS,0
6769,domain_scaling_theme,7,PASS,0
6770,domain_lifecycle,2,PASS,0
6771,domain_navigation,8,PASS,0
6772,domain_dialog_inventory,5,PASS,0
6773,domain_accessibility,0,PASS,0
6774,domain_keyboard,3,PASS,0
6775,domain_localization,4,PASS,0
6776,domain_geometry,9,PASS,0
6777,domain_safety,3,PASS,0
6778,domain_workflows,1,PASS,0
6779,domain_scaling_theme,7,PASS,0
6780,domain_lifecycle,2,PASS,0
6781,domain_navigation,8,PASS,0
6782,domain_dialog_inventory,5,PASS,0
6783,domain_accessibility,1,PASS,0
6784,domain_keyboard,3,PASS,0
6785,domain_localization,4,PASS,0
6786,domain_geometry,26,PASS,0
6787,domain_safety,13,PASS,0
6788,domain_workflows,1,PASS,0
6789,domain_scaling_theme,7,PASS,0
6790,domain_lifecycle,2,PASS,0
6791,domain_navigation,8,PASS,0
6792,domain_dialog_inventory,5,PASS,0
6793,domain_accessibility,4,PASS,0
6794,domain_keyboard,3,PASS,0
6795,domain_localization,4,PASS,0
6796,domain_geometry,32,PASS,0
6797,domain_safety,8,PASS,0
6798,domain_workflows,1,PASS,0
6799,domain_scaling_theme,7,PASS,0
6800,domain_lifecycle,2,PASS,0
6801,domain_navigation,8,PASS,0
6802,domain_dialog_inventory,5,PASS,0
6803,domain_accessibility,0,PASS,0
6804,domain_keyboard,3,PASS,0
6805,domain_localization,4,PASS,0
6806,domain_geometry,55,PASS,0
6807,domain_safety,5,PASS,0
6808,domain_workflows,1,PASS,0
6809,domain_scaling_theme,7,PASS,0
6810,domain_lifecycle,2,PASS,0
6811,domain_navigation,8,PASS,0
6812,domain_dialog_inventory,5,PASS,0
6813,domain_accessibility,3,PASS,0
6814,domain_keyboard,3,PASS,0
6815,domain_localization,4,PASS,0
6816,domain_geometry,18,PASS,0
6817,domain_safety,7,PASS,0
6818,domain_workflows,2,PASS,0
6819,domain_scaling_theme,7,PASS,0
6820,domain_lifecycle,2,PASS,0
6821,domain_navigation,8,PASS,0
6822,domain_dialog_inventory,5,PASS,0
6823,domain_accessibility,2,PASS,0
6824,domain_keyboard,3,PASS,0
6825,domain_localization,4,PASS,0
6826,domain_geometry,9,PASS,0
6827,domain_safety,9,PASS,0
6828,domain_workflows,1,PASS,0
6829,domain_scaling_theme,7,PASS,0
6830,domain_lifecycle,2,PASS,0
6831,domain_navigation,8,PASS,0
6832,domain_dialog_inventory,5,PASS,0
6833,domain_accessibility,9,PASS,0
6834,domain_keyboard,3,PASS,0
6835,domain_localization,4,PASS,0
6836,domain_geometry,33,PASS,0
6837,domain_safety,5,PASS,0
6838,domain_workflows,1,PASS,0
6839,domain_scaling_theme,7,PASS,0
6840,domain_lifecycle,2,PASS,0
6841,domain_navigation,8,PASS,0
6842,domain_dialog_inventory,5,PASS,0
6843,domain_accessibility,4,PASS,0
6844,domain_keyboard,3,PASS,0
6845,domain_localization,4,PASS,0
6846,domain_geometry,15,PASS,0
6847,domain_safety,14,PASS,0
6848,domain_workflows,2,PASS,0
6849,domain_scaling_theme,7,PASS,0
6850,domain_lifecycle,2,PASS,0
6851,domain_navigation,8,PASS,0
6852,domain_dialog_inventory,5,PASS,0
6853,domain_accessibility,1,PASS,0
6854,domain_keyboard,3,PASS,0
6855,domain_localization,4,PASS,0
6856,domain_geometry,6,PASS,0
6857,domain_safety,8,PASS,0
6858,domain_workflows,1,PASS,0
6859,domain_scaling_theme,7,PASS,0
6860,domain_lifecycle,2,PASS,0
6861,domain_navigation,8,PASS,0
6862,domain_dialog_inventory,5,PASS,0
6863,domain_accessibility,2,PASS,0
6864,domain_keyboard,3,PASS,0
6865,domain_localization,4,PASS,0
6866,domain_geometry,89,PASS,0
6867,domain_safety,8,PASS,0
6868,domain_workflows,1,PASS,0
6869,domain_scaling_theme,7,PASS,0
6870,domain_lifecycle,2,PASS,0
6871,domain_navigation,8,PASS,0
6872,domain_dialog_inventory,5,PASS,0
6873,domain_accessibility,9,PASS,0
6874,domain_keyboard,3,PASS,0
6875,domain_localization,4,PASS,0
6876,domain_geometry,32,PASS,0
6877,domain_safety,2,PASS,0
6878,domain_workflows,1,PASS,0
6879,domain_scaling_theme,7,PASS,0
6880,domain_lifecycle,2,PASS,0
6881,domain_navigation,8,PASS,0
6882,domain_dialog_inventory,5,PASS,0
6883,domain_accessibility,7,PASS,0
6884,domain_keyboard,3,PASS,0
6885,domain_localization,4,PASS,0
6886,domain_geometry,18,PASS,0
6887,domain_safety,26,PASS,0
6888,domain_workflows,1,PASS,0
6889,domain_scaling_theme,7,PASS,0
6890,domain_lifecycle,2,PASS,0
6891,domain_navigation,8,PASS,0
6892,domain_dialog_inventory,5,PASS,0
6893,domain_accessibility,2,PASS,0
6894,domain_keyboard,3,PASS,0
6895,domain_localization,4,PASS,0
6896,domain_geometry,6,PASS,0
6897,domain_safety,3,PASS,0
6898,domain_workflows,1,PASS,0
6899,domain_scaling_theme,7,PASS,0
6900,domain_lifecycle,2,PASS,0
6901,domain_navigation,8,PASS,0
6902,domain_dialog_inventory,5,PASS,0
6903,domain_accessibility,2,PASS,0
6904,domain_keyboard,3,PASS,0
6905,domain_localization,4,PASS,0
6906,domain_geometry,9,PASS,0
6907,domain_safety,7,PASS,0
6908,domain_workflows,1,PASS,0
6909,domain_scaling_theme,7,PASS,0
6910,domain_lifecycle,2,PASS,0
6911,domain_navigation,8,PASS,0
6912,domain_dialog_inventory,5,PASS,0
6913,domain_accessibility,1,PASS,0
6914,domain_keyboard,3,PASS,0
6915,domain_localization,4,PASS,0
6916,domain_geometry,19,PASS,0
6917,domain_safety,6,PASS,0
6918,domain_workflows,2,PASS,0
6919,domain_scaling_theme,7,PASS,0
6920,domain_lifecycle,2,PASS,0
6921,domain_navigation,8,PASS,0
6922,domain_dialog_inventory,5,PASS,0
6923,domain_accessibility,1,PASS,0
6924,domain_keyboard,3,PASS,0
6925,domain_localization,4,PASS,0
6926,domain_geometry,34,PASS,0
6927,domain_safety,4,PASS,0
6928,domain_workflows,1,PASS,0
6929,domain_scaling_theme,7,PASS,0
6930,domain_lifecycle,2,PASS,0
6931,domain_navigation,8,PASS,0
6932,domain_dialog_inventory,5,PASS,0
6933,domain_accessibility,3,PASS,0
6934,domain_keyboard,3,PASS,0
6935,domain_localization,4,PASS,0
6936,domain_geometry,13,PASS,0
6937,domain_safety,5,PASS,0
6938,domain_workflows,1,PASS,0
6939,domain_scaling_theme,7,PASS,0
6940,domain_lifecycle,2,PASS,0
6941,domain_navigation,8,PASS,0
6942,domain_dialog_inventory,5,PASS,0
6943,domain_accessibility,6,PASS,0
6944,domain_keyboard,3,PASS,0
6945,domain_localization,4,PASS,0
6946,domain_geometry,8,PASS,0
6947,domain_safety,4,PASS,0
6948,domain_workflows,2,PASS,0
6949,domain_scaling_theme,7,PASS,0
6950,domain_lifecycle,2,PASS,0
6951,domain_navigation,8,PASS,0
6952,domain_dialog_inventory,5,PASS,0
6953,domain_accessibility,7,PASS,0
6954,domain_keyboard,3,PASS,0
6955,domain_localization,4,PASS,0
6956,domain_geometry,32,PASS,0
6957,domain_safety,8,PASS,0
6958,domain_workflows,1,PASS,0
6959,domain_scaling_theme,7,PASS,0
6960,domain_lifecycle,2,PASS,0
6961,domain_navigation,8,PASS,0
6962,domain_dialog_inventory,5,PASS,0
6963,domain_accessibility,4,PASS,0
6964,domain_keyboard,3,PASS,0
6965,domain_localization,4,PASS,0
6966,domain_geometry,9,PASS,0
6967,domain_safety,3,PASS,0
6968,domain_workflows,1,PASS,0
6969,domain_scaling_theme,7,PASS,0
6970,domain_lifecycle,2,PASS,0
6971,domain_navigation,8,PASS,0
6972,domain_dialog_inventory,5,PASS,0
6973,domain_accessibility,4,PASS,0
6974,domain_keyboard,3,PASS,0
6975,domain_localization,4,PASS,0
6976,domain_geometry,7,PASS,0
6977,domain_safety,10,PASS,0
6978,domain_workflows,1,PASS,0
6979,domain_scaling_theme,7,PASS,0
6980,domain_lifecycle,2,PASS,0
6981,domain_navigation,8,PASS,0
6982,domain_dialog_inventory,5,PASS,0
6983,domain_accessibility,1,PASS,0
6984,domain_keyboard,3,PASS,0
6985,domain_localization,4,PASS,0
6986,domain_geometry,7,PASS,0
6987,domain_safety,6,PASS,0
6988,domain_workflows,1,PASS,0
6989,domain_scaling_theme,7,PASS,0
6990,domain_lifecycle,2,PASS,0
6991,domain_navigation,8,PASS,0
6992,domain_dialog_inventory,5,PASS,0
6993,domain_accessibility,7,PASS,0
6994,domain_keyboard,3,PASS,0
6995,domain_localization,4,PASS,0
6996,domain_geometry,5,PASS,0
6997,domain_safety,4,PASS,0
6998,domain_workflows,1,PASS,0
6999,domain_scaling_theme,7,PASS,0
7000,domain_lifecycle,2,PASS,0
7001,domain_navigation,8,PASS,0
7002,domain_dialog_inventory,5,PASS,0
7003,domain_accessibility,11,PASS,0
7004,domain_keyboard,3,PASS,0
7005,domain_localization,4,PASS,0
7006,domain_geometry,16,PASS,0
7007,domain_safety,33,PASS,0
7008,domain_workflows,1,PASS,0
7009,domain_scaling_theme,8,PASS,0
7010,domain_lifecycle,2,PASS,0
7011,domain_navigation,8,PASS,0
7012,domain_dialog_inventory,5,PASS,0
7013,domain_accessibility,6,PASS,0
7014,domain_keyboard,3,PASS,0
7015,domain_localization,4,PASS,0
7016,domain_geometry,9,PASS,0
7017,domain_safety,3,PASS,0
7018,domain_workflows,2,PASS,0
7019,domain_scaling_theme,7,PASS,0
7020,domain_lifecycle,2,PASS,0
7021,domain_navigation,8,PASS,0
7022,domain_dialog_inventory,5,PASS,0
7023,domain_accessibility,5,PASS,0
7024,domain_keyboard,3,PASS,0
7025,domain_localization,4,PASS,0
7026,domain_geometry,18,PASS,0
7027,domain_safety,4,PASS,0
7028,domain_workflows,1,PASS,0
7029,domain_scaling_theme,7,PASS,0
7030,domain_lifecycle,2,PASS,0
7031,domain_navigation,8,PASS,0
7032,domain_dialog_inventory,5,PASS,0
7033,domain_accessibility,4,PASS,0
7034,domain_keyboard,3,PASS,0
7035,domain_localization,4,PASS,0
7036,domain_geometry,5,PASS,0
7037,domain_safety,3,PASS,0
7038,domain_workflows,1,PASS,0
7039,domain_scaling_theme,7,PASS,0
7040,domain_lifecycle,2,PASS,0
7041,domain_navigation,8,PASS,0
7042,domain_dialog_inventory,5,PASS,0
7043,domain_accessibility,0,PASS,0
7044,domain_keyboard,3,PASS,0
7045,domain_localization,4,PASS,0
7046,domain_geometry,7,PASS,0
7047,domain_safety,5,PASS,0
7048,domain_workflows,2,PASS,0
7049,domain_scaling_theme,7,PASS,0
7050,domain_lifecycle,2,PASS,0
7051,domain_navigation,8,PASS,0
7052,domain_dialog_inventory,5,PASS,0
7053,domain_accessibility,1,PASS,0
7054,domain_keyboard,3,PASS,0
7055,domain_localization,4,PASS,0
7056,domain_geometry,2,PASS,0
7057,domain_safety,6,PASS,0
7058,domain_workflows,1,PASS,0
7059,domain_scaling_theme,7,PASS,0
7060,domain_lifecycle,2,PASS,0
7061,domain_navigation,8,PASS,0
7062,domain_dialog_inventory,5,PASS,0
7063,domain_accessibility,1,PASS,0
7064,domain_keyboard,3,PASS,0
7065,domain_localization,4,PASS,0
7066,domain_geometry,63,PASS,0
7067,domain_safety,12,PASS,0
7068,domain_workflows,1,PASS,0
7069,domain_scaling_theme,7,PASS,0
7070,domain_lifecycle,2,PASS,0
7071,domain_navigation,8,PASS,0
7072,domain_dialog_inventory,5,PASS,0
7073,domain_accessibility,1,PASS,0
7074,domain_keyboard,3,PASS,0
7075,domain_localization,4,PASS,0
7076,domain_geometry,5,PASS,0
7077,domain_safety,12,PASS,0
7078,domain_workflows,1,PASS,0
7079,domain_scaling_theme,7,PASS,0
7080,domain_lifecycle,2,PASS,0
7081,domain_navigation,8,PASS,0
7082,domain_dialog_inventory,5,PASS,0
7083,domain_accessibility,0,PASS,0
7084,domain_keyboard,3,PASS,0
7085,domain_localization,4,PASS,0
7086,domain_geometry,9,PASS,0
7087,domain_safety,3,PASS,0
7088,domain_workflows,1,PASS,0
7089,domain_scaling_theme,7,PASS,0
7090,domain_lifecycle,2,PASS,0
7091,domain_navigation,8,PASS,0
7092,domain_dialog_inventory,5,PASS,0
7093,domain_accessibility,1,PASS,0
7094,domain_keyboard,3,PASS,0
7095,domain_localization,4,PASS,0
7096,domain_geometry,26,PASS,0
7097,domain_safety,13,PASS,0
7098,domain_workflows,1,PASS,0
7099,domain_scaling_theme,7,PASS,0
7100,domain_lifecycle,2,PASS,0
7101,domain_navigation,8,PASS,0
7102,domain_dialog_inventory,5,PASS,0
7103,domain_accessibility,4,PASS,0
7104,domain_keyboard,3,PASS,0
7105,domain_localization,4,PASS,0
7106,domain_geometry,32,PASS,0
7107,domain_safety,8,PASS,0
7108,domain_workflows,1,PASS,0
7109,domain_scaling_theme,7,PASS,0
7110,domain_lifecycle,2,PASS,0
7111,domain_navigation,8,PASS,0
7112,domain_dialog_inventory,5,PASS,0
7113,domain_accessibility,0,PASS,0
7114,domain_keyboard,3,PASS,0
7115,domain_localization,4,PASS,0
7116,domain_geometry,55,PASS,0
7117,domain_safety,5,PASS,0
7118,domain_workflows,2,PASS,0
7119,domain_scaling_theme,7,PASS,0
7120,domain_lifecycle,2,PASS,0
7121,domain_navigation,8,PASS,0
7122,domain_dialog_inventory,5,PASS,0
7123,domain_accessibility,3,PASS,0
7124,domain_keyboard,3,PASS,0
7125,domain_localization,4,PASS,0
7126,domain_geometry,18,PASS,0
7127,domain_safety,7,PASS,0
7128,domain_workflows,1,PASS,0
7129,domain_scaling_theme,7,PASS,0
7130,domain_lifecycle,2,PASS,0
7131,domain_navigation,8,PASS,0
7132,domain_dialog_inventory,5,PASS,0
7133,domain_accessibility,2,PASS,0
7134,domain_keyboard,3,PASS,0
7135,domain_localization,4,PASS,0
7136,domain_geometry,9,PASS,0
7137,domain_safety,9,PASS,0
7138,domain_workflows,1,PASS,0
7139,domain_scaling_theme,7,PASS,0
7140,domain_lifecycle,2,PASS,0
7141,domain_navigation,8,PASS,0
7142,domain_dialog_inventory,5,PASS,0
7143,domain_accessibility,9,PASS,0
7144,domain_keyboard,3,PASS,0
7145,domain_localization,4,PASS,0
7146,domain_geometry,33,PASS,0
7147,domain_safety,5,PASS,0
7148,domain_workflows,2,PASS,0
7149,domain_scaling_theme,7,PASS,0
7150,domain_lifecycle,2,PASS,0
7151,domain_navigation,8,PASS,0
7152,domain_dialog_inventory,5,PASS,0
7153,domain_accessibility,4,PASS,0
7154,domain_keyboard,3,PASS,0
7155,domain_localization,4,PASS,0
7156,domain_geometry,15,PASS,0
7157,domain_safety,16,PASS,0
7158,domain_workflows,1,PASS,0
7159,domain_scaling_theme,7,PASS,0
7160,domain_lifecycle,2,PASS,0
7161,domain_navigation,8,PASS,0
7162,domain_dialog_inventory,5,PASS,0
7163,domain_accessibility,1,PASS,0
7164,domain_keyboard,3,PASS,0
7165,domain_localization,4,PASS,0
7166,domain_geometry,6,PASS,0
7167,domain_safety,6,PASS,0
7168,domain_workflows,1,PASS,0
7169,domain_scaling_theme,7,PASS,0
7170,domain_lifecycle,2,PASS,0
7171,domain_navigation,8,PASS,0
7172,domain_dialog_inventory,5,PASS,0
7173,domain_accessibility,2,PASS,0
7174,domain_keyboard,3,PASS,0
7175,domain_localization,4,PASS,0
7176,domain_geometry,89,PASS,0
7177,domain_safety,8,PASS,0
7178,domain_workflows,1,PASS,0
7179,domain_scaling_theme,7,PASS,0
7180,domain_lifecycle,2,PASS,0
7181,domain_navigation,8,PASS,0
7182,domain_dialog_inventory,5,PASS,0
7183,domain_accessibility,9,PASS,0
7184,domain_keyboard,3,PASS,0
7185,domain_localization,4,PASS,0
7186,domain_geometry,32,PASS,0
7187,domain_safety,2,PASS,0
7188,domain_workflows,1,PASS,0
7189,domain_scaling_theme,7,PASS,0
7190,domain_lifecycle,2,PASS,0
7191,domain_navigation,8,PASS,0
7192,domain_dialog_inventory,5,PASS,0
7193,domain_accessibility,7,PASS,0
7194,domain_keyboard,3,PASS,0
7195,domain_localization,4,PASS,0
7196,domain_geometry,18,PASS,0
7197,domain_safety,26,PASS,0
7198,domain_workflows,1,PASS,0
7199,domain_scaling_theme,7,PASS,0
7200,domain_lifecycle,2,PASS,0
7201,domain_navigation,8,PASS,0
7202,domain_dialog_inventory,5,PASS,0
7203,domain_accessibility,2,PASS,0
7204,domain_keyboard,3,PASS,0
7205,domain_localization,4,PASS,0
7206,domain_geometry,6,PASS,0
7207,domain_safety,5,PASS,0
7208,domain_workflows,1,PASS,0
7209,domain_scaling_theme,7,PASS,0
7210,domain_lifecycle,2,PASS,0
7211,domain_navigation,8,PASS,0
7212,domain_dialog_inventory,5,PASS,0
7213,domain_accessibility,2,PASS,0
7214,domain_keyboard,3,PASS,0
7215,domain_localization,4,PASS,0
7216,domain_geometry,9,PASS,0
7217,domain_safety,5,PASS,0
7218,domain_workflows,2,PASS,0
7219,domain_scaling_theme,7,PASS,0
7220,domain_lifecycle,2,PASS,0
7221,domain_navigation,8,PASS,0
7222,domain_dialog_inventory,5,PASS,0
7223,domain_accessibility,1,PASS,0
7224,domain_keyboard,3,PASS,0
7225,domain_localization,4,PASS,0
7226,domain_geometry,19,PASS,0
7227,domain_safety,6,PASS,0
7228,domain_workflows,1,PASS,0
7229,domain_scaling_theme,7,PASS,0
7230,domain_lifecycle,2,PASS,0
7231,domain_navigation,8,PASS,0
7232,domain_dialog_inventory,5,PASS,0
7233,domain_accessibility,1,PASS,0
7234,domain_keyboard,3,PASS,0
7235,domain_localization,4,PASS,0
7236,domain_geometry,34,PASS,0
7237,domain_safety,4,PASS,0
7238,domain_workflows,1,PASS,0
7239,domain_scaling_theme,7,PASS,0
7240,domain_lifecycle,2,PASS,0
7241,domain_navigation,8,PASS,0
7242,domain_dialog_inventory,5,PASS,0
7243,domain_accessibility,3,PASS,0
7244,domain_keyboard,3,PASS,0
7245,domain_localization,4,PASS,0
7246,domain_geometry,13,PASS,0
7247,domain_safety,5,PASS,0
7248,domain_workflows,2,PASS,0
7249,domain_scaling_theme,7,PASS,0
7250,domain_lifecycle,2,PASS,0
7251,domain_navigation,8,PASS,0
7252,domain_dialog_inventory,5,PASS,0
7253,domain_accessibility,6,PASS,0
7254,domain_keyboard,3,PASS,0
7255,domain_localization,4,PASS,0
7256,domain_geometry,8,PASS,0
7257,domain_safety,4,PASS,0
7258,domain_workflows,1,PASS,0
7259,domain_scaling_theme,8,PASS,0
7260,domain_lifecycle,2,PASS,0
7261,domain_navigation,8,PASS,0
7262,domain_dialog_inventory,5,PASS,0
7263,domain_accessibility,39,PASS,0
7264,domain_keyboard,3,PASS,0
7265,domain_localization,4,PASS,0
7266,domain_geometry,32,PASS,0
7267,domain_safety,6,PASS,0
7268,domain_workflows,1,PASS,0
7269,domain_scaling_theme,7,PASS,0
7270,domain_lifecycle,2,PASS,0
7271,domain_navigation,8,PASS,0
7272,domain_dialog_inventory,5,PASS,0
7273,domain_accessibility,4,PASS,0
7274,domain_keyboard,3,PASS,0
7275,domain_localization,4,PASS,0
7276,domain_geometry,9,PASS,0
7277,domain_safety,3,PASS,0
7278,domain_workflows,1,PASS,0
7279,domain_scaling_theme,7,PASS,0
7280,domain_lifecycle,2,PASS,0
7281,domain_navigation,8,PASS,0
7282,domain_dialog_inventory,5,PASS,0
7283,domain_accessibility,4,PASS,0
7284,domain_keyboard,3,PASS,0
7285,domain_localization,4,PASS,0
7286,domain_geometry,7,PASS,0
7287,domain_safety,10,PASS,0
7288,domain_workflows,1,PASS,0
7289,domain_scaling_theme,7,PASS,0
7290,domain_lifecycle,2,PASS,0
7291,domain_navigation,8,PASS,0
7292,domain_dialog_inventory,5,PASS,0
7293,domain_accessibility,1,PASS,0
7294,domain_keyboard,3,PASS,0
7295,domain_localization,4,PASS,0
7296,domain_geometry,7,PASS,0
7297,domain_safety,6,PASS,0
7298,domain_workflows,1,PASS,0
7299,domain_scaling_theme,7,PASS,0
7300,domain_lifecycle,2,PASS,0
7301,domain_navigation,8,PASS,0
7302,domain_dialog_inventory,5,PASS,0
7303,domain_accessibility,7,PASS,0
7304,domain_keyboard,3,PASS,0
7305,domain_localization,4,PASS,0
7306,domain_geometry,5,PASS,0
7307,domain_safety,6,PASS,0
7308,domain_workflows,1,PASS,0
7309,domain_scaling_theme,7,PASS,0
7310,domain_lifecycle,2,PASS,0
7311,domain_navigation,8,PASS,0
7312,domain_dialog_inventory,5,PASS,0
7313,domain_accessibility,11,PASS,0
7314,domain_keyboard,3,PASS,0
7315,domain_localization,4,PASS,0
7316,domain_geometry,16,PASS,0
7317,domain_safety,31,PASS,0
7318,domain_workflows,2,PASS,0
7319,domain_scaling_theme,7,PASS,0
7320,domain_lifecycle,2,PASS,0
7321,domain_navigation,8,PASS,0
7322,domain_dialog_inventory,5,PASS,0
7323,domain_accessibility,6,PASS,0
7324,domain_keyboard,3,PASS,0
7325,domain_localization,4,PASS,0
7326,domain_geometry,9,PASS,0
7327,domain_safety,3,PASS,0
7328,domain_workflows,1,PASS,0
7329,domain_scaling_theme,7,PASS,0
7330,domain_lifecycle,2,PASS,0
7331,domain_navigation,8,PASS,0
7332,domain_dialog_inventory,5,PASS,0
7333,domain_accessibility,5,PASS,0
7334,domain_keyboard,3,PASS,0
7335,domain_localization,4,PASS,0
7336,domain_geometry,18,PASS,0
7337,domain_safety,4,PASS,0
7338,domain_workflows,1,PASS,0
7339,domain_scaling_theme,7,PASS,0
7340,domain_lifecycle,2,PASS,0
7341,domain_navigation,8,PASS,0
7342,domain_dialog_inventory,5,PASS,0
7343,domain_accessibility,4,PASS,0
7344,domain_keyboard,3,PASS,0
7345,domain_localization,4,PASS,0
7346,domain_geometry,5,PASS,0
7347,domain_safety,3,PASS,0
7348,domain_workflows,2,PASS,0
7349,domain_scaling_theme,7,PASS,0
7350,domain_lifecycle,2,PASS,0
7351,domain_navigation,8,PASS,0
7352,domain_dialog_inventory,5,PASS,0
7353,domain_accessibility,0,PASS,0
7354,domain_keyboard,3,PASS,0
7355,domain_localization,4,PASS,0
7356,domain_geometry,7,PASS,0
7357,domain_safety,7,PASS,0
7358,domain_workflows,1,PASS,0
7359,domain_scaling_theme,7,PASS,0
7360,domain_lifecycle,2,PASS,0
7361,domain_navigation,8,PASS,0
7362,domain_dialog_inventory,5,PASS,0
7363,domain_accessibility,1,PASS,0
7364,domain_keyboard,3,PASS,0
7365,domain_localization,4,PASS,0
7366,domain_geometry,2,PASS,0
7367,domain_safety,4,PASS,0
7368,domain_workflows,1,PASS,0
7369,domain_scaling_theme,7,PASS,0
7370,domain_lifecycle,2,PASS,0
7371,domain_navigation,8,PASS,0
7372,domain_dialog_inventory,5,PASS,0
7373,domain_accessibility,1,PASS,0
7374,domain_keyboard,3,PASS,0
7375,domain_localization,4,PASS,0
7376,domain_geometry,63,PASS,0
7377,domain_safety,12,PASS,0
7378,domain_workflows,1,PASS,0
7379,domain_scaling_theme,7,PASS,0
7380,domain_lifecycle,2,PASS,0
7381,domain_navigation,8,PASS,0
7382,domain_dialog_inventory,5,PASS,0
7383,domain_accessibility,1,PASS,0
7384,domain_keyboard,3,PASS,0
7385,domain_localization,4,PASS,0
7386,domain_geometry,5,PASS,0
7387,domain_safety,12,PASS,0
7388,domain_workflows,1,PASS,0
7389,domain_scaling_theme,7,PASS,0
7390,domain_lifecycle,2,PASS,0
7391,domain_navigation,8,PASS,0
7392,domain_dialog_inventory,5,PASS,0
7393,domain_accessibility,0,PASS,0
7394,domain_keyboard,3,PASS,0
7395,domain_localization,4,PASS,0
7396,domain_geometry,9,PASS,0
7397,domain_safety,3,PASS,0
7398,domain_workflows,1,PASS,0
7399,domain_scaling_theme,7,PASS,0
7400,domain_lifecycle,2,PASS,0
7401,domain_navigation,8,PASS,0
7402,domain_dialog_inventory,5,PASS,0
7403,domain_accessibility,1,PASS,0
7404,domain_keyboard,3,PASS,0
7405,domain_localization,4,PASS,0
7406,domain_geometry,26,PASS,0
7407,domain_safety,15,PASS,0
7408,domain_workflows,1,PASS,0
7409,domain_scaling_theme,7,PASS,0
7410,domain_lifecycle,2,PASS,0
7411,domain_navigation,8,PASS,0
7412,domain_dialog_inventory,5,PASS,0
7413,domain_accessibility,4,PASS,0
7414,domain_keyboard,3,PASS,0
7415,domain_localization,4,PASS,0
7416,domain_geometry,32,PASS,0
7417,domain_safety,8,PASS,0
7418,domain_workflows,2,PASS,0
7419,domain_scaling_theme,7,PASS,0
7420,domain_lifecycle,2,PASS,0
7421,domain_navigation,8,PASS,0
7422,domain_dialog_inventory,5,PASS,0
7423,domain_accessibility,0,PASS,0
7424,domain_keyboard,3,PASS,0
7425,domain_localization,4,PASS,0
7426,domain_geometry,55,PASS,0
7427,domain_safety,5,PASS,0
7428,domain_workflows,1,PASS,0
7429,domain_scaling_theme,7,PASS,0
7430,domain_lifecycle,2,PASS,0
7431,domain_navigation,8,PASS,0
7432,domain_dialog_inventory,5,PASS,0
7433,domain_accessibility,3,PASS,0
7434,domain_keyboard,3,PASS,0
7435,domain_localization,4,PASS,0
7436,domain_geometry,18,PASS,0
7437,domain_safety,7,PASS,0
7438,domain_workflows,1,PASS,0
7439,domain_scaling_theme,7,PASS,0
7440,domain_lifecycle,2,PASS,0
7441,domain_navigation,8,PASS,0
7442,domain_dialog_inventory,5,PASS,0
7443,domain_accessibility,2,PASS,0
7444,domain_keyboard,3,PASS,0
7445,domain_localization,4,PASS,0
7446,domain_geometry,9,PASS,0
7447,domain_safety,9,PASS,0
7448,domain_workflows,2,PASS,0
7449,domain_scaling_theme,7,PASS,0
7450,domain_lifecycle,2,PASS,0
7451,domain_navigation,8,PASS,0
7452,domain_dialog_inventory,5,PASS,0
7453,domain_accessibility,9,PASS,0
7454,domain_keyboard,3,PASS,0
7455,domain_localization,4,PASS,0
7456,domain_geometry,33,PASS,0
7457,domain_safety,7,PASS,0
7458,domain_workflows,1,PASS,0
7459,domain_scaling_theme,7,PASS,0
7460,domain_lifecycle,2,PASS,0
7461,domain_navigation,8,PASS,0
7462,domain_dialog_inventory,5,PASS,0
7463,domain_accessibility,4,PASS,0
7464,domain_keyboard,3,PASS,0
7465,domain_localization,4,PASS,0
7466,domain_geometry,15,PASS,0
7467,domain_safety,14,PASS,0
7468,domain_workflows,1,PASS,0
7469,domain_scaling_theme,7,PASS,0
7470,domain_lifecycle,2,PASS,0
7471,domain_navigation,8,PASS,0
7472,domain_dialog_inventory,5,PASS,0
7473,domain_accessibility,1,PASS,0
7474,domain_keyboard,3,PASS,0
7475,domain_localization,4,PASS,0
7476,domain_geometry,6,PASS,0
7477,domain_safety,6,PASS,0
7478,domain_workflows,1,PASS,0
7479,domain_scaling_theme,7,PASS,0
7480,domain_lifecycle,2,PASS,0
7481,domain_navigation,8,PASS,0
7482,domain_dialog_inventory,5,PASS,0
7483,domain_accessibility,2,PASS,0
7484,domain_keyboard,3,PASS,0
7485,domain_localization,4,PASS,0
7486,domain_geometry,89,PASS,0
7487,domain_safety,8,PASS,0
7488,domain_workflows,1,PASS,0
7489,domain_scaling_theme,7,PASS,0
7490,domain_lifecycle,2,PASS,0
7491,domain_navigation,8,PASS,0
7492,domain_dialog_inventory,5,PASS,0
7493,domain_accessibility,9,PASS,0
7494,domain_keyboard,3,PASS,0
7495,domain_localization,4,PASS,0
7496,domain_geometry,32,PASS,0
7497,domain_safety,2,PASS,0
7498,domain_workflows,1,PASS,0
7499,domain_scaling_theme,7,PASS,0
7500,domain_lifecycle,2,PASS,0
7501,domain_navigation,8,PASS,0
7502,domain_dialog_inventory,5,PASS,0
7503,domain_accessibility,7,PASS,0
7504,domain_keyboard,3,PASS,0
7505,domain_localization,4,PASS,0
7506,domain_geometry,18,PASS,0
7507,domain_safety,26,PASS,0
7508,domain_workflows,1,PASS,0
7509,domain_scaling_theme,8,PASS,0
7510,domain_lifecycle,2,PASS,0
7511,domain_navigation,8,PASS,0
7512,domain_dialog_inventory,5,PASS,0
7513,domain_accessibility,2,PASS,0
7514,domain_keyboard,3,PASS,0
7515,domain_localization,4,PASS,0
7516,domain_geometry,6,PASS,0
7517,domain_safety,3,PASS,0
7518,domain_workflows,2,PASS,0
7519,domain_scaling_theme,7,PASS,0
7520,domain_lifecycle,2,PASS,0
7521,domain_navigation,8,PASS,0
7522,domain_dialog_inventory,5,PASS,0
7523,domain_accessibility,2,PASS,0
7524,domain_keyboard,3,PASS,0
7525,domain_localization,4,PASS,0
7526,domain_geometry,9,PASS,0
7527,domain_safety,5,PASS,0
7528,domain_workflows,1,PASS,0
7529,domain_scaling_theme,7,PASS,0
7530,domain_lifecycle,2,PASS,0
7531,domain_navigation,8,PASS,0
7532,domain_dialog_inventory,5,PASS,0
7533,domain_accessibility,1,PASS,0
7534,domain_keyboard,3,PASS,0
7535,domain_localization,4,PASS,0
7536,domain_geometry,19,PASS,0
7537,domain_safety,6,PASS,0
7538,domain_workflows,1,PASS,0
7539,domain_scaling_theme,7,PASS,0
7540,domain_lifecycle,2,PASS,0
7541,domain_navigation,8,PASS,0
7542,domain_dialog_inventory,5,PASS,0
7543,domain_accessibility,1,PASS,0
7544,domain_keyboard,3,PASS,0
7545,domain_localization,4,PASS,0
7546,domain_geometry,34,PASS,0
7547,domain_safety,4,PASS,0
7548,domain_workflows,2,PASS,0
7549,domain_scaling_theme,7,PASS,0
7550,domain_lifecycle,2,PASS,0
7551,domain_navigation,8,PASS,0
7552,domain_dialog_inventory,5,PASS,0
7553,domain_accessibility,3,PASS,0
7554,domain_keyboard,3,PASS,0
7555,domain_localization,4,PASS,0
7556,domain_geometry,13,PASS,0
7557,domain_safety,7,PASS,0
7558,domain_workflows,1,PASS,0
7559,domain_scaling_theme,7,PASS,0
7560,domain_lifecycle,2,PASS,0
7561,domain_navigation,8,PASS,0
7562,domain_dialog_inventory,5,PASS,0
7563,domain_accessibility,6,PASS,0
7564,domain_keyboard,3,PASS,0
7565,domain_localization,4,PASS,0
7566,domain_geometry,8,PASS,0
7567,domain_safety,4,PASS,0
7568,domain_workflows,1,PASS,0
7569,domain_scaling_theme,7,PASS,0
7570,domain_lifecycle,2,PASS,0
7571,domain_navigation,8,PASS,0
7572,domain_dialog_inventory,5,PASS,0
7573,domain_accessibility,39,PASS,0
7574,domain_keyboard,3,PASS,0
7575,domain_localization,4,PASS,0
7576,domain_geometry,32,PASS,0
7577,domain_safety,6,PASS,0
7578,domain_workflows,1,PASS,0
7579,domain_scaling_theme,7,PASS,0
7580,domain_lifecycle,2,PASS,0
7581,domain_navigation,8,PASS,0
7582,domain_dialog_inventory,5,PASS,0
7583,domain_accessibility,4,PASS,0
7584,domain_keyboard,3,PASS,0
7585,domain_localization,4,PASS,0
7586,domain_geometry,9,PASS,0
7587,domain_safety,3,PASS,0
7588,domain_workflows,1,PASS,0
7589,domain_scaling_theme,7,PASS,0
7590,domain_lifecycle,2,PASS,0
7591,domain_navigation,8,PASS,0
7592,domain_dialog_inventory,5,PASS,0
7593,domain_accessibility,4,PASS,0
7594,domain_keyboard,3,PASS,0
7595,domain_localization,4,PASS,0
7596,domain_geometry,7,PASS,0
7597,domain_safety,10,PASS,0
7598,domain_workflows,1,PASS,0
7599,domain_scaling_theme,7,PASS,0
7600,domain_lifecycle,2,PASS,0
7601,domain_navigation,8,PASS,0
7602,domain_dialog_inventory,5,PASS,0
7603,domain_accessibility,1,PASS,0
7604,domain_keyboard,3,PASS,0
7605,domain_localization,4,PASS,0
7606,domain_geometry,7,PASS,0
7607,domain_safety,6,PASS,0
7608,domain_workflows,1,PASS,0
7609,domain_scaling_theme,7,PASS,0
7610,domain_lifecycle,2,PASS,0
7611,domain_navigation,8,PASS,0
7612,domain_dialog_inventory,5,PASS,0
7613,domain_accessibility,7,PASS,0
7614,domain_keyboard,3,PASS,0
7615,domain_localization,4,PASS,0
7616,domain_geometry,5,PASS,0
7617,domain_safety,4,PASS,0
7618,domain_workflows,2,PASS,0
7619,domain_scaling_theme,7,PASS,0
7620,domain_lifecycle,2,PASS,0
7621,domain_navigation,8,PASS,0
7622,domain_dialog_inventory,5,PASS,0
7623,domain_accessibility,11,PASS,0
7624,domain_keyboard,3,PASS,0
7625,domain_localization,4,PASS,0
7626,domain_geometry,16,PASS,0
7627,domain_safety,31,PASS,0
7628,domain_workflows,1,PASS,0
7629,domain_scaling_theme,7,PASS,0
7630,domain_lifecycle,2,PASS,0
7631,domain_navigation,8,PASS,0
7632,domain_dialog_inventory,5,PASS,0
7633,domain_accessibility,6,PASS,0
7634,domain_keyboard,3,PASS,0
7635,domain_localization,4,PASS,0
7636,domain_geometry,9,PASS,0
7637,domain_safety,3,PASS,0
7638,domain_workflows,1,PASS,0
7639,domain_scaling_theme,7,PASS,0
7640,domain_lifecycle,2,PASS,0
7641,domain_navigation,8,PASS,0
7642,domain_dialog_inventory,5,PASS,0
7643,domain_accessibility,5,PASS,0
7644,domain_keyboard,3,PASS,0
7645,domain_localization,4,PASS,0
7646,domain_geometry,18,PASS,0
7647,domain_safety,4,PASS,0
7648,domain_workflows,2,PASS,0
7649,domain_scaling_theme,7,PASS,0
7650,domain_lifecycle,2,PASS,0
7651,domain_navigation,8,PASS,0
7652,domain_dialog_inventory,5,PASS,0
7653,domain_accessibility,4,PASS,0
7654,domain_keyboard,3,PASS,0
7655,domain_localization,4,PASS,0
7656,domain_geometry,5,PASS,0
7657,domain_safety,3,PASS,0
7658,domain_workflows,1,PASS,0
7659,domain_scaling_theme,7,PASS,0
7660,domain_lifecycle,2,PASS,0
7661,domain_navigation,8,PASS,0
7662,domain_dialog_inventory,5,PASS,0
7663,domain_accessibility,0,PASS,0
7664,domain_keyboard,3,PASS,0
7665,domain_localization,4,PASS,0
7666,domain_geometry,7,PASS,0
7667,domain_safety,5,PASS,0
7668,domain_workflows,1,PASS,0
7669,domain_scaling_theme,7,PASS,0
7670,domain_lifecycle,2,PASS,0
7671,domain_navigation,8,PASS,0
7672,domain_dialog_inventory,5,PASS,0
7673,domain_accessibility,1,PASS,0
7674,domain_keyboard,3,PASS,0
7675,domain_localization,4,PASS,0
7676,domain_geometry,2,PASS,0
7677,domain_safety,4,PASS,0
7678,domain_workflows,1,PASS,0
7679,domain_scaling_theme,7,PASS,0
7680,domain_lifecycle,2,PASS,0
7681,domain_navigation,8,PASS,0
7682,domain_dialog_inventory,5,PASS,0
7683,domain_accessibility,1,PASS,0
7684,domain_keyboard,3,PASS,0
7685,domain_localization,4,PASS,0
7686,domain_geometry,63,PASS,0
7687,domain_safety,12,PASS,0
7688,domain_workflows,1,PASS,0
7689,domain_scaling_theme,7,PASS,0
7690,domain_lifecycle,2,PASS,0
7691,domain_navigation,8,PASS,0
7692,domain_dialog_inventory,5,PASS,0
7693,domain_accessibility,1,PASS,0
7694,domain_keyboard,3,PASS,0
7695,domain_localization,4,PASS,0
7696,domain_geometry,5,PASS,0
7697,domain_safety,12,PASS,0
7698,domain_workflows,1,PASS,0
7699,domain_scaling_theme,7,PASS,0
7700,domain_lifecycle,2,PASS,0
7701,domain_navigation,8,PASS,0
7702,domain_dialog_inventory,5,PASS,0
7703,domain_accessibility,0,PASS,0
7704,domain_keyboard,3,PASS,0
7705,domain_localization,4,PASS,0
7706,domain_geometry,9,PASS,0
7707,domain_safety,5,PASS,0
7708,domain_workflows,1,PASS,0
7709,domain_scaling_theme,7,PASS,0
7710,domain_lifecycle,2,PASS,0
7711,domain_navigation,8,PASS,0
7712,domain_dialog_inventory,5,PASS,0
7713,domain_accessibility,1,PASS,0
7714,domain_keyboard,3,PASS,0
7715,domain_localization,4,PASS,0
7716,domain_geometry,26,PASS,0
7717,domain_safety,13,PASS,0
7718,domain_workflows,2,PASS,0
7719,domain_scaling_theme,7,PASS,0
7720,domain_lifecycle,2,PASS,0
7721,domain_navigation,8,PASS,0
7722,domain_dialog_inventory,5,PASS,0
7723,domain_accessibility,4,PASS,0
7724,domain_keyboard,3,PASS,0
7725,domain_localization,4,PASS,0
7726,domain_geometry,32,PASS,0
7727,domain_safety,8,PASS,0
7728,domain_workflows,1,PASS,0
7729,domain_scaling_theme,7,PASS,0
7730,domain_lifecycle,2,PASS,0
7731,domain_navigation,8,PASS,0
7732,domain_dialog_inventory,5,PASS,0
7733,domain_accessibility,0,PASS,0
7734,domain_keyboard,3,PASS,0
7735,domain_localization,4,PASS,0
7736,domain_geometry,55,PASS,0
7737,domain_safety,5,PASS,0
7738,domain_workflows,1,PASS,0
7739,domain_scaling_theme,7,PASS,0
7740,domain_lifecycle,2,PASS,0
7741,domain_navigation,8,PASS,0
7742,domain_dialog_inventory,5,PASS,0
7743,domain_accessibility,3,PASS,0
7744,domain_keyboard,3,PASS,0
7745,domain_localization,4,PASS,0
7746,domain_geometry,18,PASS,0
7747,domain_safety,7,PASS,0
7748,domain_workflows,2,PASS,0
7749,domain_scaling_theme,7,PASS,0
7750,domain_lifecycle,2,PASS,0
7751,domain_navigation,8,PASS,0
7752,domain_dialog_inventory,5,PASS,0
7753,domain_accessibility,2,PASS,0
7754,domain_keyboard,3,PASS,0
7755,domain_localization,4,PASS,0
7756,domain_geometry,9,PASS,0
7757,domain_safety,11,PASS,0
7758,domain_workflows,1,PASS,0
7759,domain_scaling_theme,8,PASS,0
7760,domain_lifecycle,2,PASS,0
7761,domain_navigation,8,PASS,0
7762,domain_dialog_inventory,5,PASS,0
7763,domain_accessibility,9,PASS,0
7764,domain_keyboard,3,PASS,0
7765,domain_localization,4,PASS,0
7766,domain_geometry,33,PASS,0
7767,domain_safety,5,PASS,0
7768,domain_workflows,1,PASS,0
7769,domain_scaling_theme,7,PASS,0
7770,domain_lifecycle,2,PASS,0
7771,domain_navigation,8,PASS,0
7772,domain_dialog_inventory,5,PASS,0
7773,domain_accessibility,4,PASS,0
7774,domain_keyboard,3,PASS,0
7775,domain_localization,4,PASS,0
7776,domain_geometry,15,PASS,0
7777,domain_safety,14,PASS,0
7778,domain_workflows,1,PASS,0
7779,domain_scaling_theme,7,PASS,0
7780,domain_lifecycle,2,PASS,0
7781,domain_navigation,8,PASS,0
7782,domain_dialog_inventory,5,PASS,0
7783,domain_accessibility,1,PASS,0
7784,domain_keyboard,3,PASS,0
7785,domain_localization,4,PASS,0
7786,domain_geometry,6,PASS,0
7787,domain_safety,6,PASS,0
7788,domain_workflows,1,PASS,0
7789,domain_scaling_theme,7,PASS,0
7790,domain_lifecycle,2,PASS,0
7791,domain_navigation,8,PASS,0
7792,domain_dialog_inventory,5,PASS,0
7793,domain_accessibility,2,PASS,0
7794,domain_keyboard,3,PASS,0
7795,domain_localization,4,PASS,0
7796,domain_geometry,89,PASS,0
7797,domain_safety,8,PASS,0
7798,domain_workflows,1,PASS,0
7799,domain_scaling_theme,7,PASS,0
7800,domain_lifecycle,2,PASS,0
7801,domain_navigation,8,PASS,0
7802,domain_dialog_inventory,5,PASS,0
7803,domain_accessibility,9,PASS,0
7804,domain_keyboard,3,PASS,0
7805,domain_localization,4,PASS,0
7806,domain_geometry,32,PASS,0
7807,domain_safety,4,PASS,0
7808,domain_workflows,1,PASS,0
7809,domain_scaling_theme,7,PASS,0
7810,domain_lifecycle,2,PASS,0
7811,domain_navigation,8,PASS,0
7812,domain_dialog_inventory,5,PASS,0
7813,domain_accessibility,7,PASS,0
7814,domain_keyboard,3,PASS,0
7815,domain_localization,4,PASS,0
7816,domain_geometry,18,PASS,0
7817,domain_safety,26,PASS,0
7818,domain_workflows,2,PASS,0
7819,domain_scaling_theme,7,PASS,0
7820,domain_lifecycle,2,PASS,0
7821,domain_navigation,8,PASS,0
7822,domain_dialog_inventory,5,PASS,0
7823,domain_accessibility,2,PASS,0
7824,domain_keyboard,3,PASS,0
7825,domain_localization,4,PASS,0
7826,domain_geometry,6,PASS,0
7827,domain_safety,3,PASS,0
7828,domain_workflows,1,PASS,0
7829,domain_scaling_theme,7,PASS,0
7830,domain_lifecycle,2,PASS,0
7831,domain_navigation,8,PASS,0
7832,domain_dialog_inventory,5,PASS,0
7833,domain_accessibility,2,PASS,0
7834,domain_keyboard,3,PASS,0
7835,domain_localization,4,PASS,0
7836,domain_geometry,9,PASS,0
7837,domain_safety,5,PASS,0
7838,domain_workflows,1,PASS,0
7839,domain_scaling_theme,7,PASS,0
7840,domain_lifecycle,2,PASS,0
7841,domain_navigation,8,PASS,0
7842,domain_dialog_inventory,5,PASS,0
7843,domain_accessibility,1,PASS,0
7844,domain_keyboard,3,PASS,0
7845,domain_localization,4,PASS,0
7846,domain_geometry,19,PASS,0
7847,domain_safety,6,PASS,0
7848,domain_workflows,2,PASS,0
7849,domain_scaling_theme,7,PASS,0
7850,domain_lifecycle,2,PASS,0
7851,domain_navigation,8,PASS,0
7852,domain_dialog_inventory,5,PASS,0
7853,domain_accessibility,1,PASS,0
7854,domain_keyboard,3,PASS,0
7855,domain_localization,4,PASS,0
7856,domain_geometry,34,PASS,0
7857,domain_safety,6,PASS,0
7858,domain_workflows,1,PASS,0
7859,domain_scaling_theme,7,PASS,0
7860,domain_lifecycle,2,PASS,0
7861,domain_navigation,8,PASS,0
7862,domain_dialog_inventory,5,PASS,0
7863,domain_accessibility,3,PASS,0
7864,domain_keyboard,3,PASS,0
7865,domain_localization,4,PASS,0
7866,domain_geometry,13,PASS,0
7867,domain_safety,5,PASS,0
7868,domain_workflows,1,PASS,0
7869,domain_scaling_theme,7,PASS,0
7870,domain_lifecycle,2,PASS,0
7871,domain_navigation,8,PASS,0
7872,domain_dialog_inventory,5,PASS,0
7873,domain_accessibility,6,PASS,0
7874,domain_keyboard,3,PASS,0
7875,domain_localization,4,PASS,0
7876,domain_geometry,8,PASS,0
7877,domain_safety,4,PASS,0
7878,domain_workflows,1,PASS,0
7879,domain_scaling_theme,7,PASS,0
7880,domain_lifecycle,2,PASS,0
7881,domain_navigation,8,PASS,0
7882,domain_dialog_inventory,5,PASS,0
7883,domain_accessibility,7,PASS,0
7884,domain_keyboard,3,PASS,0
7885,domain_localization,4,PASS,0
7886,domain_geometry,32,PASS,0
7887,domain_safety,6,PASS,0
7888,domain_workflows,1,PASS,0
7889,domain_scaling_theme,7,PASS,0
7890,domain_lifecycle,2,PASS,0
7891,domain_navigation,8,PASS,0
7892,domain_dialog_inventory,5,PASS,0
7893,domain_accessibility,4,PASS,0
7894,domain_keyboard,3,PASS,0
7895,domain_localization,4,PASS,0
7896,domain_geometry,9,PASS,0
7897,domain_safety,3,PASS,0
7898,domain_workflows,1,PASS,0
7899,domain_scaling_theme,7,PASS,0
7900,domain_lifecycle,2,PASS,0
7901,domain_navigation,8,PASS,0
7902,domain_dialog_inventory,5,PASS,0
7903,domain_accessibility,4,PASS,0
7904,domain_keyboard,3,PASS,0
7905,domain_localization,4,PASS,0
7906,domain_geometry,7,PASS,0
7907,domain_safety,12,PASS,0
7908,domain_workflows,1,PASS,0
7909,domain_scaling_theme,7,PASS,0
7910,domain_lifecycle,2,PASS,0
7911,domain_navigation,8,PASS,0
7912,domain_dialog_inventory,5,PASS,0
7913,domain_accessibility,1,PASS,0
7914,domain_keyboard,3,PASS,0
7915,domain_localization,4,PASS,0
7916,domain_geometry,7,PASS,0
7917,domain_safety,6,PASS,0
7918,domain_workflows,2,PASS,0
7919,domain_scaling_theme,7,PASS,0
7920,domain_lifecycle,2,PASS,0
7921,domain_navigation,8,PASS,0
7922,domain_dialog_inventory,5,PASS,0
7923,domain_accessibility,7,PASS,0
7924,domain_keyboard,3,PASS,0
7925,domain_localization,4,PASS,0
7926,domain_geometry,5,PASS,0
7927,domain_safety,4,PASS,0
7928,domain_workflows,1,PASS,0
7929,domain_scaling_theme,7,PASS,0
7930,domain_lifecycle,2,PASS,0
7931,domain_navigation,8,PASS,0
7932,domain_dialog_inventory,5,PASS,0
7933,domain_accessibility,11,PASS,0
7934,domain_keyboard,3,PASS,0
7935,domain_localization,4,PASS,0
7936,domain_geometry,16,PASS,0
7937,domain_safety,31,PASS,0
7938,domain_workflows,1,PASS,0
7939,domain_scaling_theme,7,PASS,0
7940,domain_lifecycle,2,PASS,0
7941,domain_navigation,8,PASS,0
7942,domain_dialog_inventory,5,PASS,0
7943,domain_accessibility,6,PASS,0
7944,domain_keyboard,3,PASS,0
7945,domain_localization,4,PASS,0
7946,domain_geometry,9,PASS,0
7947,domain_safety,3,PASS,0
7948,domain_workflows,2,PASS,0
7949,domain_scaling_theme,7,PASS,0
7950,domain_lifecycle,2,PASS,0
7951,domain_navigation,8,PASS,0
7952,domain_dialog_inventory,5,PASS,0
7953,domain_accessibility,5,PASS,0
7954,domain_keyboard,3,PASS,0
7955,domain_localization,4,PASS,0
7956,domain_geometry,18,PASS,0
7957,domain_safety,6,PASS,0
7958,domain_workflows,1,PASS,0
7959,domain_scaling_theme,7,PASS,0
7960,domain_lifecycle,2,PASS,0
7961,domain_navigation,8,PASS,0
7962,domain_dialog_inventory,5,PASS,0
7963,domain_accessibility,4,PASS,0
7964,domain_keyboard,3,PASS,0
7965,domain_localization,4,PASS,0
7966,domain_geometry,5,PASS,0
7967,domain_safety,3,PASS,0
7968,domain_workflows,1,PASS,0
7969,domain_scaling_theme,7,PASS,0
7970,domain_lifecycle,2,PASS,0
7971,domain_navigation,8,PASS,0
7972,domain_dialog_inventory,5,PASS,0
7973,domain_accessibility,0,PASS,0
7974,domain_keyboard,3,PASS,0
7975,domain_localization,4,PASS,0
7976,domain_geometry,7,PASS,0
7977,domain_safety,5,PASS,0
7978,domain_workflows,1,PASS,0
7979,domain_scaling_theme,7,PASS,0
7980,domain_lifecycle,2,PASS,0
7981,domain_navigation,8,PASS,0
7982,domain_dialog_inventory,5,PASS,0
7983,domain_accessibility,1,PASS,0
7984,domain_keyboard,3,PASS,0
7985,domain_localization,4,PASS,0
7986,domain_geometry,2,PASS,0
7987,domain_safety,4,PASS,0
7988,domain_workflows,1,PASS,0
7989,domain_scaling_theme,7,PASS,0
7990,domain_lifecycle,2,PASS,0
7991,domain_navigation,8,PASS,0
7992,domain_dialog_inventory,5,PASS,0
7993,domain_accessibility,1,PASS,0
7994,domain_keyboard,3,PASS,0
7995,domain_localization,4,PASS,0
7996,domain_geometry,63,PASS,0
7997,domain_safety,12,PASS,0
7998,domain_workflows,1,PASS,0
7999,domain_scaling_theme,7,PASS,0
8000,domain_lifecycle,2,PASS,0
8001,domain_navigation,8,PASS,0
8002,domain_dialog_inventory,5,PASS,0
8003,domain_accessibility,1,PASS,0
8004,domain_keyboard,3,PASS,0
8005,domain_localization,4,PASS,0
8006,domain_geometry,5,PASS,0
8007,domain_safety,12,PASS,0
8008,domain_workflows,1,PASS,0
8009,domain_scaling_theme,8,PASS,0
8010,domain_lifecycle,2,PASS,0
8011,domain_navigation,8,PASS,0
8012,domain_dialog_inventory,5,PASS,0
8013,domain_accessibility,0,PASS,0
8014,domain_keyboard,3,PASS,0
8015,domain_localization,4,PASS,0
8016,domain_geometry,9,PASS,0
8017,domain_safety,3,PASS,0
8018,domain_workflows,2,PASS,0
8019,domain_scaling_theme,7,PASS,0
8020,domain_lifecycle,2,PASS,0
8021,domain_navigation,8,PASS,0
8022,domain_dialog_inventory,5,PASS,0
8023,domain_accessibility,1,PASS,0
8024,domain_keyboard,3,PASS,0
8025,domain_localization,4,PASS,0
8026,domain_geometry,26,PASS,0
8027,domain_safety,13,PASS,0
8028,domain_workflows,1,PASS,0
8029,domain_scaling_theme,7,PASS,0
8030,domain_lifecycle,2,PASS,0
8031,domain_navigation,8,PASS,0
8032,domain_dialog_inventory,5,PASS,0
8033,domain_accessibility,4,PASS,0
8034,domain_keyboard,3,PASS,0
8035,domain_localization,4,PASS,0
8036,domain_geometry,32,PASS,0
8037,domain_safety,8,PASS,0
8038,domain_workflows,1,PASS,0
8039,domain_scaling_theme,7,PASS,0
8040,domain_lifecycle,2,PASS,0
8041,domain_navigation,8,PASS,0
8042,domain_dialog_inventory,5,PASS,0
8043,domain_accessibility,0,PASS,0
8044,domain_keyboard,3,PASS,0
8045,domain_localization,4,PASS,0
8046,domain_geometry,55,PASS,0
8047,domain_safety,5,PASS,0
8048,domain_workflows,2,PASS,0
8049,domain_scaling_theme,7,PASS,0
8050,domain_lifecycle,2,PASS,0
8051,domain_navigation,8,PASS,0
8052,domain_dialog_inventory,5,PASS,0
8053,domain_accessibility,3,PASS,0
8054,domain_keyboard,3,PASS,0
8055,domain_localization,4,PASS,0
8056,domain_geometry,18,PASS,0
8057,domain_safety,7,PASS,0
8058,domain_workflows,1,PASS,0
8059,domain_scaling_theme,7,PASS,0
8060,domain_lifecycle,2,PASS,0
8061,domain_navigation,8,PASS,0
8062,domain_dialog_inventory,5,PASS,0
8063,domain_accessibility,2,PASS,0
8064,domain_keyboard,3,PASS,0
8065,domain_localization,4,PASS,0
8066,domain_geometry,9,PASS,0
8067,domain_safety,9,PASS,0
8068,domain_workflows,1,PASS,0
8069,domain_scaling_theme,7,PASS,0
8070,domain_lifecycle,2,PASS,0
8071,domain_navigation,8,PASS,0
8072,domain_dialog_inventory,5,PASS,0
8073,domain_accessibility,9,PASS,0
8074,domain_keyboard,3,PASS,0
8075,domain_localization,4,PASS,0
8076,domain_geometry,33,PASS,0
8077,domain_safety,5,PASS,0
8078,domain_workflows,1,PASS,0
8079,domain_scaling_theme,7,PASS,0
8080,domain_lifecycle,2,PASS,0
8081,domain_navigation,8,PASS,0
8082,domain_dialog_inventory,5,PASS,0
8083,domain_accessibility,4,PASS,0
8084,domain_keyboard,3,PASS,0
8085,domain_localization,4,PASS,0
8086,domain_geometry,15,PASS,0
8087,domain_safety,14,PASS,0
8088,domain_workflows,1,PASS,0
8089,domain_scaling_theme,7,PASS,0
8090,domain_lifecycle,2,PASS,0
8091,domain_navigation,8,PASS,0
8092,domain_dialog_inventory,5,PASS,0
8093,domain_accessibility,1,PASS,0
8094,domain_keyboard,3,PASS,0
8095,domain_localization,4,PASS,0
8096,domain_geometry,6,PASS,0
8097,domain_safety,6,PASS,0
8098,domain_workflows,1,PASS,0
8099,domain_scaling_theme,7,PASS,0
8100,domain_lifecycle,2,PASS,0
8101,domain_navigation,8,PASS,0
8102,domain_dialog_inventory,5,PASS,0
8103,domain_accessibility,2,PASS,0
8104,domain_keyboard,3,PASS,0
8105,domain_localization,4,PASS,0
8106,domain_geometry,89,PASS,0
8107,domain_safety,10,PASS,0
8108,domain_workflows,1,PASS,0
8109,domain_scaling_theme,7,PASS,0
8110,domain_lifecycle,2,PASS,0
8111,domain_navigation,8,PASS,0
8112,domain_dialog_inventory,5,PASS,0
8113,domain_accessibility,9,PASS,0
8114,domain_keyboard,3,PASS,0
8115,domain_localization,4,PASS,0
8116,domain_geometry,32,PASS,0
8117,domain_safety,2,PASS,0
8118,domain_workflows,2,PASS,0
8119,domain_scaling_theme,7,PASS,0
8120,domain_lifecycle,2,PASS,0
8121,domain_navigation,8,PASS,0
8122,domain_dialog_inventory,5,PASS,0
8123,domain_accessibility,7,PASS,0
8124,domain_keyboard,3,PASS,0
8125,domain_localization,4,PASS,0
8126,domain_geometry,18,PASS,0
8127,domain_safety,26,PASS,0
8128,domain_workflows,1,PASS,0
8129,domain_scaling_theme,7,PASS,0
8130,domain_lifecycle,2,PASS,0
8131,domain_navigation,8,PASS,0
8132,domain_dialog_inventory,5,PASS,0
8133,domain_accessibility,2,PASS,0
8134,domain_keyboard,3,PASS,0
8135,domain_localization,4,PASS,0
8136,domain_geometry,6,PASS,0
8137,domain_safety,3,PASS,0
8138,domain_workflows,1,PASS,0
8139,domain_scaling_theme,7,PASS,0
8140,domain_lifecycle,2,PASS,0
8141,domain_navigation,8,PASS,0
8142,domain_dialog_inventory,5,PASS,0
8143,domain_accessibility,2,PASS,0
8144,domain_keyboard,3,PASS,0
8145,domain_localization,4,PASS,0
8146,domain_geometry,9,PASS,0
8147,domain_safety,5,PASS,0
8148,domain_workflows,2,PASS,0
8149,domain_scaling_theme,7,PASS,0
8150,domain_lifecycle,2,PASS,0
8151,domain_navigation,8,PASS,0
8152,domain_dialog_inventory,5,PASS,0
8153,domain_accessibility,1,PASS,0
8154,domain_keyboard,3,PASS,0
8155,domain_localization,4,PASS,0
8156,domain_geometry,19,PASS,0
8157,domain_safety,8,PASS,0
8158,domain_workflows,1,PASS,0
8159,domain_scaling_theme,7,PASS,0
8160,domain_lifecycle,2,PASS,0
8161,domain_navigation,8,PASS,0
8162,domain_dialog_inventory,5,PASS,0
8163,domain_accessibility,1,PASS,0
8164,domain_keyboard,3,PASS,0
8165,domain_localization,4,PASS,0
8166,domain_geometry,34,PASS,0
8167,domain_safety,4,PASS,0
8168,domain_workflows,1,PASS,0
8169,domain_scaling_theme,7,PASS,0
8170,domain_lifecycle,2,PASS,0
8171,domain_navigation,8,PASS,0
8172,domain_dialog_inventory,5,PASS,0
8173,domain_accessibility,3,PASS,0
8174,domain_keyboard,3,PASS,0
8175,domain_localization,4,PASS,0
8176,domain_geometry,13,PASS,0
8177,domain_safety,5,PASS,0
8178,domain_workflows,1,PASS,0
8179,domain_scaling_theme,7,PASS,0
8180,domain_lifecycle,2,PASS,0
8181,domain_navigation,8,PASS,0
8182,domain_dialog_inventory,5,PASS,0
8183,domain_accessibility,6,PASS,0
8184,domain_keyboard,3,PASS,0
8185,domain_localization,4,PASS,0
8186,domain_geometry,8,PASS,0
8187,domain_safety,4,PASS,0
8188,domain_workflows,1,PASS,0
8189,domain_scaling_theme,7,PASS,0
8190,domain_lifecycle,2,PASS,0
8191,domain_navigation,8,PASS,0
8192,domain_dialog_inventory,5,PASS,0
8193,domain_accessibility,7,PASS,0
8194,domain_keyboard,3,PASS,0
8195,domain_localization,4,PASS,0
8196,domain_geometry,32,PASS,0
8197,domain_safety,6,PASS,0
8198,domain_workflows,1,PASS,0
8199,domain_scaling_theme,7,PASS,0
8200,domain_lifecycle,2,PASS,0
8201,domain_navigation,8,PASS,0
8202,domain_dialog_inventory,5,PASS,0
8203,domain_accessibility,4,PASS,0
8204,domain_keyboard,3,PASS,0
8205,domain_localization,4,PASS,0
8206,domain_geometry,9,PASS,0
8207,domain_safety,5,PASS,0
8208,domain_workflows,1,PASS,0
8209,domain_scaling_theme,7,PASS,0
8210,domain_lifecycle,2,PASS,0
8211,domain_navigation,8,PASS,0
8212,domain_dialog_inventory,5,PASS,0
8213,domain_accessibility,4,PASS,0
8214,domain_keyboard,3,PASS,0
8215,domain_localization,4,PASS,0
8216,domain_geometry,7,PASS,0
8217,domain_safety,10,PASS,0
8218,domain_workflows,2,PASS,0
8219,domain_scaling_theme,7,PASS,0
8220,domain_lifecycle,2,PASS,0
8221,domain_navigation,8,PASS,0
8222,domain_dialog_inventory,5,PASS,0
8223,domain_accessibility,1,PASS,0
8224,domain_keyboard,3,PASS,0
8225,domain_localization,4,PASS,0
8226,domain_geometry,7,PASS,0
8227,domain_safety,6,PASS,0
8228,domain_workflows,1,PASS,0
8229,domain_scaling_theme,7,PASS,0
8230,domain_lifecycle,2,PASS,0
8231,domain_navigation,8,PASS,0
8232,domain_dialog_inventory,5,PASS,0
8233,domain_accessibility,7,PASS,0
8234,domain_keyboard,3,PASS,0
8235,domain_localization,4,PASS,0
8236,domain_geometry,5,PASS,0
8237,domain_safety,4,PASS,0
8238,domain_workflows,1,PASS,0
8239,domain_scaling_theme,7,PASS,0
8240,domain_lifecycle,2,PASS,0
8241,domain_navigation,8,PASS,0
8242,domain_dialog_inventory,5,PASS,0
8243,domain_accessibility,11,PASS,0
8244,domain_keyboard,3,PASS,0
8245,domain_localization,4,PASS,0
8246,domain_geometry,16,PASS,0
8247,domain_safety,31,PASS,0
8248,domain_workflows,2,PASS,0
8249,domain_scaling_theme,7,PASS,0
8250,domain_lifecycle,2,PASS,0
8251,domain_navigation,8,PASS,0
8252,domain_dialog_inventory,5,PASS,0
8253,domain_accessibility,6,PASS,0
8254,domain_keyboard,3,PASS,0
8255,domain_localization,4,PASS,0
8256,domain_geometry,9,PASS,0
8257,domain_safety,3,PASS,0
8258,domain_workflows,1,PASS,0
8259,domain_scaling_theme,8,PASS,0
8260,domain_lifecycle,2,PASS,0
8261,domain_navigation,8,PASS,0
8262,domain_dialog_inventory,5,PASS,0
8263,domain_accessibility,5,PASS,0
8264,domain_keyboard,3,PASS,0
8265,domain_localization,4,PASS,0
8266,domain_geometry,18,PASS,0
8267,domain_safety,4,PASS,0
8268,domain_workflows,1,PASS,0
8269,domain_scaling_theme,7,PASS,0
8270,domain_lifecycle,2,PASS,0
8271,domain_navigation,8,PASS,0
8272,domain_dialog_inventory,5,PASS,0
8273,domain_accessibility,4,PASS,0
8274,domain_keyboard,3,PASS,0
8275,domain_localization,4,PASS,0
8276,domain_geometry,5,PASS,0
8277,domain_safety,3,PASS,0
8278,domain_workflows,1,PASS,0
8279,domain_scaling_theme,7,PASS,0
8280,domain_lifecycle,2,PASS,0
8281,domain_navigation,8,PASS,0
8282,domain_dialog_inventory,5,PASS,0
8283,domain_accessibility,0,PASS,0
8284,domain_keyboard,3,PASS,0
8285,domain_localization,4,PASS,0
8286,domain_geometry,7,PASS,0
8287,domain_safety,5,PASS,0
8288,domain_workflows,1,PASS,0
8289,domain_scaling_theme,7,PASS,0
8290,domain_lifecycle,2,PASS,0
8291,domain_navigation,8,PASS,0
8292,domain_dialog_inventory,5,PASS,0
8293,domain_accessibility,1,PASS,0
8294,domain_keyboard,3,PASS,0
8295,domain_localization,4,PASS,0
8296,domain_geometry,2,PASS,0
8297,domain_safety,4,PASS,0
8298,domain_workflows,1,PASS,0
8299,domain_scaling_theme,7,PASS,0
8300,domain_lifecycle,2,PASS,0
8301,domain_navigation,8,PASS,0
8302,domain_dialog_inventory,5,PASS,0
8303,domain_accessibility,1,PASS,0
8304,domain_keyboard,3,PASS,0
8305,domain_localization,4,PASS,0
8306,domain_geometry,63,PASS,0
8307,domain_safety,14,PASS,0
8308,domain_workflows,1,PASS,0
8309,domain_scaling_theme,7,PASS,0
8310,domain_lifecycle,2,PASS,0
8311,domain_navigation,8,PASS,0
8312,domain_dialog_inventory,5,PASS,0
8313,domain_accessibility,1,PASS,0
8314,domain_keyboard,3,PASS,0
8315,domain_localization,4,PASS,0
8316,domain_geometry,5,PASS,0
8317,domain_safety,12,PASS,0
8318,domain_workflows,2,PASS,0
8319,domain_scaling_theme,7,PASS,0
8320,domain_lifecycle,2,PASS,0
8321,domain_navigation,8,PASS,0
8322,domain_dialog_inventory,5,PASS,0
8323,domain_accessibility,0,PASS,0
8324,domain_keyboard,3,PASS,0
8325,domain_localization,4,PASS,0
8326,domain_geometry,9,PASS,0
8327,domain_safety,3,PASS,0
8328,domain_workflows,1,PASS,0
8329,domain_scaling_theme,7,PASS,0
8330,domain_lifecycle,2,PASS,0
8331,domain_navigation,8,PASS,0
8332,domain_dialog_inventory,5,PASS,0
8333,domain_accessibility,1,PASS,0
8334,domain_keyboard,3,PASS,0
8335,domain_localization,4,PASS,0
8336,domain_geometry,26,PASS,0
8337,domain_safety,13,PASS,0
8338,domain_workflows,1,PASS,0
8339,domain_scaling_theme,7,PASS,0
8340,domain_lifecycle,2,PASS,0
8341,domain_navigation,8,PASS,0
8342,domain_dialog_inventory,5,PASS,0
8343,domain_accessibility,4,PASS,0
8344,domain_keyboard,3,PASS,0
8345,domain_localization,4,PASS,0
8346,domain_geometry,32,PASS,0
8347,domain_safety,8,PASS,0
8348,domain_workflows,2,PASS,0
8349,domain_scaling_theme,7,PASS,0
8350,domain_lifecycle,2,PASS,0
8351,domain_navigation,8,PASS,0
8352,domain_dialog_inventory,5,PASS,0
8353,domain_accessibility,0,PASS,0
8354,domain_keyboard,3,PASS,0
8355,domain_localization,4,PASS,0
8356,domain_geometry,55,PASS,0
8357,domain_safety,5,PASS,0
8358,domain_workflows,1,PASS,0
8359,domain_scaling_theme,7,PASS,0
8360,domain_lifecycle,2,PASS,0
8361,domain_navigation,8,PASS,0
8362,domain_dialog_inventory,5,PASS,0
8363,domain_accessibility,3,PASS,0
8364,domain_keyboard,3,PASS,0
8365,domain_localization,4,PASS,0
8366,domain_geometry,18,PASS,0
8367,domain_safety,7,PASS,0
8368,domain_workflows,1,PASS,0
8369,domain_scaling_theme,7,PASS,0
8370,domain_lifecycle,2,PASS,0
8371,domain_navigation,8,PASS,0
8372,domain_dialog_inventory,5,PASS,0
8373,domain_accessibility,2,PASS,0
8374,domain_keyboard,3,PASS,0
8375,domain_localization,4,PASS,0
8376,domain_geometry,9,PASS,0
8377,domain_safety,9,PASS,0
8378,domain_workflows,1,PASS,0
8379,domain_scaling_theme,7,PASS,0
8380,domain_lifecycle,2,PASS,0
8381,domain_navigation,8,PASS,0
8382,domain_dialog_inventory,5,PASS,0
8383,domain_accessibility,9,PASS,0
8384,domain_keyboard,3,PASS,0
8385,domain_localization,4,PASS,0
8386,domain_geometry,33,PASS,0
8387,domain_safety,5,PASS,0
8388,domain_workflows,1,PASS,0
8389,domain_scaling_theme,7,PASS,0
8390,domain_lifecycle,2,PASS,0
8391,domain_navigation,8,PASS,0
8392,domain_dialog_inventory,5,PASS,0
8393,domain_accessibility,4,PASS,0
8394,domain_keyboard,3,PASS,0
8395,domain_localization,4,PASS,0
8396,domain_geometry,15,PASS,0
8397,domain_safety,14,PASS,0
8398,domain_workflows,1,PASS,0
8399,domain_scaling_theme,7,PASS,0
8400,domain_lifecycle,2,PASS,0
8401,domain_navigation,8,PASS,0
8402,domain_dialog_inventory,5,PASS,0
8403,domain_accessibility,1,PASS,0
8404,domain_keyboard,3,PASS,0
8405,domain_localization,4,PASS,0
8406,domain_geometry,6,PASS,0
8407,domain_safety,8,PASS,0
8408,domain_workflows,1,PASS,0
8409,domain_scaling_theme,7,PASS,0
8410,domain_lifecycle,2,PASS,0
8411,domain_navigation,8,PASS,0
8412,domain_dialog_inventory,5,PASS,0
8413,domain_accessibility,2,PASS,0
8414,domain_keyboard,3,PASS,0
8415,domain_localization,4,PASS,0
8416,domain_geometry,89,PASS,0
8417,domain_safety,8,PASS,0
8418,domain_workflows,2,PASS,0
8419,domain_scaling_theme,7,PASS,0
8420,domain_lifecycle,2,PASS,0
8421,domain_navigation,8,PASS,0
8422,domain_dialog_inventory,5,PASS,0
8423,domain_accessibility,9,PASS,0
8424,domain_keyboard,3,PASS,0
8425,domain_localization,4,PASS,0
8426,domain_geometry,32,PASS,0
8427,domain_safety,2,PASS,0
8428,domain_workflows,1,PASS,0
8429,domain_scaling_theme,7,PASS,0
8430,domain_lifecycle,2,PASS,0
8431,domain_navigation,8,PASS,0
8432,domain_dialog_inventory,5,PASS,0
8433,domain_accessibility,7,PASS,0
8434,domain_keyboard,3,PASS,0
8435,domain_localization,4,PASS,0
8436,domain_geometry,18,PASS,0
8437,domain_safety,26,PASS,0
8438,domain_workflows,1,PASS,0
8439,domain_scaling_theme,7,PASS,0
8440,domain_lifecycle,2,PASS,0
8441,domain_navigation,8,PASS,0
8442,domain_dialog_inventory,5,PASS,0
8443,domain_accessibility,2,PASS,0
8444,domain_keyboard,3,PASS,0
8445,domain_localization,4,PASS,0
8446,domain_geometry,6,PASS,0
8447,domain_safety,3,PASS,0
8448,domain_workflows,2,PASS,0
8449,domain_scaling_theme,7,PASS,0
8450,domain_lifecycle,2,PASS,0
8451,domain_navigation,8,PASS,0
8452,domain_dialog_inventory,5,PASS,0
8453,domain_accessibility,2,PASS,0
8454,domain_keyboard,3,PASS,0
8455,domain_localization,4,PASS,0
8456,domain_geometry,9,PASS,0
8457,domain_safety,7,PASS,0
8458,domain_workflows,1,PASS,0
8459,domain_scaling_theme,7,PASS,0
8460,domain_lifecycle,2,PASS,0
8461,domain_navigation,8,PASS,0
8462,domain_dialog_inventory,5,PASS,0
8463,domain_accessibility,1,PASS,0
8464,domain_keyboard,3,PASS,0
8465,domain_localization,4,PASS,0
8466,domain_geometry,19,PASS,0
8467,domain_safety,6,PASS,0
8468,domain_workflows,1,PASS,0
8469,domain_scaling_theme,7,PASS,0
8470,domain_lifecycle,2,PASS,0
8471,domain_navigation,8,PASS,0
8472,domain_dialog_inventory,5,PASS,0
8473,domain_accessibility,1,PASS,0
8474,domain_keyboard,3,PASS,0
8475,domain_localization,4,PASS,0
8476,domain_geometry,34,PASS,0
8477,domain_safety,4,PASS,0
8478,domain_workflows,1,PASS,0
8479,domain_scaling_theme,7,PASS,0
8480,domain_lifecycle,2,PASS,0
8481,domain_navigation,8,PASS,0
8482,domain_dialog_inventory,5,PASS,0
8483,domain_accessibility,3,PASS,0
8484,domain_keyboard,3,PASS,0
8485,domain_localization,4,PASS,0
8486,domain_geometry,13,PASS,0
8487,domain_safety,5,PASS,0
8488,domain_workflows,1,PASS,0
8489,domain_scaling_theme,7,PASS,0
8490,domain_lifecycle,2,PASS,0
8491,domain_navigation,8,PASS,0
8492,domain_dialog_inventory,5,PASS,0
8493,domain_accessibility,6,PASS,0
8494,domain_keyboard,3,PASS,0
8495,domain_localization,4,PASS,0
8496,domain_geometry,8,PASS,0
8497,domain_safety,4,PASS,0
8498,domain_workflows,1,PASS,0
8499,domain_scaling_theme,7,PASS,0
8500,domain_lifecycle,2,PASS,0
8501,domain_navigation,8,PASS,0
8502,domain_dialog_inventory,5,PASS,0
8503,domain_accessibility,7,PASS,0
8504,domain_keyboard,3,PASS,0
8505,domain_localization,4,PASS,0
8506,domain_geometry,32,PASS,0
8507,domain_safety,8,PASS,0
8508,domain_workflows,1,PASS,0
8509,domain_scaling_theme,8,PASS,0
8510,domain_lifecycle,2,PASS,0
8511,domain_navigation,8,PASS,0
8512,domain_dialog_inventory,5,PASS,0
8513,domain_accessibility,4,PASS,0
8514,domain_keyboard,3,PASS,0
8515,domain_localization,4,PASS,0
8516,domain_geometry,9,PASS,0
8517,domain_safety,3,PASS,0
8518,domain_workflows,2,PASS,0
8519,domain_scaling_theme,7,PASS,0
8520,domain_lifecycle,2,PASS,0
8521,domain_navigation,8,PASS,0
8522,domain_dialog_inventory,5,PASS,0
8523,domain_accessibility,4,PASS,0
8524,domain_keyboard,3,PASS,0
8525,domain_localization,4,PASS,0
8526,domain_geometry,7,PASS,0
8527,domain_safety,10,PASS,0
8528,domain_workflows,1,PASS,0
8529,domain_scaling_theme,7,PASS,0
8530,domain_lifecycle,2,PASS,0
8531,domain_navigation,8,PASS,0
8532,domain_dialog_inventory,5,PASS,0
8533,domain_accessibility,1,PASS,0
8534,domain_keyboard,3,PASS,0
8535,domain_localization,4,PASS,0
8536,domain_geometry,7,PASS,0
8537,domain_safety,6,PASS,0
8538,domain_workflows,1,PASS,0
8539,domain_scaling_theme,7,PASS,0
8540,domain_lifecycle,2,PASS,0
8541,domain_navigation,8,PASS,0
8542,domain_dialog_inventory,5,PASS,0
8543,domain_accessibility,7,PASS,0
8544,domain_keyboard,3,PASS,0
8545,domain_localization,4,PASS,0
8546,domain_geometry,5,PASS,0
8547,domain_safety,4,PASS,0
8548,domain_workflows,2,PASS,0
8549,domain_scaling_theme,7,PASS,0
8550,domain_lifecycle,2,PASS,0
8551,domain_navigation,8,PASS,0
8552,domain_dialog_inventory,5,PASS,0
8553,domain_accessibility,11,PASS,0
8554,domain_keyboard,3,PASS,0
8555,domain_localization,4,PASS,0
8556,domain_geometry,16,PASS,0
8557,domain_safety,33,PASS,0
8558,domain_workflows,1,PASS,0
8559,domain_scaling_theme,7,PASS,0
8560,domain_lifecycle,2,PASS,0
8561,domain_navigation,8,PASS,0
8562,domain_dialog_inventory,5,PASS,0
8563,domain_accessibility,6,PASS,0
8564,domain_keyboard,3,PASS,0
8565,domain_localization,4,PASS,0
8566,domain_geometry,9,PASS,0
8567,domain_safety,3,PASS,0
8568,domain_workflows,1,PASS,0
8569,domain_scaling_theme,7,PASS,0
8570,domain_lifecycle,2,PASS,0
8571,domain_navigation,8,PASS,0
8572,domain_dialog_inventory,5,PASS,0
8573,domain_accessibility,5,PASS,0
8574,domain_keyboard,3,PASS,0
8575,domain_localization,4,PASS,0
8576,domain_geometry,18,PASS,0
8577,domain_safety,4,PASS,0
8578,domain_workflows,1,PASS,0
8579,domain_scaling_theme,7,PASS,0
8580,domain_lifecycle,2,PASS,0
8581,domain_navigation,8,PASS,0
8582,domain_dialog_inventory,5,PASS,0
8583,domain_accessibility,4,PASS,0
8584,domain_keyboard,3,PASS,0
8585,domain_localization,4,PASS,0
8586,domain_geometry,5,PASS,0
8587,domain_safety,3,PASS,0
8588,domain_workflows,1,PASS,0
8589,domain_scaling_theme,7,PASS,0
8590,domain_lifecycle,2,PASS,0
8591,domain_navigation,8,PASS,0
8592,domain_dialog_inventory,5,PASS,0
8593,domain_accessibility,0,PASS,0
8594,domain_keyboard,3,PASS,0
8595,domain_localization,4,PASS,0
8596,domain_geometry,7,PASS,0
8597,domain_safety,5,PASS,0
8598,domain_workflows,1,PASS,0
8599,domain_scaling_theme,7,PASS,0
8600,domain_lifecycle,2,PASS,0
8601,domain_navigation,8,PASS,0
8602,domain_dialog_inventory,5,PASS,0
8603,domain_accessibility,1,PASS,0
8604,domain_keyboard,3,PASS,0
8605,domain_localization,4,PASS,0
8606,domain_geometry,2,PASS,0
8607,domain_safety,6,PASS,0
8608,domain_workflows,1,PASS,0
8609,domain_scaling_theme,7,PASS,0
8610,domain_lifecycle,2,PASS,0
8611,domain_navigation,8,PASS,0
8612,domain_dialog_inventory,5,PASS,0
8613,domain_accessibility,1,PASS,0
8614,domain_keyboard,3,PASS,0
8615,domain_localization,4,PASS,0
8616,domain_geometry,63,PASS,0
8617,domain_safety,12,PASS,0
8618,domain_workflows,2,PASS,0
8619,domain_scaling_theme,7,PASS,0
8620,domain_lifecycle,2,PASS,0
8621,domain_navigation,8,PASS,0
8622,domain_dialog_inventory,5,PASS,0
8623,domain_accessibility,1,PASS,0
8624,domain_keyboard,3,PASS,0
8625,domain_localization,4,PASS,0
8626,domain_geometry,5,PASS,0
8627,domain_safety,12,PASS,0
8628,domain_workflows,1,PASS,0
8629,domain_scaling_theme,7,PASS,0
8630,domain_lifecycle,2,PASS,0
8631,domain_navigation,8,PASS,0
8632,domain_dialog_inventory,5,PASS,0
8633,domain_accessibility,0,PASS,0
8634,domain_keyboard,3,PASS,0
8635,domain_localization,4,PASS,0
8636,domain_geometry,9,PASS,0
8637,domain_safety,3,PASS,0
8638,domain_workflows,1,PASS,0
8639,domain_scaling_theme,7,PASS,0
8640,domain_lifecycle,2,PASS,0
8641,domain_navigation,8,PASS,0
8642,domain_dialog_inventory,5,PASS,0
8643,domain_accessibility,1,PASS,0
8644,domain_keyboard,3,PASS,0
8645,domain_localization,4,PASS,0
8646,domain_geometry,26,PASS,0
8647,domain_safety,13,PASS,0
8648,domain_workflows,2,PASS,0
8649,domain_scaling_theme,7,PASS,0
8650,domain_lifecycle,2,PASS,0
8651,domain_navigation,8,PASS,0
8652,domain_dialog_inventory,5,PASS,0
8653,domain_accessibility,4,PASS,0
8654,domain_keyboard,3,PASS,0
8655,domain_localization,4,PASS,0
8656,domain_geometry,32,PASS,0
8657,domain_safety,8,PASS,0
8658,domain_workflows,1,PASS,0
8659,domain_scaling_theme,7,PASS,0
8660,domain_lifecycle,2,PASS,0
8661,domain_navigation,8,PASS,0
8662,domain_dialog_inventory,5,PASS,0
8663,domain_accessibility,0,PASS,0
8664,domain_keyboard,3,PASS,0
8665,domain_localization,4,PASS,0
8666,domain_geometry,55,PASS,0
8667,domain_safety,5,PASS,0
8668,domain_workflows,1,PASS,0
8669,domain_scaling_theme,7,PASS,0
8670,domain_lifecycle,2,PASS,0
8671,domain_navigation,8,PASS,0
8672,domain_dialog_inventory,5,PASS,0
8673,domain_accessibility,3,PASS,0
8674,domain_keyboard,3,PASS,0
8675,domain_localization,4,PASS,0
8676,domain_geometry,18,PASS,0
8677,domain_safety,7,PASS,0
8678,domain_workflows,1,PASS,0
8679,domain_scaling_theme,7,PASS,0
8680,domain_lifecycle,2,PASS,0
8681,domain_navigation,8,PASS,0
8682,domain_dialog_inventory,5,PASS,0
8683,domain_accessibility,2,PASS,0
8684,domain_keyboard,3,PASS,0
8685,domain_localization,4,PASS,0
8686,domain_geometry,9,PASS,0
8687,domain_safety,9,PASS,0
8688,domain_workflows,1,PASS,0
8689,domain_scaling_theme,7,PASS,0
8690,domain_lifecycle,2,PASS,0
8691,domain_navigation,8,PASS,0
8692,domain_dialog_inventory,5,PASS,0
8693,domain_accessibility,9,PASS,0
8694,domain_keyboard,3,PASS,0
8695,domain_localization,4,PASS,0
8696,domain_geometry,33,PASS,0
8697,domain_safety,5,PASS,0
8698,domain_workflows,1,PASS,0
8699,domain_scaling_theme,7,PASS,0
8700,domain_lifecycle,2,PASS,0
8701,domain_navigation,8,PASS,0
8702,domain_dialog_inventory,5,PASS,0
8703,domain_accessibility,4,PASS,0
8704,domain_keyboard,3,PASS,0
8705,domain_localization,4,PASS,0
8706,domain_geometry,15,PASS,0
8707,domain_safety,16,PASS,0
8708,domain_workflows,1,PASS,0
8709,domain_scaling_theme,7,PASS,0
8710,domain_lifecycle,2,PASS,0
8711,domain_navigation,8,PASS,0
8712,domain_dialog_inventory,5,PASS,0
8713,domain_accessibility,1,PASS,0
8714,domain_keyboard,3,PASS,0
8715,domain_localization,4,PASS,0
8716,domain_geometry,6,PASS,0
8717,domain_safety,6,PASS,0
8718,domain_workflows,2,PASS,0
8719,domain_scaling_theme,7,PASS,0
8720,domain_lifecycle,2,PASS,0
8721,domain_navigation,8,PASS,0
8722,domain_dialog_inventory,5,PASS,0
8723,domain_accessibility,2,PASS,0
8724,domain_keyboard,3,PASS,0
8725,domain_localization,4,PASS,0
8726,domain_geometry,89,PASS,0
8727,domain_safety,8,PASS,0
8728,domain_workflows,1,PASS,0
8729,domain_scaling_theme,7,PASS,0
8730,domain_lifecycle,2,PASS,0
8731,domain_navigation,8,PASS,0
8732,domain_dialog_inventory,5,PASS,0
8733,domain_accessibility,9,PASS,0
8734,domain_keyboard,3,PASS,0
8735,domain_localization,4,PASS,0
8736,domain_geometry,32,PASS,0
8737,domain_safety,2,PASS,0
8738,domain_workflows,1,PASS,0
8739,domain_scaling_theme,7,PASS,0
8740,domain_lifecycle,2,PASS,0
8741,domain_navigation,8,PASS,0
8742,domain_dialog_inventory,5,PASS,0
8743,domain_accessibility,7,PASS,0
8744,domain_keyboard,3,PASS,0
8745,domain_localization,4,PASS,0
8746,domain_geometry,18,PASS,0
8747,domain_safety,26,PASS,0
8748,domain_workflows,2,PASS,0
8749,domain_scaling_theme,7,PASS,0
8750,domain_lifecycle,2,PASS,0
8751,domain_navigation,8,PASS,0
8752,domain_dialog_inventory,5,PASS,0
8753,domain_accessibility,2,PASS,0
8754,domain_keyboard,3,PASS,0
8755,domain_localization,4,PASS,0
8756,domain_geometry,6,PASS,0
8757,domain_safety,5,PASS,0
8758,domain_workflows,1,PASS,0
8759,domain_scaling_theme,8,PASS,0
8760,domain_lifecycle,2,PASS,0
8761,domain_navigation,8,PASS,0
8762,domain_dialog_inventory,5,PASS,0
8763,domain_accessibility,2,PASS,0
8764,domain_keyboard,3,PASS,0
8765,domain_localization,4,PASS,0
8766,domain_geometry,9,PASS,0
8767,domain_safety,5,PASS,0
8768,domain_workflows,1,PASS,0
8769,domain_scaling_theme,7,PASS,0
8770,domain_lifecycle,2,PASS,0
8771,domain_navigation,8,PASS,0
8772,domain_dialog_inventory,5,PASS,0
8773,domain_accessibility,1,PASS,0
8774,domain_keyboard,3,PASS,0
8775,domain_localization,4,PASS,0
8776,domain_geometry,19,PASS,0
8777,domain_safety,6,PASS,0
8778,domain_workflows,1,PASS,0
8779,domain_scaling_theme,7,PASS,0
8780,domain_lifecycle,2,PASS,0
8781,domain_navigation,8,PASS,0
8782,domain_dialog_inventory,5,PASS,0
8783,domain_accessibility,1,PASS,0
8784,domain_keyboard,3,PASS,0
8785,domain_localization,4,PASS,0
8786,domain_geometry,34,PASS,0
8787,domain_safety,4,PASS,0
8788,domain_workflows,1,PASS,0
8789,domain_scaling_theme,7,PASS,0
8790,domain_lifecycle,2,PASS,0
8791,domain_navigation,8,PASS,0
8792,domain_dialog_inventory,5,PASS,0
8793,domain_accessibility,3,PASS,0
8794,domain_keyboard,3,PASS,0
8795,domain_localization,4,PASS,0
8796,domain_geometry,13,PASS,0
8797,domain_safety,5,PASS,0
8798,domain_workflows,1,PASS,0
8799,domain_scaling_theme,7,PASS,0
8800,domain_lifecycle,2,PASS,0
8801,domain_navigation,8,PASS,0
8802,domain_dialog_inventory,5,PASS,0
8803,domain_accessibility,6,PASS,0
8804,domain_keyboard,3,PASS,0
8805,domain_localization,4,PASS,0
8806,domain_geometry,8,PASS,0
8807,domain_safety,4,PASS,0
8808,domain_workflows,1,PASS,0
8809,domain_scaling_theme,7,PASS,0
8810,domain_lifecycle,2,PASS,0
8811,domain_navigation,8,PASS,0
8812,domain_dialog_inventory,5,PASS,0
8813,domain_accessibility,7,PASS,0
8814,domain_keyboard,3,PASS,0
8815,domain_localization,4,PASS,0
8816,domain_geometry,32,PASS,0
8817,domain_safety,6,PASS,0
8818,domain_workflows,2,PASS,0
8819,domain_scaling_theme,7,PASS,0
8820,domain_lifecycle,2,PASS,0
8821,domain_navigation,8,PASS,0
8822,domain_dialog_inventory,5,PASS,0
8823,domain_accessibility,4,PASS,0
8824,domain_keyboard,3,PASS,0
8825,domain_localization,4,PASS,0
8826,domain_geometry,9,PASS,0
8827,domain_safety,3,PASS,0
8828,domain_workflows,1,PASS,0
8829,domain_scaling_theme,7,PASS,0
8830,domain_lifecycle,2,PASS,0
8831,domain_navigation,8,PASS,0
8832,domain_dialog_inventory,5,PASS,0
8833,domain_accessibility,4,PASS,0
8834,domain_keyboard,3,PASS,0
8835,domain_localization,4,PASS,0
8836,domain_geometry,7,PASS,0
8837,domain_safety,10,PASS,0
8838,domain_workflows,1,PASS,0
8839,domain_scaling_theme,7,PASS,0
8840,domain_lifecycle,2,PASS,0
8841,domain_navigation,8,PASS,0
8842,domain_dialog_inventory,5,PASS,0
8843,domain_accessibility,1,PASS,0
8844,domain_keyboard,3,PASS,0
8845,domain_localization,4,PASS,0
8846,domain_geometry,7,PASS,0
8847,domain_safety,6,PASS,0
8848,domain_workflows,2,PASS,0
8849,domain_scaling_theme,7,PASS,0
8850,domain_lifecycle,2,PASS,0
8851,domain_navigation,8,PASS,0
8852,domain_dialog_inventory,5,PASS,0
8853,domain_accessibility,7,PASS,0
8854,domain_keyboard,3,PASS,0
8855,domain_localization,4,PASS,0
8856,domain_geometry,5,PASS,0
8857,domain_safety,6,PASS,0
8858,domain_workflows,1,PASS,0
8859,domain_scaling_theme,7,PASS,0
8860,domain_lifecycle,2,PASS,0
8861,domain_navigation,8,PASS,0
8862,domain_dialog_inventory,5,PASS,0
8863,domain_accessibility,11,PASS,0
8864,domain_keyboard,3,PASS,0
8865,domain_localization,4,PASS,0
8866,domain_geometry,16,PASS,0
8867,domain_safety,31,PASS,0
8868,domain_workflows,1,PASS,0
8869,domain_scaling_theme,7,PASS,0
8870,domain_lifecycle,2,PASS,0
8871,domain_navigation,8,PASS,0
8872,domain_dialog_inventory,5,PASS,0
8873,domain_accessibility,6,PASS,0
8874,domain_keyboard,3,PASS,0
8875,domain_localization,4,PASS,0
8876,domain_geometry,9,PASS,0
8877,domain_safety,3,PASS,0
8878,domain_workflows,1,PASS,0
8879,domain_scaling_theme,7,PASS,0
8880,domain_lifecycle,2,PASS,0
8881,domain_navigation,8,PASS,0
8882,domain_dialog_inventory,5,PASS,0
8883,domain_accessibility,5,PASS,0
8884,domain_keyboard,3,PASS,0
8885,domain_localization,4,PASS,0
8886,domain_geometry,18,PASS,0
8887,domain_safety,4,PASS,0
8888,domain_workflows,1,PASS,0
8889,domain_scaling_theme,7,PASS,0
8890,domain_lifecycle,2,PASS,0
8891,domain_navigation,8,PASS,0
8892,domain_dialog_inventory,5,PASS,0
8893,domain_accessibility,4,PASS,0
8894,domain_keyboard,3,PASS,0
8895,domain_localization,4,PASS,0
8896,domain_geometry,5,PASS,0
8897,domain_safety,3,PASS,0
8898,domain_workflows,1,PASS,0
8899,domain_scaling_theme,7,PASS,0
8900,domain_lifecycle,2,PASS,0
8901,domain_navigation,8,PASS,0
8902,domain_dialog_inventory,5,PASS,0
8903,domain_accessibility,0,PASS,0
8904,domain_keyboard,3,PASS,0
8905,domain_localization,4,PASS,0
8906,domain_geometry,7,PASS,0
8907,domain_safety,7,PASS,0
8908,domain_workflows,1,PASS,0
8909,domain_scaling_theme,7,PASS,0
8910,domain_lifecycle,2,PASS,0
8911,domain_navigation,8,PASS,0
8912,domain_dialog_inventory,5,PASS,0
8913,domain_accessibility,1,PASS,0
8914,domain_keyboard,3,PASS,0
8915,domain_localization,4,PASS,0
8916,domain_geometry,2,PASS,0
8917,domain_safety,4,PASS,0
8918,domain_workflows,2,PASS,0
8919,domain_scaling_theme,7,PASS,0
8920,domain_lifecycle,2,PASS,0
8921,domain_navigation,8,PASS,0
8922,domain_dialog_inventory,5,PASS,0
8923,domain_accessibility,1,PASS,0
8924,domain_keyboard,3,PASS,0
8925,domain_localization,4,PASS,0
8926,domain_geometry,63,PASS,0
8927,domain_safety,12,PASS,0
8928,domain_workflows,1,PASS,0
8929,domain_scaling_theme,7,PASS,0
8930,domain_lifecycle,2,PASS,0
8931,domain_navigation,8,PASS,0
8932,domain_dialog_inventory,5,PASS,0
8933,domain_accessibility,1,PASS,0
8934,domain_keyboard,3,PASS,0
8935,domain_localization,4,PASS,0
8936,domain_geometry,5,PASS,0
8937,domain_safety,12,PASS,0
8938,domain_workflows,1,PASS,0
8939,domain_scaling_theme,7,PASS,0
8940,domain_lifecycle,2,PASS,0
8941,domain_navigation,8,PASS,0
8942,domain_dialog_inventory,5,PASS,0
8943,domain_accessibility,0,PASS,0
8944,domain_keyboard,3,PASS,0
8945,domain_localization,4,PASS,0
8946,domain_geometry,9,PASS,0
8947,domain_safety,3,PASS,0
8948,domain_workflows,2,PASS,0
8949,domain_scaling_theme,7,PASS,0
8950,domain_lifecycle,2,PASS,0
8951,domain_navigation,8,PASS,0
8952,domain_dialog_inventory,5,PASS,0
8953,domain_accessibility,1,PASS,0
8954,domain_keyboard,3,PASS,0
8955,domain_localization,4,PASS,0
8956,domain_geometry,26,PASS,0
8957,domain_safety,15,PASS,0
8958,domain_workflows,1,PASS,0
8959,domain_scaling_theme,7,PASS,0
8960,domain_lifecycle,2,PASS,0
8961,domain_navigation,8,PASS,0
8962,domain_dialog_inventory,5,PASS,0
8963,domain_accessibility,4,PASS,0
8964,domain_keyboard,3,PASS,0
8965,domain_localization,4,PASS,0
8966,domain_geometry,32,PASS,0
8967,domain_safety,8,PASS,0
8968,domain_workflows,1,PASS,0
8969,domain_scaling_theme,7,PASS,0
8970,domain_lifecycle,2,PASS,0
8971,domain_navigation,8,PASS,0
8972,domain_dialog_inventory,5,PASS,0
8973,domain_accessibility,0,PASS,0
8974,domain_keyboard,3,PASS,0
8975,domain_localization,4,PASS,0
8976,domain_geometry,55,PASS,0
8977,domain_safety,5,PASS,0
8978,domain_workflows,1,PASS,0
8979,domain_scaling_theme,7,PASS,0
8980,domain_lifecycle,2,PASS,0
8981,domain_navigation,8,PASS,0
8982,domain_dialog_inventory,5,PASS,0
8983,domain_accessibility,3,PASS,0
8984,domain_keyboard,3,PASS,0
8985,domain_localization,4,PASS,0
8986,domain_geometry,18,PASS,0
8987,domain_safety,7,PASS,0
8988,domain_workflows,1,PASS,0
8989,domain_scaling_theme,7,PASS,0
8990,domain_lifecycle,2,PASS,0
8991,domain_navigation,8,PASS,0
8992,domain_dialog_inventory,5,PASS,0
8993,domain_accessibility,2,PASS,0
8994,domain_keyboard,3,PASS,0
8995,domain_localization,4,PASS,0
8996,domain_geometry,9,PASS,0
8997,domain_safety,9,PASS,0
8998,domain_workflows,1,PASS,0
8999,domain_scaling_theme,7,PASS,0
9000,domain_lifecycle,2,PASS,0
9001,domain_navigation,8,PASS,0
9002,domain_dialog_inventory,5,PASS,0
9003,domain_accessibility,9,PASS,0
9004,domain_keyboard,3,PASS,0
9005,domain_localization,4,PASS,0
9006,domain_geometry,33,PASS,0
9007,domain_safety,7,PASS,0
9008,domain_workflows,1,PASS,0
9009,domain_scaling_theme,8,PASS,0
9010,domain_lifecycle,2,PASS,0
9011,domain_navigation,8,PASS,0
9012,domain_dialog_inventory,5,PASS,0
9013,domain_accessibility,4,PASS,0
9014,domain_keyboard,3,PASS,0
9015,domain_localization,4,PASS,0
9016,domain_geometry,15,PASS,0
9017,domain_safety,14,PASS,0
9018,domain_workflows,2,PASS,0
9019,domain_scaling_theme,7,PASS,0
9020,domain_lifecycle,2,PASS,0
9021,domain_navigation,8,PASS,0
9022,domain_dialog_inventory,5,PASS,0
9023,domain_accessibility,1,PASS,0
9024,domain_keyboard,3,PASS,0
9025,domain_localization,4,PASS,0
9026,domain_geometry,6,PASS,0
9027,domain_safety,6,PASS,0
9028,domain_workflows,1,PASS,0
9029,domain_scaling_theme,7,PASS,0
9030,domain_lifecycle,2,PASS,0
9031,domain_navigation,8,PASS,0
9032,domain_dialog_inventory,5,PASS,0
9033,domain_accessibility,2,PASS,0
9034,domain_keyboard,3,PASS,0
9035,domain_localization,4,PASS,0
9036,domain_geometry,89,PASS,0
9037,domain_safety,8,PASS,0
9038,domain_workflows,1,PASS,0
9039,domain_scaling_theme,7,PASS,0
9040,domain_lifecycle,2,PASS,0
9041,domain_navigation,8,PASS,0
9042,domain_dialog_inventory,5,PASS,0
9043,domain_accessibility,9,PASS,0
9044,domain_keyboard,3,PASS,0
9045,domain_localization,4,PASS,0
9046,domain_geometry,98,PASS,0
9047,domain_safety,2,PASS,0
9048,domain_workflows,2,PASS,0
9049,domain_scaling_theme,7,PASS,0
9050,domain_lifecycle,2,PASS,0
9051,domain_navigation,8,PASS,0
9052,domain_dialog_inventory,5,PASS,0
9053,domain_accessibility,7,PASS,0
9054,domain_keyboard,3,PASS,0
9055,domain_localization,4,PASS,0
9056,domain_geometry,18,PASS,0
9057,domain_safety,26,PASS,0
9058,domain_workflows,1,PASS,0
9059,domain_scaling_theme,7,PASS,0
9060,domain_lifecycle,2,PASS,0
9061,domain_navigation,8,PASS,0
9062,domain_dialog_inventory,5,PASS,0
9063,domain_accessibility,2,PASS,0
9064,domain_keyboard,3,PASS,0
9065,domain_localization,4,PASS,0
9066,domain_geometry,6,PASS,0
9067,domain_safety,3,PASS,0
9068,domain_workflows,1,PASS,0
9069,domain_scaling_theme,7,PASS,0
9070,domain_lifecycle,2,PASS,0
9071,domain_navigation,8,PASS,0
9072,domain_dialog_inventory,5,PASS,0
9073,domain_accessibility,2,PASS,0
9074,domain_keyboard,3,PASS,0
9075,domain_localization,4,PASS,0
9076,domain_geometry,9,PASS,0
9077,domain_safety,5,PASS,0
9078,domain_workflows,1,PASS,0
9079,domain_scaling_theme,7,PASS,0
9080,domain_lifecycle,2,PASS,0
9081,domain_navigation,8,PASS,0
9082,domain_dialog_inventory,5,PASS,0
9083,domain_accessibility,1,PASS,0
9084,domain_keyboard,3,PASS,0
9085,domain_localization,4,PASS,0
9086,domain_geometry,19,PASS,0
9087,domain_safety,6,PASS,0
9088,domain_workflows,1,PASS,0
9089,domain_scaling_theme,7,PASS,0
9090,domain_lifecycle,2,PASS,0
9091,domain_navigation,8,PASS,0
9092,domain_dialog_inventory,5,PASS,0
9093,domain_accessibility,1,PASS,0
9094,domain_keyboard,3,PASS,0
9095,domain_localization,4,PASS,0
9096,domain_geometry,34,PASS,0
9097,domain_safety,4,PASS,0
9098,domain_workflows,1,PASS,0
9099,domain_scaling_theme,7,PASS,0
9100,domain_lifecycle,2,PASS,0
9101,domain_navigation,8,PASS,0
9102,domain_dialog_inventory,5,PASS,0
9103,domain_accessibility,3,PASS,0
9104,domain_keyboard,3,PASS,0
9105,domain_localization,4,PASS,0
9106,domain_geometry,13,PASS,0
9107,domain_safety,7,PASS,0
9108,domain_workflows,1,PASS,0
9109,domain_scaling_theme,7,PASS,0
9110,domain_lifecycle,2,PASS,0
9111,domain_navigation,8,PASS,0
9112,domain_dialog_inventory,5,PASS,0
9113,domain_accessibility,6,PASS,0
9114,domain_keyboard,3,PASS,0
9115,domain_localization,4,PASS,0
9116,domain_geometry,8,PASS,0
9117,domain_safety,4,PASS,0
9118,domain_workflows,2,PASS,0
9119,domain_scaling_theme,7,PASS,0
9120,domain_lifecycle,2,PASS,0
9121,domain_navigation,8,PASS,0
9122,domain_dialog_inventory,5,PASS,0
9123,domain_accessibility,7,PASS,0
9124,domain_keyboard,3,PASS,0
9125,domain_localization,4,PASS,0
9126,domain_geometry,32,PASS,0
9127,domain_safety,6,PASS,0
9128,domain_workflows,1,PASS,0
9129,domain_scaling_theme,7,PASS,0
9130,domain_lifecycle,2,PASS,0
9131,domain_navigation,8,PASS,0
9132,domain_dialog_inventory,5,PASS,0
9133,domain_accessibility,4,PASS,0
9134,domain_keyboard,3,PASS,0
9135,domain_localization,4,PASS,0
9136,domain_geometry,9,PASS,0
9137,domain_safety,3,PASS,0
9138,domain_workflows,1,PASS,0
9139,domain_scaling_theme,7,PASS,0
9140,domain_lifecycle,2,PASS,0
9141,domain_navigation,8,PASS,0
9142,domain_dialog_inventory,5,PASS,0
9143,domain_accessibility,4,PASS,0
9144,domain_keyboard,3,PASS,0
9145,domain_localization,4,PASS,0
9146,domain_geometry,7,PASS,0
9147,domain_safety,10,PASS,0
9148,domain_workflows,2,PASS,0
9149,domain_scaling_theme,7,PASS,0
9150,domain_lifecycle,2,PASS,0
9151,domain_navigation,8,PASS,0
9152,domain_dialog_inventory,5,PASS,0
9153,domain_accessibility,1,PASS,0
9154,domain_keyboard,3,PASS,0
9155,domain_localization,4,PASS,0
9156,domain_geometry,7,PASS,0
9157,domain_safety,6,PASS,0
9158,domain_workflows,1,PASS,0
9159,domain_scaling_theme,7,PASS,0
9160,domain_lifecycle,2,PASS,0
9161,domain_navigation,8,PASS,0
9162,domain_dialog_inventory,5,PASS,0
9163,domain_accessibility,7,PASS,0
9164,domain_keyboard,3,PASS,0
9165,domain_localization,4,PASS,0
9166,domain_geometry,5,PASS,0
9167,domain_safety,4,PASS,0
9168,domain_workflows,1,PASS,0
9169,domain_scaling_theme,7,PASS,0
9170,domain_lifecycle,2,PASS,0
9171,domain_navigation,8,PASS,0
9172,domain_dialog_inventory,5,PASS,0
9173,domain_accessibility,11,PASS,0
9174,domain_keyboard,3,PASS,0
9175,domain_localization,4,PASS,0
9176,domain_geometry,16,PASS,0
9177,domain_safety,31,PASS,0
9178,domain_workflows,1,PASS,0
9179,domain_scaling_theme,7,PASS,0
9180,domain_lifecycle,2,PASS,0
9181,domain_navigation,8,PASS,0
9182,domain_dialog_inventory,5,PASS,0
9183,domain_accessibility,6,PASS,0
9184,domain_keyboard,3,PASS,0
9185,domain_localization,4,PASS,0
9186,domain_geometry,9,PASS,0
9187,domain_safety,3,PASS,0
9188,domain_workflows,1,PASS,0
9189,domain_scaling_theme,7,PASS,0
9190,domain_lifecycle,2,PASS,0
9191,domain_navigation,8,PASS,0
9192,domain_dialog_inventory,5,PASS,0
9193,domain_accessibility,5,PASS,0
9194,domain_keyboard,3,PASS,0
9195,domain_localization,4,PASS,0
9196,domain_geometry,18,PASS,0
9197,domain_safety,4,PASS,0
9198,domain_workflows,1,PASS,0
9199,domain_scaling_theme,7,PASS,0
9200,domain_lifecycle,2,PASS,0
9201,domain_navigation,8,PASS,0
9202,domain_dialog_inventory,5,PASS,0
9203,domain_accessibility,4,PASS,0
9204,domain_keyboard,3,PASS,0
9205,domain_localization,4,PASS,0
9206,domain_geometry,5,PASS,0
9207,domain_safety,3,PASS,0
9208,domain_workflows,1,PASS,0
9209,domain_scaling_theme,7,PASS,0
9210,domain_lifecycle,2,PASS,0
9211,domain_navigation,8,PASS,0
9212,domain_dialog_inventory,5,PASS,0
9213,domain_accessibility,0,PASS,0
9214,domain_keyboard,3,PASS,0
9215,domain_localization,4,PASS,0
9216,domain_geometry,7,PASS,0
9217,domain_safety,5,PASS,0
9218,domain_workflows,2,PASS,0
9219,domain_scaling_theme,7,PASS,0
9220,domain_lifecycle,2,PASS,0
9221,domain_navigation,8,PASS,0
9222,domain_dialog_inventory,5,PASS,0
9223,domain_accessibility,1,PASS,0
9224,domain_keyboard,3,PASS,0
9225,domain_localization,4,PASS,0
9226,domain_geometry,2,PASS,0
9227,domain_safety,4,PASS,0
9228,domain_workflows,1,PASS,0
9229,domain_scaling_theme,7,PASS,0
9230,domain_lifecycle,2,PASS,0
9231,domain_navigation,8,PASS,0
9232,domain_dialog_inventory,5,PASS,0
9233,domain_accessibility,1,PASS,0
9234,domain_keyboard,3,PASS,0
9235,domain_localization,4,PASS,0
9236,domain_geometry,63,PASS,0
9237,domain_safety,12,PASS,0
9238,domain_workflows,1,PASS,0
9239,domain_scaling_theme,7,PASS,0
9240,domain_lifecycle,2,PASS,0
9241,domain_navigation,8,PASS,0
9242,domain_dialog_inventory,5,PASS,0
9243,domain_accessibility,1,PASS,0
9244,domain_keyboard,3,PASS,0
9245,domain_localization,4,PASS,0
9246,domain_geometry,5,PASS,0
9247,domain_safety,12,PASS,0
9248,domain_workflows,2,PASS,0
9249,domain_scaling_theme,7,PASS,0
9250,domain_lifecycle,2,PASS,0
9251,domain_navigation,8,PASS,0
9252,domain_dialog_inventory,5,PASS,0
9253,domain_accessibility,0,PASS,0
9254,domain_keyboard,3,PASS,0
9255,domain_localization,4,PASS,0
9256,domain_geometry,9,PASS,0
9257,domain_safety,5,PASS,0
9258,domain_workflows,1,PASS,0
9259,domain_scaling_theme,8,PASS,0
9260,domain_lifecycle,2,PASS,0
9261,domain_navigation,8,PASS,0
9262,domain_dialog_inventory,5,PASS,0
9263,domain_accessibility,1,PASS,0
9264,domain_keyboard,3,PASS,0
9265,domain_localization,4,PASS,0
9266,domain_geometry,26,PASS,0
9267,domain_safety,13,PASS,0
9268,domain_workflows,1,PASS,0
9269,domain_scaling_theme,7,PASS,0
9270,domain_lifecycle,2,PASS,0
9271,domain_navigation,8,PASS,0
9272,domain_dialog_inventory,5,PASS,0
9273,domain_accessibility,4,PASS,0
9274,domain_keyboard,3,PASS,0
9275,domain_localization,4,PASS,0
9276,domain_geometry,32,PASS,0
9277,domain_safety,8,PASS,0
9278,domain_workflows,1,PASS,0
9279,domain_scaling_theme,7,PASS,0
9280,domain_lifecycle,2,PASS,0
9281,domain_navigation,8,PASS,0
9282,domain_dialog_inventory,5,PASS,0
9283,domain_accessibility,0,PASS,0
9284,domain_keyboard,3,PASS,0
9285,domain_localization,4,PASS,0
9286,domain_geometry,55,PASS,0
9287,domain_safety,5,PASS,0
9288,domain_workflows,1,PASS,0
9289,domain_scaling_theme,7,PASS,0
9290,domain_lifecycle,2,PASS,0
9291,domain_navigation,8,PASS,0
9292,domain_dialog_inventory,5,PASS,0
9293,domain_accessibility,3,PASS,0
9294,domain_keyboard,3,PASS,0
9295,domain_localization,4,PASS,0
9296,domain_geometry,18,PASS,0
9297,domain_safety,7,PASS,0
9298,domain_workflows,1,PASS,0
9299,domain_scaling_theme,7,PASS,0
9300,domain_lifecycle,2,PASS,0
9301,domain_navigation,8,PASS,0
9302,domain_dialog_inventory,5,PASS,0
9303,domain_accessibility,2,PASS,0
9304,domain_keyboard,3,PASS,0
9305,domain_localization,4,PASS,0
9306,domain_geometry,9,PASS,0
9307,domain_safety,11,PASS,0
9308,domain_workflows,1,PASS,0
9309,domain_scaling_theme,7,PASS,0
9310,domain_lifecycle,2,PASS,0
9311,domain_navigation,8,PASS,0
9312,domain_dialog_inventory,5,PASS,0
9313,domain_accessibility,9,PASS,0
9314,domain_keyboard,3,PASS,0
9315,domain_localization,4,PASS,0
9316,domain_geometry,33,PASS,0
9317,domain_safety,5,PASS,0
9318,domain_workflows,2,PASS,0
9319,domain_scaling_theme,7,PASS,0
9320,domain_lifecycle,2,PASS,0
9321,domain_navigation,8,PASS,0
9322,domain_dialog_inventory,5,PASS,0
9323,domain_accessibility,4,PASS,0
9324,domain_keyboard,3,PASS,0
9325,domain_localization,4,PASS,0
9326,domain_geometry,15,PASS,0
9327,domain_safety,14,PASS,0
9328,domain_workflows,1,PASS,0
9329,domain_scaling_theme,7,PASS,0
9330,domain_lifecycle,2,PASS,0
9331,domain_navigation,8,PASS,0
9332,domain_dialog_inventory,5,PASS,0
9333,domain_accessibility,1,PASS,0
9334,domain_keyboard,3,PASS,0
9335,domain_localization,4,PASS,0
9336,domain_geometry,6,PASS,0
9337,domain_safety,6,PASS,0
9338,domain_workflows,1,PASS,0
9339,domain_scaling_theme,7,PASS,0
9340,domain_lifecycle,2,PASS,0
9341,domain_navigation,8,PASS,0
9342,domain_dialog_inventory,5,PASS,0
9343,domain_accessibility,2,PASS,0
9344,domain_keyboard,3,PASS,0
9345,domain_localization,4,PASS,0
9346,domain_geometry,89,PASS,0
9347,domain_safety,8,PASS,0
9348,domain_workflows,2,PASS,0
9349,domain_scaling_theme,7,PASS,0
9350,domain_lifecycle,2,PASS,0
9351,domain_navigation,8,PASS,0
9352,domain_dialog_inventory,5,PASS,0
9353,domain_accessibility,9,PASS,0
9354,domain_keyboard,3,PASS,0
9355,domain_localization,4,PASS,0
9356,domain_geometry,98,PASS,0
9357,domain_safety,4,PASS,0
9358,domain_workflows,1,PASS,0
9359,domain_scaling_theme,7,PASS,0
9360,domain_lifecycle,2,PASS,0
9361,domain_navigation,8,PASS,0
9362,domain_dialog_inventory,5,PASS,0
9363,domain_accessibility,7,PASS,0
9364,domain_keyboard,3,PASS,0
9365,domain_localization,4,PASS,0
9366,domain_geometry,18,PASS,0
9367,domain_safety,26,PASS,0
9368,domain_workflows,1,PASS,0
9369,domain_scaling_theme,7,PASS,0
9370,domain_lifecycle,2,PASS,0
9371,domain_navigation,8,PASS,0
9372,domain_dialog_inventory,5,PASS,0
9373,domain_accessibility,2,PASS,0
9374,domain_keyboard,3,PASS,0
9375,domain_localization,4,PASS,0
9376,domain_geometry,6,PASS,0
9377,domain_safety,3,PASS,0
9378,domain_workflows,1,PASS,0
9379,domain_scaling_theme,7,PASS,0
9380,domain_lifecycle,2,PASS,0
9381,domain_navigation,8,PASS,0
9382,domain_dialog_inventory,5,PASS,0
9383,domain_accessibility,2,PASS,0
9384,domain_keyboard,3,PASS,0
9385,domain_localization,4,PASS,0
9386,domain_geometry,9,PASS,0
9387,domain_safety,5,PASS,0
9388,domain_workflows,1,PASS,0
9389,domain_scaling_theme,7,PASS,0
9390,domain_lifecycle,2,PASS,0
9391,domain_navigation,8,PASS,0
9392,domain_dialog_inventory,5,PASS,0
9393,domain_accessibility,1,PASS,0
9394,domain_keyboard,3,PASS,0
9395,domain_localization,4,PASS,0
9396,domain_geometry,19,PASS,0
9397,domain_safety,6,PASS,0
9398,domain_workflows,1,PASS,0
9399,domain_scaling_theme,7,PASS,0
9400,domain_lifecycle,2,PASS,0
9401,domain_navigation,8,PASS,0
9402,domain_dialog_inventory,5,PASS,0
9403,domain_accessibility,1,PASS,0
9404,domain_keyboard,3,PASS,0
9405,domain_localization,4,PASS,0
9406,domain_geometry,34,PASS,0
9407,domain_safety,6,PASS,0
9408,domain_workflows,1,PASS,0
9409,domain_scaling_theme,7,PASS,0
9410,domain_lifecycle,2,PASS,0
9411,domain_navigation,8,PASS,0
9412,domain_dialog_inventory,5,PASS,0
9413,domain_accessibility,3,PASS,0
9414,domain_keyboard,3,PASS,0
9415,domain_localization,4,PASS,0
9416,domain_geometry,13,PASS,0
9417,domain_safety,5,PASS,0
9418,domain_workflows,2,PASS,0
9419,domain_scaling_theme,7,PASS,0
9420,domain_lifecycle,2,PASS,0
9421,domain_navigation,8,PASS,0
9422,domain_dialog_inventory,5,PASS,0
9423,domain_accessibility,6,PASS,0
9424,domain_keyboard,3,PASS,0
9425,domain_localization,4,PASS,0
9426,domain_geometry,8,PASS,0
9427,domain_safety,4,PASS,0
9428,domain_workflows,1,PASS,0
9429,domain_scaling_theme,7,PASS,0
9430,domain_lifecycle,2,PASS,0
9431,domain_navigation,8,PASS,0
9432,domain_dialog_inventory,5,PASS,0
9433,domain_accessibility,7,PASS,0
9434,domain_keyboard,3,PASS,0
9435,domain_localization,4,PASS,0
9436,domain_geometry,32,PASS,0
9437,domain_safety,6,PASS,0
9438,domain_workflows,1,PASS,0
9439,domain_scaling_theme,7,PASS,0
9440,domain_lifecycle,2,PASS,0
9441,domain_navigation,8,PASS,0
9442,domain_dialog_inventory,5,PASS,0
9443,domain_accessibility,4,PASS,0
9444,domain_keyboard,3,PASS,0
9445,domain_localization,4,PASS,0
9446,domain_geometry,9,PASS,0
9447,domain_safety,3,PASS,0
9448,domain_workflows,2,PASS,0
9449,domain_scaling_theme,7,PASS,0
9450,domain_lifecycle,2,PASS,0
9451,domain_navigation,8,PASS,0
9452,domain_dialog_inventory,5,PASS,0
9453,domain_accessibility,4,PASS,0
9454,domain_keyboard,3,PASS,0
9455,domain_localization,4,PASS,0
9456,domain_geometry,7,PASS,0
9457,domain_safety,12,PASS,0
9458,domain_workflows,1,PASS,0
9459,domain_scaling_theme,7,PASS,0
9460,domain_lifecycle,2,PASS,0
9461,domain_navigation,8,PASS,0
9462,domain_dialog_inventory,5,PASS,0
9463,domain_accessibility,1,PASS,0
9464,domain_keyboard,3,PASS,0
9465,domain_localization,4,PASS,0
9466,domain_geometry,7,PASS,0
9467,domain_safety,6,PASS,0
9468,domain_workflows,1,PASS,0
9469,domain_scaling_theme,7,PASS,0
9470,domain_lifecycle,2,PASS,0
9471,domain_navigation,8,PASS,0
9472,domain_dialog_inventory,5,PASS,0
9473,domain_accessibility,7,PASS,0
9474,domain_keyboard,3,PASS,0
9475,domain_localization,4,PASS,0
9476,domain_geometry,5,PASS,0
9477,domain_safety,4,PASS,0
9478,domain_workflows,1,PASS,0
9479,domain_scaling_theme,7,PASS,0
9480,domain_lifecycle,2,PASS,0
9481,domain_navigation,8,PASS,0
9482,domain_dialog_inventory,5,PASS,0
9483,domain_accessibility,11,PASS,0
9484,domain_keyboard,3,PASS,0
9485,domain_localization,4,PASS,0
9486,domain_geometry,16,PASS,0
9487,domain_safety,31,PASS,0
9488,domain_workflows,1,PASS,0
9489,domain_scaling_theme,7,PASS,0
9490,domain_lifecycle,2,PASS,0
9491,domain_navigation,8,PASS,0
9492,domain_dialog_inventory,5,PASS,0
9493,domain_accessibility,6,PASS,0
9494,domain_keyboard,3,PASS,0
9495,domain_localization,4,PASS,0
9496,domain_geometry,9,PASS,0
9497,domain_safety,3,PASS,0
9498,domain_workflows,1,PASS,0
9499,domain_scaling_theme,7,PASS,0
9500,domain_lifecycle,2,PASS,0
9501,domain_navigation,8,PASS,0
9502,domain_dialog_inventory,5,PASS,0
9503,domain_accessibility,5,PASS,0
9504,domain_keyboard,3,PASS,0
9505,domain_localization,4,PASS,0
9506,domain_geometry,18,PASS,0
9507,domain_safety,6,PASS,0
9508,domain_workflows,1,PASS,0
9509,domain_scaling_theme,8,PASS,0
9510,domain_lifecycle,2,PASS,0
9511,domain_navigation,8,PASS,0
9512,domain_dialog_inventory,5,PASS,0
9513,domain_accessibility,4,PASS,0
9514,domain_keyboard,3,PASS,0
9515,domain_localization,4,PASS,0
9516,domain_geometry,5,PASS,0
9517,domain_safety,3,PASS,0
9518,domain_workflows,2,PASS,0
9519,domain_scaling_theme,7,PASS,0
9520,domain_lifecycle,2,PASS,0
9521,domain_navigation,8,PASS,0
9522,domain_dialog_inventory,5,PASS,0
9523,domain_accessibility,0,PASS,0
9524,domain_keyboard,3,PASS,0
9525,domain_localization,4,PASS,0
9526,domain_geometry,7,PASS,0
9527,domain_safety,5,PASS,0
9528,domain_workflows,1,PASS,0
9529,domain_scaling_theme,7,PASS,0
9530,domain_lifecycle,2,PASS,0
9531,domain_navigation,8,PASS,0
9532,domain_dialog_inventory,5,PASS,0
9533,domain_accessibility,1,PASS,0
9534,domain_keyboard,3,PASS,0
9535,domain_localization,4,PASS,0
9536,domain_geometry,2,PASS,0
9537,domain_safety,4,PASS,0
9538,domain_workflows,1,PASS,0
9539,domain_scaling_theme,7,PASS,0
9540,domain_lifecycle,2,PASS,0
9541,domain_navigation,8,PASS,0
9542,domain_dialog_inventory,5,PASS,0
9543,domain_accessibility,1,PASS,0
9544,domain_keyboard,3,PASS,0
9545,domain_localization,4,PASS,0
9546,domain_geometry,63,PASS,0
9547,domain_safety,12,PASS,0
9548,domain_workflows,2,PASS,0
9549,domain_scaling_theme,7,PASS,0
9550,domain_lifecycle,2,PASS,0
9551,domain_navigation,8,PASS,0
9552,domain_dialog_inventory,5,PASS,0
9553,domain_accessibility,1,PASS,0
9554,domain_keyboard,3,PASS,0
9555,domain_localization,4,PASS,0
9556,domain_geometry,5,PASS,0
9557,domain_safety,12,PASS,0
9558,domain_workflows,1,PASS,0
9559,domain_scaling_theme,7,PASS,0
9560,domain_lifecycle,2,PASS,0
9561,domain_navigation,8,PASS,0
9562,domain_dialog_inventory,5,PASS,0
9563,domain_accessibility,0,PASS,0
9564,domain_keyboard,3,PASS,0
9565,domain_localization,4,PASS,0
9566,domain_geometry,9,PASS,0
9567,domain_safety,3,PASS,0
9568,domain_workflows,1,PASS,0
9569,domain_scaling_theme,7,PASS,0
9570,domain_lifecycle,2,PASS,0
9571,domain_navigation,8,PASS,0
9572,domain_dialog_inventory,5,PASS,0
9573,domain_accessibility,1,PASS,0
9574,domain_keyboard,3,PASS,0
9575,domain_localization,4,PASS,0
9576,domain_geometry,26,PASS,0
9577,domain_safety,13,PASS,0
9578,domain_workflows,1,PASS,0
9579,domain_scaling_theme,7,PASS,0
9580,domain_lifecycle,2,PASS,0
9581,domain_navigation,8,PASS,0
9582,domain_dialog_inventory,5,PASS,0
9583,domain_accessibility,4,PASS,0
9584,domain_keyboard,3,PASS,0
9585,domain_localization,4,PASS,0
9586,domain_geometry,32,PASS,0
9587,domain_safety,8,PASS,0
9588,domain_workflows,1,PASS,0
9589,domain_scaling_theme,7,PASS,0
9590,domain_lifecycle,2,PASS,0
9591,domain_navigation,8,PASS,0
9592,domain_dialog_inventory,5,PASS,0
9593,domain_accessibility,0,PASS,0
9594,domain_keyboard,3,PASS,0
9595,domain_localization,4,PASS,0
9596,domain_geometry,55,PASS,0
9597,domain_safety,5,PASS,0
9598,domain_workflows,1,PASS,0
9599,domain_scaling_theme,7,PASS,0
9600,domain_lifecycle,2,PASS,0
9601,domain_navigation,8,PASS,0
9602,domain_dialog_inventory,5,PASS,0
9603,domain_accessibility,3,PASS,0
9604,domain_keyboard,3,PASS,0
9605,domain_localization,4,PASS,0
9606,domain_geometry,18,PASS,0
9607,domain_safety,7,PASS,0
9608,domain_workflows,1,PASS,0
9609,domain_scaling_theme,7,PASS,0
9610,domain_lifecycle,2,PASS,0
9611,domain_navigation,8,PASS,0
9612,domain_dialog_inventory,5,PASS,0
9613,domain_accessibility,2,PASS,0
9614,domain_keyboard,3,PASS,0
9615,domain_localization,4,PASS,0
9616,domain_geometry,9,PASS,0
9617,domain_safety,9,PASS,0
9618,domain_workflows,2,PASS,0
9619,domain_scaling_theme,7,PASS,0
9620,domain_lifecycle,2,PASS,0
9621,domain_navigation,8,PASS,0
9622,domain_dialog_inventory,5,PASS,0
9623,domain_accessibility,9,PASS,0
9624,domain_keyboard,3,PASS,0
9625,domain_localization,4,PASS,0
9626,domain_geometry,33,PASS,0
9627,domain_safety,5,PASS,0
9628,domain_workflows,1,PASS,0
9629,domain_scaling_theme,7,PASS,0
9630,domain_lifecycle,2,PASS,0
9631,domain_navigation,8,PASS,0
9632,domain_dialog_inventory,5,PASS,0
9633,domain_accessibility,4,PASS,0
9634,domain_keyboard,3,PASS,0
9635,domain_localization,4,PASS,0
9636,domain_geometry,15,PASS,0
9637,domain_safety,14,PASS,0
9638,domain_workflows,1,PASS,0
9639,domain_scaling_theme,7,PASS,0
9640,domain_lifecycle,2,PASS,0
9641,domain_navigation,8,PASS,0
9642,domain_dialog_inventory,5,PASS,0
9643,domain_accessibility,1,PASS,0
9644,domain_keyboard,3,PASS,0
9645,domain_localization,4,PASS,0
9646,domain_geometry,6,PASS,0
9647,domain_safety,6,PASS,0
9648,domain_workflows,2,PASS,0
9649,domain_scaling_theme,7,PASS,0
9650,domain_lifecycle,2,PASS,0
9651,domain_navigation,8,PASS,0
9652,domain_dialog_inventory,5,PASS,0
9653,domain_accessibility,2,PASS,0
9654,domain_keyboard,3,PASS,0
9655,domain_localization,4,PASS,0
9656,domain_geometry,89,PASS,0
9657,domain_safety,10,PASS,0
9658,domain_workflows,1,PASS,0
9659,domain_scaling_theme,7,PASS,0
9660,domain_lifecycle,2,PASS,0
9661,domain_navigation,8,PASS,0
9662,domain_dialog_inventory,5,PASS,0
9663,domain_accessibility,9,PASS,0
9664,domain_keyboard,3,PASS,0
9665,domain_localization,4,PASS,0
9666,domain_geometry,32,PASS,0
9667,domain_safety,2,PASS,0
9668,domain_workflows,1,PASS,0
9669,domain_scaling_theme,7,PASS,0
9670,domain_lifecycle,2,PASS,0
9671,domain_navigation,8,PASS,0
9672,domain_dialog_inventory,5,PASS,0
9673,domain_accessibility,7,PASS,0
9674,domain_keyboard,3,PASS,0
9675,domain_localization,4,PASS,0
9676,domain_geometry,18,PASS,0
9677,domain_safety,26,PASS,0
9678,domain_workflows,1,PASS,0
9679,domain_scaling_theme,7,PASS,0
9680,domain_lifecycle,2,PASS,0
9681,domain_navigation,8,PASS,0
9682,domain_dialog_inventory,5,PASS,0
9683,domain_accessibility,2,PASS,0
9684,domain_keyboard,3,PASS,0
9685,domain_localization,4,PASS,0
9686,domain_geometry,6,PASS,0
9687,domain_safety,3,PASS,0
9688,domain_workflows,1,PASS,0
9689,domain_scaling_theme,7,PASS,0
9690,domain_lifecycle,2,PASS,0
9691,domain_navigation,8,PASS,0
9692,domain_dialog_inventory,5,PASS,0
9693,domain_accessibility,2,PASS,0
9694,domain_keyboard,3,PASS,0
9695,domain_localization,4,PASS,0
9696,domain_geometry,9,PASS,0
9697,domain_safety,5,PASS,0
9698,domain_workflows,1,PASS,0
9699,domain_scaling_theme,7,PASS,0
9700,domain_lifecycle,2,PASS,0
9701,domain_navigation,8,PASS,0
9702,domain_dialog_inventory,5,PASS,0
9703,domain_accessibility,1,PASS,0
9704,domain_keyboard,3,PASS,0
9705,domain_localization,4,PASS,0
9706,domain_geometry,19,PASS,0
9707,domain_safety,8,PASS,0
9708,domain_workflows,1,PASS,0
9709,domain_scaling_theme,7,PASS,0
9710,domain_lifecycle,2,PASS,0
9711,domain_navigation,8,PASS,0
9712,domain_dialog_inventory,5,PASS,0
9713,domain_accessibility,1,PASS,0
9714,domain_keyboard,3,PASS,0
9715,domain_localization,4,PASS,0
9716,domain_geometry,34,PASS,0
9717,domain_safety,4,PASS,0
9718,domain_workflows,2,PASS,0
9719,domain_scaling_theme,7,PASS,0
9720,domain_lifecycle,2,PASS,0
9721,domain_navigation,8,PASS,0
9722,domain_dialog_inventory,5,PASS,0
9723,domain_accessibility,3,PASS,0
9724,domain_keyboard,3,PASS,0
9725,domain_localization,4,PASS,0
9726,domain_geometry,13,PASS,0
9727,domain_safety,5,PASS,0
9728,domain_workflows,1,PASS,0
9729,domain_scaling_theme,7,PASS,0
9730,domain_lifecycle,2,PASS,0
9731,domain_navigation,8,PASS,0
9732,domain_dialog_inventory,5,PASS,0
9733,domain_accessibility,6,PASS,0
9734,domain_keyboard,3,PASS,0
9735,domain_localization,4,PASS,0
9736,domain_geometry,8,PASS,0
9737,domain_safety,4,PASS,0
9738,domain_workflows,1,PASS,0
9739,domain_scaling_theme,7,PASS,0
9740,domain_lifecycle,2,PASS,0
9741,domain_navigation,8,PASS,0
9742,domain_dialog_inventory,5,PASS,0
9743,domain_accessibility,7,PASS,0
9744,domain_keyboard,3,PASS,0
9745,domain_localization,4,PASS,0
9746,domain_geometry,32,PASS,0
9747,domain_safety,6,PASS,0
9748,domain_workflows,2,PASS,0
9749,domain_scaling_theme,7,PASS,0
9750,domain_lifecycle,2,PASS,0
9751,domain_navigation,8,PASS,0
9752,domain_dialog_inventory,5,PASS,0
9753,domain_accessibility,4,PASS,0
9754,domain_keyboard,3,PASS,0
9755,domain_localization,4,PASS,0
9756,domain_geometry,9,PASS,0
9757,domain_safety,5,PASS,0
9758,domain_workflows,1,PASS,0
9759,domain_scaling_theme,8,PASS,0
9760,domain_lifecycle,2,PASS,0
9761,domain_navigation,8,PASS,0
9762,domain_dialog_inventory,5,PASS,0
9763,domain_accessibility,4,PASS,0
9764,domain_keyboard,3,PASS,0
9765,domain_localization,4,PASS,0
9766,domain_geometry,7,PASS,0
9767,domain_safety,10,PASS,0
9768,domain_workflows,1,PASS,0
9769,domain_scaling_theme,7,PASS,0
9770,domain_lifecycle,2,PASS,0
9771,domain_navigation,8,PASS,0
9772,domain_dialog_inventory,5,PASS,0
9773,domain_accessibility,1,PASS,0
9774,domain_keyboard,3,PASS,0
9775,domain_localization,4,PASS,0
9776,domain_geometry,7,PASS,0
9777,domain_safety,6,PASS,0
9778,domain_workflows,1,PASS,0
9779,domain_scaling_theme,7,PASS,0
9780,domain_lifecycle,2,PASS,0
9781,domain_navigation,8,PASS,0
9782,domain_dialog_inventory,5,PASS,0
9783,domain_accessibility,7,PASS,0
9784,domain_keyboard,3,PASS,0
9785,domain_localization,4,PASS,0
9786,domain_geometry,5,PASS,0
9787,domain_safety,4,PASS,0
9788,domain_workflows,1,PASS,0
9789,domain_scaling_theme,7,PASS,0
9790,domain_lifecycle,2,PASS,0
9791,domain_navigation,8,PASS,0
9792,domain_dialog_inventory,5,PASS,0
9793,domain_accessibility,11,PASS,0
9794,domain_keyboard,3,PASS,0
9795,domain_localization,4,PASS,0
9796,domain_geometry,16,PASS,0
9797,domain_safety,31,PASS,0
9798,domain_workflows,1,PASS,0
9799,domain_scaling_theme,7,PASS,0
9800,domain_lifecycle,2,PASS,0
9801,domain_navigation,8,PASS,0
9802,domain_dialog_inventory,5,PASS,0
9803,domain_accessibility,6,PASS,0
9804,domain_keyboard,3,PASS,0
9805,domain_localization,4,PASS,0
9806,domain_geometry,9,PASS,0
9807,domain_safety,3,PASS,0
9808,domain_workflows,1,PASS,0
9809,domain_scaling_theme,7,PASS,0
9810,domain_lifecycle,2,PASS,0
9811,domain_navigation,8,PASS,0
9812,domain_dialog_inventory,5,PASS,0
9813,domain_accessibility,5,PASS,0
9814,domain_keyboard,3,PASS,0
9815,domain_localization,4,PASS,0
9816,domain_geometry,18,PASS,0
9817,domain_safety,4,PASS,0
9818,domain_workflows,2,PASS,0
9819,domain_scaling_theme,7,PASS,0
9820,domain_lifecycle,2,PASS,0
9821,domain_navigation,8,PASS,0
9822,domain_dialog_inventory,5,PASS,0
9823,domain_accessibility,4,PASS,0
9824,domain_keyboard,3,PASS,0
9825,domain_localization,4,PASS,0
9826,domain_geometry,5,PASS,0
9827,domain_safety,3,PASS,0
9828,domain_workflows,1,PASS,0
9829,domain_scaling_theme,7,PASS,0
9830,domain_lifecycle,2,PASS,0
9831,domain_navigation,8,PASS,0
9832,domain_dialog_inventory,5,PASS,0
9833,domain_accessibility,0,PASS,0
9834,domain_keyboard,3,PASS,0
9835,domain_localization,4,PASS,0
9836,domain_geometry,7,PASS,0
9837,domain_safety,5,PASS,0
9838,domain_workflows,1,PASS,0
9839,domain_scaling_theme,7,PASS,0
9840,domain_lifecycle,2,PASS,0
9841,domain_navigation,8,PASS,0
9842,domain_dialog_inventory,5,PASS,0
9843,domain_accessibility,1,PASS,0
9844,domain_keyboard,3,PASS,0
9845,domain_localization,4,PASS,0
9846,domain_geometry,2,PASS,0
9847,domain_safety,4,PASS,0
9848,domain_workflows,2,PASS,0
9849,domain_scaling_theme,7,PASS,0
9850,domain_lifecycle,2,PASS,0
9851,domain_navigation,8,PASS,0
9852,domain_dialog_inventory,5,PASS,0
9853,domain_accessibility,1,PASS,0
9854,domain_keyboard,3,PASS,0
9855,domain_localization,4,PASS,0
9856,domain_geometry,63,PASS,0
9857,domain_safety,14,PASS,0
9858,domain_workflows,1,PASS,0
9859,domain_scaling_theme,7,PASS,0
9860,domain_lifecycle,2,PASS,0
9861,domain_navigation,8,PASS,0
9862,domain_dialog_inventory,5,PASS,0
9863,domain_accessibility,1,PASS,0
9864,domain_keyboard,3,PASS,0
9865,domain_localization,4,PASS,0
9866,domain_geometry,5,PASS,0
9867,domain_safety,12,PASS,0
9868,domain_workflows,1,PASS,0
9869,domain_scaling_theme,7,PASS,0
9870,domain_lifecycle,2,PASS,0
9871,domain_navigation,8,PASS,0
9872,domain_dialog_inventory,5,PASS,0
9873,domain_accessibility,0,PASS,0
9874,domain_keyboard,3,PASS,0
9875,domain_localization,4,PASS,0
9876,domain_geometry,9,PASS,0
9877,domain_safety,3,PASS,0
9878,domain_workflows,1,PASS,0
9879,domain_scaling_theme,7,PASS,0
9880,domain_lifecycle,2,PASS,0
9881,domain_navigation,8,PASS,0
9882,domain_dialog_inventory,5,PASS,0
9883,domain_accessibility,1,PASS,0
9884,domain_keyboard,3,PASS,0
9885,domain_localization,4,PASS,0
9886,domain_geometry,26,PASS,0
9887,domain_safety,13,PASS,0
9888,domain_workflows,1,PASS,0
9889,domain_scaling_theme,7,PASS,0
9890,domain_lifecycle,2,PASS,0
9891,domain_navigation,8,PASS,0
9892,domain_dialog_inventory,5,PASS,0
9893,domain_accessibility,4,PASS,0
9894,domain_keyboard,3,PASS,0
9895,domain_localization,4,PASS,0
9896,domain_geometry,32,PASS,0
9897,domain_safety,8,PASS,0
9898,domain_workflows,1,PASS,0
9899,domain_scaling_theme,7,PASS,0
9900,domain_lifecycle,2,PASS,0
9901,domain_navigation,8,PASS,0
9902,domain_dialog_inventory,5,PASS,0
9903,domain_accessibility,0,PASS,0
9904,domain_keyboard,3,PASS,0
9905,domain_localization,4,PASS,0
9906,domain_geometry,55,PASS,0
9907,domain_safety,5,PASS,0
9908,domain_workflows,1,PASS,0
9909,domain_scaling_theme,7,PASS,0
9910,domain_lifecycle,2,PASS,0
9911,domain_navigation,8,PASS,0
9912,domain_dialog_inventory,5,PASS,0
9913,domain_accessibility,3,PASS,0
9914,domain_keyboard,3,PASS,0
9915,domain_localization,4,PASS,0
9916,domain_geometry,18,PASS,0
9917,domain_safety,7,PASS,0
9918,domain_workflows,2,PASS,0
9919,domain_scaling_theme,7,PASS,0
9920,domain_lifecycle,2,PASS,0
9921,domain_navigation,8,PASS,0
9922,domain_dialog_inventory,5,PASS,0
9923,domain_accessibility,2,PASS,0
9924,domain_keyboard,3,PASS,0
9925,domain_localization,4,PASS,0
9926,domain_geometry,9,PASS,0
9927,domain_safety,9,PASS,0
9928,domain_workflows,1,PASS,0
9929,domain_scaling_theme,7,PASS,0
9930,domain_lifecycle,2,PASS,0
9931,domain_navigation,8,PASS,0
9932,domain_dialog_inventory,5,PASS,0
9933,domain_accessibility,9,PASS,0
9934,domain_keyboard,3,PASS,0
9935,domain_localization,4,PASS,0
9936,domain_geometry,33,PASS,0
9937,domain_safety,5,PASS,0
9938,domain_workflows,1,PASS,0
9939,domain_scaling_theme,7,PASS,0
9940,domain_lifecycle,2,PASS,0
9941,domain_navigation,8,PASS,0
9942,domain_dialog_inventory,5,PASS,0
9943,domain_accessibility,4,PASS,0
9944,domain_keyboard,3,PASS,0
9945,domain_localization,4,PASS,0
9946,domain_geometry,15,PASS,0
9947,domain_safety,14,PASS,0
9948,domain_workflows,2,PASS,0
9949,domain_scaling_theme,7,PASS,0
9950,domain_lifecycle,2,PASS,0
9951,domain_navigation,8,PASS,0
9952,domain_dialog_inventory,5,PASS,0
9953,domain_accessibility,1,PASS,0
9954,domain_keyboard,3,PASS,0
9955,domain_localization,4,PASS,0
9956,domain_geometry,6,PASS,0
9957,domain_safety,8,PASS,0
9958,domain_workflows,1,PASS,0
9959,domain_scaling_theme,7,PASS,0
9960,domain_lifecycle,2,PASS,0
9961,domain_navigation,8,PASS,0
9962,domain_dialog_inventory,5,PASS,0
9963,domain_accessibility,2,PASS,0
9964,domain_keyboard,3,PASS,0
9965,domain_localization,4,PASS,0
9966,domain_geometry,89,PASS,0
9967,domain_safety,8,PASS,0
9968,domain_workflows,1,PASS,0
9969,domain_scaling_theme,7,PASS,0
9970,domain_lifecycle,2,PASS,0
9971,domain_navigation,8,PASS,0
9972,domain_dialog_inventory,5,PASS,0
9973,domain_accessibility,9,PASS,0
9974,domain_keyboard,3,PASS,0
9975,domain_localization,4,PASS,0
9976,domain_geometry,32,PASS,0
9977,domain_safety,2,PASS,0
9978,domain_workflows,1,PASS,0
9979,domain_scaling_theme,7,PASS,0
9980,domain_lifecycle,2,PASS,0
9981,domain_navigation,8,PASS,0
9982,domain_dialog_inventory,5,PASS,0
9983,domain_accessibility,7,PASS,0
9984,domain_keyboard,3,PASS,0
9985,domain_localization,4,PASS,0
9986,domain_geometry,18,PASS,0
9987,domain_safety,26,PASS,0
9988,domain_workflows,1,PASS,0
9989,domain_scaling_theme,7,PASS,0
9990,domain_lifecycle,2,PASS,0
9991,domain_navigation,8,PASS,0
9992,domain_dialog_inventory,5,PASS,0
9993,domain_accessibility,2,PASS,0
9994,domain_keyboard,3,PASS,0
9995,domain_localization,4,PASS,0
9996,domain_geometry,6,PASS,0
9997,domain_safety,3,PASS,0
9998,domain_workflows,1,PASS,0
9999,domain_scaling_theme,7,PASS,0
10000,domain_lifecycle,2,PASS,0
