loop,domain,checks,status,detail
1,k1_first_run_path,11,PASS,Erststartpfad ok
2,k2_booking_lifecycle,11,PASS,Lebenszyklus ok
3,k3_bundle_roundtrip,5,PASS,Bundle-Rundlauf ok
4,k4_guide_coverage,10,PASS,de-Guide deckt Kernfunktionen
5,k5_help_wiki,11,PASS,Wiki-Topic ok
6,k6_text_quality,197,PASS,de: 40 Werte sauber
7,k7_update_path,6,PASS,Update-Pfad ok
8,k8_key_discipline,60,PASS,Schluesseldisziplin ok
9,k9_dialog_invariants,1,PASS,account_data_hub.py: Invarianten ok
10,k10_regression_shield,14,PASS,Regressionsschild intakt
11,k1_first_run_path,11,PASS,Erststartpfad ok
12,k2_booking_lifecycle,11,PASS,Lebenszyklus ok
13,k3_bundle_roundtrip,5,PASS,Bundle-Rundlauf ok
14,k4_guide_coverage,10,PASS,en-Guide deckt Kernfunktionen
15,k5_help_wiki,11,PASS,Wiki-Topic ok
16,k6_text_quality,200,PASS,en: 40 Werte sauber
17,k7_update_path,6,PASS,Update-Pfad ok
18,k8_key_discipline,66,PASS,Schluesseldisziplin ok
19,k9_dialog_invariants,3,PASS,account_management_dialog.py: Invarianten ok
20,k10_regression_shield,14,PASS,Regressionsschild intakt
21,k1_first_run_path,11,PASS,Erststartpfad ok
22,k2_booking_lifecycle,11,PASS,Lebenszyklus ok
23,k3_bundle_roundtrip,5,PASS,Bundle-Rundlauf ok
24,k4_guide_coverage,10,PASS,fr-Guide deckt Kernfunktionen
25,k5_help_wiki,11,PASS,Wiki-Topic ok
26,k6_text_quality,194,PASS,fr: 40 Werte sauber
27,k7_update_path,6,PASS,Update-Pfad ok
28,k8_key_discipline,68,PASS,Schluesseldisziplin ok
29,k9_dialog_invariants,3,PASS,backup_restore_dialog.py: Invarianten ok
30,k10_regression_shield,14,PASS,Regressionsschild intakt
31,k1_first_run_path,11,PASS,Erststartpfad ok
32,k2_booking_lifecycle,11,PASS,Lebenszyklus ok
33,k3_bundle_roundtrip,5,PASS,Bundle-Rundlauf ok
34,k4_guide_coverage,10,PASS,de-Guide deckt Kernfunktionen
35,k5_help_wiki,11,PASS,Wiki-Topic ok
36,k6_text_quality,194,PASS,de: 40 Werte sauber
37,k7_update_path,6,PASS,Update-Pfad ok
38,k8_key_discipline,62,PASS,Schluesseldisziplin ok
39,k9_dialog_invariants,5,PASS,budget_adjustment_dialog.py: Invarianten ok
40,k10_regression_shield,14,PASS,Regressionsschild intakt
41,k1_first_run_path,11,PASS,Erststartpfad ok
42,k2_booking_lifecycle,11,PASS,Lebenszyklus ok
43,k3_bundle_roundtrip,5,PASS,Bundle-Rundlauf ok
44,k4_guide_coverage,10,PASS,en-Guide deckt Kernfunktionen
45,k5_help_wiki,11,PASS,Wiki-Topic ok
46,k6_text_quality,179,PASS,en: 40 Werte sauber
47,k7_update_path,6,PASS,Update-Pfad ok
48,k8_key_discipline,70,PASS,Schluesseldisziplin ok
49,k9_dialog_invariants,5,PASS,budget_entry_dialog_extended.py: Invarianten ok
50,k10_regression_shield,14,PASS,Regressionsschild intakt
51,k1_first_run_path,11,PASS,Erststartpfad ok
52,k2_booking_lifecycle,11,PASS,Lebenszyklus ok
53,k3_bundle_roundtrip,5,PASS,Bundle-Rundlauf ok
54,k4_guide_coverage,10,PASS,fr-Guide deckt Kernfunktionen
55,k5_help_wiki,11,PASS,Wiki-Topic ok
56,k6_text_quality,194,PASS,fr: 40 Werte sauber
57,k7_update_path,6,PASS,Update-Pfad ok
58,k8_key_discipline,60,PASS,Schluesseldisziplin ok
59,k9_dialog_invariants,3,PASS,budget_fill_dialog.py: Invarianten ok
60,k10_regression_shield,14,PASS,Regressionsschild intakt
61,k1_first_run_path,11,PASS,Erststartpfad ok
62,k2_booking_lifecycle,11,PASS,Lebenszyklus ok
63,k3_bundle_roundtrip,5,PASS,Bundle-Rundlauf ok
64,k4_guide_coverage,10,PASS,de-Guide deckt Kernfunktionen
65,k5_help_wiki,11,PASS,Wiki-Topic ok
66,k6_text_quality,197,PASS,de: 40 Werte sauber
67,k7_update_path,6,PASS,Update-Pfad ok
68,k8_key_discipline,60,PASS,Schluesseldisziplin ok
69,k9_dialog_invariants,3,PASS,category_delete_dialog.py: Invarianten ok
70,k10_regression_shield,14,PASS,Regressionsschild intakt
71,k1_first_run_path,11,PASS,Erststartpfad ok
72,k2_booking_lifecycle,11,PASS,Lebenszyklus ok
73,k3_bundle_roundtrip,5,PASS,Bundle-Rundlauf ok
74,k4_guide_coverage,10,PASS,en-Guide deckt Kernfunktionen
75,k5_help_wiki,11,PASS,Wiki-Topic ok
76,k6_text_quality,191,PASS,en: 40 Werte sauber
77,k7_update_path,6,PASS,Update-Pfad ok
78,k8_key_discipline,60,PASS,Schluesseldisziplin ok
79,k9_dialog_invariants,1,PASS,category_excel_io.py: Invarianten ok
80,k10_regression_shield,14,PASS,Regressionsschild intakt
81,k1_first_run_path,11,PASS,Erststartpfad ok
82,k2_booking_lifecycle,11,PASS,Lebenszyklus ok
83,k3_bundle_roundtrip,5,PASS,Bundle-Rundlauf ok
84,k4_guide_coverage,10,PASS,fr-Guide deckt Kernfunktionen
85,k5_help_wiki,11,PASS,Wiki-Topic ok
86,k6_text_quality,200,PASS,fr: 40 Werte sauber
87,k7_update_path,6,PASS,Update-Pfad ok
88,k8_key_discipline,65,PASS,Schluesseldisziplin ok
89,k9_dialog_invariants,3,PASS,category_manager_dialog.py: Invarianten ok
90,k10_regression_shield,14,PASS,Regressionsschild intakt
91,k1_first_run_path,11,PASS,Erststartpfad ok
92,k2_booking_lifecycle,11,PASS,Lebenszyklus ok
93,k3_bundle_roundtrip,5,PASS,Bundle-Rundlauf ok
94,k4_guide_coverage,10,PASS,de-Guide deckt Kernfunktionen
95,k5_help_wiki,11,PASS,Wiki-Topic ok
96,k6_text_quality,200,PASS,de: 40 Werte sauber
97,k7_update_path,6,PASS,Update-Pfad ok
98,k8_key_discipline,60,PASS,Schluesseldisziplin ok
99,k9_dialog_invariants,1,PASS,category_picker.py: Invarianten ok
100,k10_regression_shield,14,PASS,Regressionsschild intakt
101,k1_first_run_path,11,PASS,Erststartpfad ok
102,k2_booking_lifecycle,11,PASS,Lebenszyklus ok
103,k3_bundle_roundtrip,5,PASS,Bundle-Rundlauf ok
104,k4_guide_coverage,10,PASS,en-Guide deckt Kernfunktionen
105,k5_help_wiki,11,PASS,Wiki-Topic ok
106,k6_text_quality,197,PASS,en: 40 Werte sauber
107,k7_update_path,6,PASS,Update-Pfad ok
108,k8_key_discipline,62,PASS,Schluesseldisziplin ok
109,k9_dialog_invariants,7,PASS,category_properties_dialog.py: Invarianten ok
110,k10_regression_shield,14,PASS,Regressionsschild intakt
111,k1_first_run_path,11,PASS,Erststartpfad ok
112,k2_booking_lifecycle,11,PASS,Lebenszyklus ok
113,k3_bundle_roundtrip,5,PASS,Bundle-Rundlauf ok
114,k4_guide_coverage,10,PASS,fr-Guide deckt Kernfunktionen
115,k5_help_wiki,11,PASS,Wiki-Topic ok
116,k6_text_quality,200,PASS,fr: 40 Werte sauber
117,k7_update_path,6,PASS,Update-Pfad ok
118,k8_key_discipline,60,PASS,Schluesseldisziplin ok
119,k9_dialog_invariants,3,PASS,copy_year_dialog.py: Invarianten ok
120,k10_regression_shield,14,PASS,Regressionsschild intakt
121,k1_first_run_path,11,PASS,Erststartpfad ok
122,k2_booking_lifecycle,11,PASS,Lebenszyklus ok
123,k3_bundle_roundtrip,5,PASS,Bundle-Rundlauf ok
124,k4_guide_coverage,10,PASS,de-Guide deckt Kernfunktionen
125,k5_help_wiki,11,PASS,Wiki-Topic ok
126,k6_text_quality,200,PASS,de: 40 Werte sauber
127,k7_update_path,6,PASS,Update-Pfad ok
128,k8_key_discipline,62,PASS,Schluesseldisziplin ok
129,k9_dialog_invariants,3,PASS,database_management_dialog.py: Invarianten ok
130,k10_regression_shield,14,PASS,Regressionsschild intakt
131,k1_first_run_path,11,PASS,Erststartpfad ok
132,k2_booking_lifecycle,11,PASS,Lebenszyklus ok
133,k3_bundle_roundtrip,5,PASS,Bundle-Rundlauf ok
134,k4_guide_coverage,10,PASS,en-Guide deckt Kernfunktionen
135,k5_help_wiki,11,PASS,Wiki-Topic ok
136,k6_text_quality,200,PASS,en: 40 Werte sauber
137,k7_update_path,6,PASS,Update-Pfad ok
138,k8_key_discipline,60,PASS,Schluesseldisziplin ok
139,k9_dialog_invariants,3,PASS,export_dialog.py: Invarianten ok
140,k10_regression_shield,14,PASS,Regressionsschild intakt
141,k1_first_run_path,11,PASS,Erststartpfad ok
142,k2_booking_lifecycle,11,PASS,Lebenszyklus ok
143,k3_bundle_roundtrip,5,PASS,Bundle-Rundlauf ok
144,k4_guide_coverage,10,PASS,fr-Guide deckt Kernfunktionen
145,k5_help_wiki,11,PASS,Wiki-Topic ok
146,k6_text_quality,200,PASS,fr: 40 Werte sauber
147,k7_update_path,6,PASS,Update-Pfad ok
148,k8_key_discipline,61,PASS,Schluesseldisziplin ok
149,k9_dialog_invariants,3,PASS,favorites_dashboard_dialog.py: Invarianten ok
150,k10_regression_shield,14,PASS,Regressionsschild intakt
151,k1_first_run_path,11,PASS,Erststartpfad ok
152,k2_booking_lifecycle,11,PASS,Lebenszyklus ok
153,k3_bundle_roundtrip,5,PASS,Bundle-Rundlauf ok
154,k4_guide_coverage,10,PASS,de-Guide deckt Kernfunktionen
155,k5_help_wiki,11,PASS,Wiki-Topic ok
156,k6_text_quality,200,PASS,de: 40 Werte sauber
157,k7_update_path,6,PASS,Update-Pfad ok
158,k8_key_discipline,61,PASS,Schluesseldisziplin ok
159,k9_dialog_invariants,3,PASS,global_search_dialog.py: Invarianten ok
160,k10_regression_shield,14,PASS,Regressionsschild intakt
161,k1_first_run_path,11,PASS,Erststartpfad ok
162,k2_booking_lifecycle,11,PASS,Lebenszyklus ok
163,k3_bundle_roundtrip,5,PASS,Bundle-Rundlauf ok
164,k4_guide_coverage,10,PASS,en-Guide deckt Kernfunktionen
165,k5_help_wiki,11,PASS,Wiki-Topic ok
166,k6_text_quality,194,PASS,en: 40 Werte sauber
167,k7_update_path,6,PASS,Update-Pfad ok
168,k8_key_discipline,60,PASS,Schluesseldisziplin ok
169,k9_dialog_invariants,1,PASS,help_content.py: Invarianten ok
170,k10_regression_shield,14,PASS,Regressionsschild intakt
171,k1_first_run_path,11,PASS,Erststartpfad ok
172,k2_booking_lifecycle,11,PASS,Lebenszyklus ok
173,k3_bundle_roundtrip,5,PASS,Bundle-Rundlauf ok
174,k4_guide_coverage,10,PASS,fr-Guide deckt Kernfunktionen
175,k5_help_wiki,11,PASS,Wiki-Topic ok
176,k6_text_quality,200,PASS,fr: 40 Werte sauber
177,k7_update_path,6,PASS,Update-Pfad ok
178,k8_key_discipline,60,PASS,Schluesseldisziplin ok
179,k9_dialog_invariants,3,PASS,help_dialog.py: Invarianten ok
180,k10_regression_shield,14,PASS,Regressionsschild intakt
181,k1_first_run_path,11,PASS,Erststartpfad ok
182,k2_booking_lifecycle,11,PASS,Lebenszyklus ok
183,k3_bundle_roundtrip,5,PASS,Bundle-Rundlauf ok
184,k4_guide_coverage,10,PASS,de-Guide deckt Kernfunktionen
185,k5_help_wiki,11,PASS,Wiki-Topic ok
186,k6_text_quality,200,PASS,de: 40 Werte sauber
187,k7_update_path,6,PASS,Update-Pfad ok
188,k8_key_discipline,60,PASS,Schluesseldisziplin ok
189,k9_dialog_invariants,3,PASS,language_select_dialog.py: Invarianten ok
190,k10_regression_shield,14,PASS,Regressionsschild intakt
191,k1_first_run_path,11,PASS,Erststartpfad ok
192,k2_booking_lifecycle,11,PASS,Lebenszyklus ok
193,k3_bundle_roundtrip,5,PASS,Bundle-Rundlauf ok
194,k4_guide_coverage,10,PASS,en-Guide deckt Kernfunktionen
195,k5_help_wiki,11,PASS,Wiki-Topic ok
196,k6_text_quality,194,PASS,en: 40 Werte sauber
197,k7_update_path,6,PASS,Update-Pfad ok
198,k8_key_discipline,60,PASS,Schluesseldisziplin ok
199,k9_dialog_invariants,7,PASS,login_dialog.py: Invarianten ok
200,k10_regression_shield,14,PASS,Regressionsschild intakt
201,k1_first_run_path,11,PASS,Erststartpfad ok
202,k2_booking_lifecycle,11,PASS,Lebenszyklus ok
203,k3_bundle_roundtrip,5,PASS,Bundle-Rundlauf ok
204,k4_guide_coverage,10,PASS,fr-Guide deckt Kernfunktionen
205,k5_help_wiki,11,PASS,Wiki-Topic ok
206,k6_text_quality,200,PASS,fr: 40 Werte sauber
207,k7_update_path,6,PASS,Update-Pfad ok
208,k8_key_discipline,62,PASS,Schluesseldisziplin ok
209,k9_dialog_invariants,5,PASS,main_window.py: Invarianten ok
210,k10_regression_shield,14,PASS,Regressionsschild intakt
211,k1_first_run_path,11,PASS,Erststartpfad ok
212,k2_booking_lifecycle,11,PASS,Lebenszyklus ok
213,k3_bundle_roundtrip,5,PASS,Bundle-Rundlauf ok
214,k4_guide_coverage,10,PASS,de-Guide deckt Kernfunktionen
215,k5_help_wiki,11,PASS,Wiki-Topic ok
216,k6_text_quality,200,PASS,de: 40 Werte sauber
217,k7_update_path,6,PASS,Update-Pfad ok
218,k8_key_discipline,68,PASS,Schluesseldisziplin ok
219,k9_dialog_invariants,3,PASS,month_close_dialog.py: Invarianten ok
220,k10_regression_shield,14,PASS,Regressionsschild intakt
221,k1_first_run_path,11,PASS,Erststartpfad ok
222,k2_booking_lifecycle,11,PASS,Lebenszyklus ok
223,k3_bundle_roundtrip,5,PASS,Bundle-Rundlauf ok
224,k4_guide_coverage,10,PASS,en-Guide deckt Kernfunktionen
225,k5_help_wiki,11,PASS,Wiki-Topic ok
226,k6_text_quality,200,PASS,en: 40 Werte sauber
227,k7_update_path,6,PASS,Update-Pfad ok
228,k8_key_discipline,62,PASS,Schluesseldisziplin ok
229,k9_dialog_invariants,3,PASS,quick_add_dialog.py: Invarianten ok
230,k10_regression_shield,14,PASS,Regressionsschild intakt
231,k1_first_run_path,11,PASS,Erststartpfad ok
232,k2_booking_lifecycle,11,PASS,Lebenszyklus ok
233,k3_bundle_roundtrip,5,PASS,Bundle-Rundlauf ok
234,k4_guide_coverage,10,PASS,fr-Guide deckt Kernfunktionen
235,k5_help_wiki,11,PASS,Wiki-Topic ok
236,k6_text_quality,200,PASS,fr: 40 Werte sauber
237,k7_update_path,6,PASS,Update-Pfad ok
238,k8_key_discipline,61,PASS,Schluesseldisziplin ok
239,k9_dialog_invariants,1,PASS,reauth.py: Invarianten ok
240,k10_regression_shield,14,PASS,Regressionsschild intakt
241,k1_first_run_path,11,PASS,Erststartpfad ok
242,k2_booking_lifecycle,11,PASS,Lebenszyklus ok
243,k3_bundle_roundtrip,5,PASS,Bundle-Rundlauf ok
244,k4_guide_coverage,10,PASS,de-Guide deckt Kernfunktionen
245,k5_help_wiki,11,PASS,Wiki-Topic ok
246,k6_text_quality,200,PASS,de: 40 Werte sauber
247,k7_update_path,6,PASS,Update-Pfad ok
248,k8_key_discipline,60,PASS,Schluesseldisziplin ok
249,k9_dialog_invariants,3,PASS,recurring_bookings_dialog.py: Invarianten ok
250,k10_regression_shield,14,PASS,Regressionsschild intakt
251,k1_first_run_path,11,PASS,Erststartpfad ok
252,k2_booking_lifecycle,11,PASS,Lebenszyklus ok
253,k3_bundle_roundtrip,5,PASS,Bundle-Rundlauf ok
254,k4_guide_coverage,10,PASS,en-Guide deckt Kernfunktionen
255,k5_help_wiki,11,PASS,Wiki-Topic ok
256,k6_text_quality,200,PASS,en: 40 Werte sauber
257,k7_update_path,6,PASS,Update-Pfad ok
258,k8_key_discipline,60,PASS,Schluesseldisziplin ok
259,k9_dialog_invariants,3,PASS,restore_key_dialog.py: Invarianten ok
260,k10_regression_shield,14,PASS,Regressionsschild intakt
261,k1_first_run_path,11,PASS,Erststartpfad ok
262,k2_booking_lifecycle,11,PASS,Lebenszyklus ok
263,k3_bundle_roundtrip,5,PASS,Bundle-Rundlauf ok
264,k4_guide_coverage,10,PASS,fr-Guide deckt Kernfunktionen
265,k5_help_wiki,11,PASS,Wiki-Topic ok
266,k6_text_quality,194,PASS,fr: 40 Werte sauber
267,k7_update_path,6,PASS,Update-Pfad ok
268,k8_key_discipline,60,PASS,Schluesseldisziplin ok
269,k9_dialog_invariants,1,PASS,savings_goal_messages.py: Invarianten ok
270,k10_regression_shield,14,PASS,Regressionsschild intakt
271,k1_first_run_path,11,PASS,Erststartpfad ok
272,k2_booking_lifecycle,11,PASS,Lebenszyklus ok
273,k3_bundle_roundtrip,5,PASS,Bundle-Rundlauf ok
274,k4_guide_coverage,10,PASS,de-Guide deckt Kernfunktionen
275,k5_help_wiki,11,PASS,Wiki-Topic ok
276,k6_text_quality,197,PASS,de: 40 Werte sauber
277,k7_update_path,6,PASS,Update-Pfad ok
278,k8_key_discipline,60,PASS,Schluesseldisziplin ok
279,k9_dialog_invariants,7,PASS,savings_goals_dialog.py: Invarianten ok
280,k10_regression_shield,14,PASS,Regressionsschild intakt
281,k1_first_run_path,11,PASS,Erststartpfad ok
282,k2_booking_lifecycle,11,PASS,Lebenszyklus ok
283,k3_bundle_roundtrip,5,PASS,Bundle-Rundlauf ok
284,k4_guide_coverage,10,PASS,en-Guide deckt Kernfunktionen
285,k5_help_wiki,11,PASS,Wiki-Topic ok
286,k6_text_quality,188,PASS,en: 40 Werte sauber
287,k7_update_path,6,PASS,Update-Pfad ok
288,k8_key_discipline,71,PASS,Schluesseldisziplin ok
289,k9_dialog_invariants,3,PASS,setup_assistant_dialog.py: Invarianten ok
290,k10_regression_shield,14,PASS,Regressionsschild intakt
291,k1_first_run_path,11,PASS,Erststartpfad ok
292,k2_booking_lifecycle,11,PASS,Lebenszyklus ok
293,k3_bundle_roundtrip,5,PASS,Bundle-Rundlauf ok
294,k4_guide_coverage,10,PASS,fr-Guide deckt Kernfunktionen
295,k5_help_wiki,11,PASS,Wiki-Topic ok
296,k6_text_quality,191,PASS,fr: 40 Werte sauber
297,k7_update_path,6,PASS,Update-Pfad ok
298,k8_key_discipline,70,PASS,Schluesseldisziplin ok
299,k9_dialog_invariants,3,PASS,shortcuts_dialog.py: Invarianten ok
300,k10_regression_shield,14,PASS,Regressionsschild intakt
301,k1_first_run_path,11,PASS,Erststartpfad ok
302,k2_booking_lifecycle,11,PASS,Lebenszyklus ok
303,k3_bundle_roundtrip,5,PASS,Bundle-Rundlauf ok
304,k4_guide_coverage,10,PASS,de-Guide deckt Kernfunktionen
305,k5_help_wiki,11,PASS,Wiki-Topic ok
306,k6_text_quality,197,PASS,de: 40 Werte sauber
307,k7_update_path,6,PASS,Update-Pfad ok
308,k8_key_discipline,60,PASS,Schluesseldisziplin ok
309,k9_dialog_invariants,3,PASS,special_income_dialog.py: Invarianten ok
310,k10_regression_shield,14,PASS,Regressionsschild intakt
311,k1_first_run_path,11,PASS,Erststartpfad ok
312,k2_booking_lifecycle,11,PASS,Lebenszyklus ok
313,k3_bundle_roundtrip,5,PASS,Bundle-Rundlauf ok
314,k4_guide_coverage,10,PASS,en-Guide deckt Kernfunktionen
315,k5_help_wiki,11,PASS,Wiki-Topic ok
316,k6_text_quality,191,PASS,en: 40 Werte sauber
317,k7_update_path,6,PASS,Update-Pfad ok
318,k8_key_discipline,60,PASS,Schluesseldisziplin ok
319,k9_dialog_invariants,3,PASS,startup_wizard.py: Invarianten ok
320,k10_regression_shield,14,PASS,Regressionsschild intakt
321,k1_first_run_path,11,PASS,Erststartpfad ok
322,k2_booking_lifecycle,11,PASS,Lebenszyklus ok
323,k3_bundle_roundtrip,5,PASS,Bundle-Rundlauf ok
324,k4_guide_coverage,10,PASS,fr-Guide deckt Kernfunktionen
325,k5_help_wiki,11,PASS,Wiki-Topic ok
326,k6_text_quality,200,PASS,fr: 40 Werte sauber
327,k7_update_path,6,PASS,Update-Pfad ok
328,k8_key_discipline,61,PASS,Schluesseldisziplin ok
329,k9_dialog_invariants,3,PASS,tags_manager_dialog.py: Invarianten ok
330,k10_regression_shield,14,PASS,Regressionsschild intakt
331,k1_first_run_path,11,PASS,Erststartpfad ok
332,k2_booking_lifecycle,11,PASS,Lebenszyklus ok
333,k3_bundle_roundtrip,5,PASS,Bundle-Rundlauf ok
334,k4_guide_coverage,10,PASS,de-Guide deckt Kernfunktionen
335,k5_help_wiki,11,PASS,Wiki-Topic ok
336,k6_text_quality,197,PASS,de: 40 Werte sauber
337,k7_update_path,6,PASS,Update-Pfad ok
338,k8_key_discipline,78,PASS,Schluesseldisziplin ok
339,k9_dialog_invariants,3,PASS,theme_editor_dialog.py: Invarianten ok
340,k10_regression_shield,14,PASS,Regressionsschild intakt
341,k1_first_run_path,11,PASS,Erststartpfad ok
342,k2_booking_lifecycle,11,PASS,Lebenszyklus ok
343,k3_bundle_roundtrip,5,PASS,Bundle-Rundlauf ok
344,k4_guide_coverage,10,PASS,en-Guide deckt Kernfunktionen
345,k5_help_wiki,11,PASS,Wiki-Topic ok
346,k6_text_quality,200,PASS,en: 40 Werte sauber
347,k7_update_path,6,PASS,Update-Pfad ok
348,k8_key_discipline,60,PASS,Schluesseldisziplin ok
349,k9_dialog_invariants,1,PASS,type_color_helper.py: Invarianten ok
350,k10_regression_shield,14,PASS,Regressionsschild intakt
351,k1_first_run_path,11,PASS,Erststartpfad ok
352,k2_booking_lifecycle,11,PASS,Lebenszyklus ok
353,k3_bundle_roundtrip,5,PASS,Bundle-Rundlauf ok
354,k4_guide_coverage,10,PASS,fr-Guide deckt Kernfunktionen
355,k5_help_wiki,11,PASS,Wiki-Topic ok
356,k6_text_quality,197,PASS,fr: 40 Werte sauber
357,k7_update_path,6,PASS,Update-Pfad ok
358,k8_key_discipline,60,PASS,Schluesseldisziplin ok
359,k9_dialog_invariants,1,PASS,ui_colors.py: Invarianten ok
360,k10_regression_shield,14,PASS,Regressionsschild intakt
361,k1_first_run_path,11,PASS,Erststartpfad ok
362,k2_booking_lifecycle,11,PASS,Lebenszyklus ok
363,k3_bundle_roundtrip,5,PASS,Bundle-Rundlauf ok
364,k4_guide_coverage,10,PASS,de-Guide deckt Kernfunktionen
365,k5_help_wiki,11,PASS,Wiki-Topic ok
366,k6_text_quality,200,PASS,de: 40 Werte sauber
367,k7_update_path,6,PASS,Update-Pfad ok
368,k8_key_discipline,60,PASS,Schluesseldisziplin ok
369,k9_dialog_invariants,3,PASS,update_dialog.py: Invarianten ok
370,k10_regression_shield,14,PASS,Regressionsschild intakt
371,k1_first_run_path,11,PASS,Erststartpfad ok
372,k2_booking_lifecycle,11,PASS,Lebenszyklus ok
373,k3_bundle_roundtrip,5,PASS,Bundle-Rundlauf ok
374,k4_guide_coverage,10,PASS,en-Guide deckt Kernfunktionen
375,k5_help_wiki,11,PASS,Wiki-Topic ok
376,k6_text_quality,197,PASS,en: 40 Werte sauber
377,k7_update_path,6,PASS,Update-Pfad ok
378,k8_key_discipline,60,PASS,Schluesseldisziplin ok
379,k9_dialog_invariants,1,PASS,account_data_hub.py: Invarianten ok
380,k10_regression_shield,14,PASS,Regressionsschild intakt
381,k1_first_run_path,11,PASS,Erststartpfad ok
382,k2_booking_lifecycle,11,PASS,Lebenszyklus ok
383,k3_bundle_roundtrip,5,PASS,Bundle-Rundlauf ok
384,k4_guide_coverage,10,PASS,fr-Guide deckt Kernfunktionen
385,k5_help_wiki,11,PASS,Wiki-Topic ok
386,k6_text_quality,194,PASS,fr: 40 Werte sauber
387,k7_update_path,6,PASS,Update-Pfad ok
388,k8_key_discipline,60,PASS,Schluesseldisziplin ok
389,k9_dialog_invariants,3,PASS,account_management_dialog.py: Invarianten ok
390,k10_regression_shield,14,PASS,Regressionsschild intakt
391,k1_first_run_path,11,PASS,Erststartpfad ok
392,k2_booking_lifecycle,11,PASS,Lebenszyklus ok
393,k3_bundle_roundtrip,5,PASS,Bundle-Rundlauf ok
394,k4_guide_coverage,10,PASS,de-Guide deckt Kernfunktionen
395,k5_help_wiki,11,PASS,Wiki-Topic ok
396,k6_text_quality,188,PASS,de: 40 Werte sauber
397,k7_update_path,6,PASS,Update-Pfad ok
398,k8_key_discipline,60,PASS,Schluesseldisziplin ok
399,k9_dialog_invariants,3,PASS,backup_restore_dialog.py: Invarianten ok
400,k10_regression_shield,14,PASS,Regressionsschild intakt
401,k1_first_run_path,11,PASS,Erststartpfad ok
402,k2_booking_lifecycle,11,PASS,Lebenszyklus ok
403,k3_bundle_roundtrip,5,PASS,Bundle-Rundlauf ok
404,k4_guide_coverage,10,PASS,en-Guide deckt Kernfunktionen
405,k5_help_wiki,11,PASS,Wiki-Topic ok
406,k6_text_quality,200,PASS,en: 40 Werte sauber
407,k7_update_path,6,PASS,Update-Pfad ok
408,k8_key_discipline,60,PASS,Schluesseldisziplin ok
409,k9_dialog_invariants,5,PASS,budget_adjustment_dialog.py: Invarianten ok
410,k10_regression_shield,14,PASS,Regressionsschild intakt
411,k1_first_run_path,11,PASS,Erststartpfad ok
412,k2_booking_lifecycle,11,PASS,Lebenszyklus ok
413,k3_bundle_roundtrip,5,PASS,Bundle-Rundlauf ok
414,k4_guide_coverage,10,PASS,fr-Guide deckt Kernfunktionen
415,k5_help_wiki,11,PASS,Wiki-Topic ok
416,k6_text_quality,200,PASS,fr: 40 Werte sauber
417,k7_update_path,6,PASS,Update-Pfad ok
418,k8_key_discipline,60,PASS,Schluesseldisziplin ok
419,k9_dialog_invariants,5,PASS,budget_entry_dialog_extended.py: Invarianten ok
420,k10_regression_shield,14,PASS,Regressionsschild intakt
421,k1_first_run_path,11,PASS,Erststartpfad ok
422,k2_booking_lifecycle,11,PASS,Lebenszyklus ok
423,k3_bundle_roundtrip,5,PASS,Bundle-Rundlauf ok
424,k4_guide_coverage,10,PASS,de-Guide deckt Kernfunktionen
425,k5_help_wiki,11,PASS,Wiki-Topic ok
426,k6_text_quality,200,PASS,de: 40 Werte sauber
427,k7_update_path,6,PASS,Update-Pfad ok
428,k8_key_discipline,65,PASS,Schluesseldisziplin ok
429,k9_dialog_invariants,3,PASS,budget_fill_dialog.py: Invarianten ok
430,k10_regression_shield,14,PASS,Regressionsschild intakt
431,k1_first_run_path,11,PASS,Erststartpfad ok
432,k2_booking_lifecycle,11,PASS,Lebenszyklus ok
433,k3_bundle_roundtrip,5,PASS,Bundle-Rundlauf ok
434,k4_guide_coverage,10,PASS,en-Guide deckt Kernfunktionen
435,k5_help_wiki,11,PASS,Wiki-Topic ok
436,k6_text_quality,197,PASS,en: 40 Werte sauber
437,k7_update_path,6,PASS,Update-Pfad ok
438,k8_key_discipline,66,PASS,Schluesseldisziplin ok
439,k9_dialog_invariants,3,PASS,category_delete_dialog.py: Invarianten ok
440,k10_regression_shield,14,PASS,Regressionsschild intakt
441,k1_first_run_path,11,PASS,Erststartpfad ok
442,k2_booking_lifecycle,11,PASS,Lebenszyklus ok
443,k3_bundle_roundtrip,5,PASS,Bundle-Rundlauf ok
444,k4_guide_coverage,10,PASS,fr-Guide deckt Kernfunktionen
445,k5_help_wiki,11,PASS,Wiki-Topic ok
446,k6_text_quality,200,PASS,fr: 40 Werte sauber
447,k7_update_path,6,PASS,Update-Pfad ok
448,k8_key_discipline,65,PASS,Schluesseldisziplin ok
449,k9_dialog_invariants,1,PASS,category_excel_io.py: Invarianten ok
450,k10_regression_shield,14,PASS,Regressionsschild intakt
451,k1_first_run_path,11,PASS,Erststartpfad ok
452,k2_booking_lifecycle,11,PASS,Lebenszyklus ok
453,k3_bundle_roundtrip,5,PASS,Bundle-Rundlauf ok
454,k4_guide_coverage,10,PASS,de-Guide deckt Kernfunktionen
455,k5_help_wiki,11,PASS,Wiki-Topic ok
456,k6_text_quality,200,PASS,de: 40 Werte sauber
457,k7_update_path,6,PASS,Update-Pfad ok
458,k8_key_discipline,60,PASS,Schluesseldisziplin ok
459,k9_dialog_invariants,3,PASS,category_manager_dialog.py: Invarianten ok
460,k10_regression_shield,14,PASS,Regressionsschild intakt
461,k1_first_run_path,11,PASS,Erststartpfad ok
462,k2_booking_lifecycle,11,PASS,Lebenszyklus ok
463,k3_bundle_roundtrip,5,PASS,Bundle-Rundlauf ok
464,k4_guide_coverage,10,PASS,en-Guide deckt Kernfunktionen
465,k5_help_wiki,11,PASS,Wiki-Topic ok
466,k6_text_quality,191,PASS,en: 40 Werte sauber
467,k7_update_path,6,PASS,Update-Pfad ok
468,k8_key_discipline,60,PASS,Schluesseldisziplin ok
469,k9_dialog_invariants,1,PASS,category_picker.py: Invarianten ok
470,k10_regression_shield,14,PASS,Regressionsschild intakt
471,k1_first_run_path,11,PASS,Erststartpfad ok
472,k2_booking_lifecycle,11,PASS,Lebenszyklus ok
473,k3_bundle_roundtrip,5,PASS,Bundle-Rundlauf ok
474,k4_guide_coverage,10,PASS,fr-Guide deckt Kernfunktionen
475,k5_help_wiki,11,PASS,Wiki-Topic ok
476,k6_text_quality,191,PASS,fr: 40 Werte sauber
477,k7_update_path,6,PASS,Update-Pfad ok
478,k8_key_discipline,60,PASS,Schluesseldisziplin ok
479,k9_dialog_invariants,7,PASS,category_properties_dialog.py: Invarianten ok
480,k10_regression_shield,14,PASS,Regressionsschild intakt
481,k1_first_run_path,11,PASS,Erststartpfad ok
482,k2_booking_lifecycle,11,PASS,Lebenszyklus ok
483,k3_bundle_roundtrip,5,PASS,Bundle-Rundlauf ok
484,k4_guide_coverage,10,PASS,de-Guide deckt Kernfunktionen
485,k5_help_wiki,11,PASS,Wiki-Topic ok
486,k6_text_quality,194,PASS,de: 40 Werte sauber
487,k7_update_path,6,PASS,Update-Pfad ok
488,k8_key_discipline,61,PASS,Schluesseldisziplin ok
489,k9_dialog_invariants,3,PASS,copy_year_dialog.py: Invarianten ok
490,k10_regression_shield,14,PASS,Regressionsschild intakt
491,k1_first_run_path,11,PASS,Erststartpfad ok
492,k2_booking_lifecycle,11,PASS,Lebenszyklus ok
493,k3_bundle_roundtrip,5,PASS,Bundle-Rundlauf ok
494,k4_guide_coverage,10,PASS,en-Guide deckt Kernfunktionen
495,k5_help_wiki,11,PASS,Wiki-Topic ok
496,k6_text_quality,200,PASS,en: 40 Werte sauber
497,k7_update_path,6,PASS,Update-Pfad ok
498,k8_key_discipline,60,PASS,Schluesseldisziplin ok
499,k9_dialog_invariants,3,PASS,database_management_dialog.py: Invarianten ok
500,k10_regression_shield,14,PASS,Regressionsschild intakt
501,k1_first_run_path,11,PASS,Erststartpfad ok
502,k2_booking_lifecycle,11,PASS,Lebenszyklus ok
503,k3_bundle_roundtrip,5,PASS,Bundle-Rundlauf ok
504,k4_guide_coverage,10,PASS,fr-Guide deckt Kernfunktionen
505,k5_help_wiki,11,PASS,Wiki-Topic ok
506,k6_text_quality,200,PASS,fr: 40 Werte sauber
507,k7_update_path,6,PASS,Update-Pfad ok
508,k8_key_discipline,66,PASS,Schluesseldisziplin ok
509,k9_dialog_invariants,3,PASS,export_dialog.py: Invarianten ok
510,k10_regression_shield,14,PASS,Regressionsschild intakt
511,k1_first_run_path,11,PASS,Erststartpfad ok
512,k2_booking_lifecycle,11,PASS,Lebenszyklus ok
513,k3_bundle_roundtrip,5,PASS,Bundle-Rundlauf ok
514,k4_guide_coverage,10,PASS,de-Guide deckt Kernfunktionen
515,k5_help_wiki,11,PASS,Wiki-Topic ok
516,k6_text_quality,200,PASS,de: 40 Werte sauber
517,k7_update_path,6,PASS,Update-Pfad ok
518,k8_key_discipline,68,PASS,Schluesseldisziplin ok
519,k9_dialog_invariants,3,PASS,favorites_dashboard_dialog.py: Invarianten ok
520,k10_regression_shield,14,PASS,Regressionsschild intakt
521,k1_first_run_path,11,PASS,Erststartpfad ok
522,k2_booking_lifecycle,11,PASS,Lebenszyklus ok
523,k3_bundle_roundtrip,5,PASS,Bundle-Rundlauf ok
524,k4_guide_coverage,10,PASS,en-Guide deckt Kernfunktionen
525,k5_help_wiki,11,PASS,Wiki-Topic ok
526,k6_text_quality,188,PASS,en: 40 Werte sauber
527,k7_update_path,6,PASS,Update-Pfad ok
528,k8_key_discipline,62,PASS,Schluesseldisziplin ok
529,k9_dialog_invariants,3,PASS,global_search_dialog.py: Invarianten ok
530,k10_regression_shield,14,PASS,Regressionsschild intakt
531,k1_first_run_path,11,PASS,Erststartpfad ok
532,k2_booking_lifecycle,11,PASS,Lebenszyklus ok
533,k3_bundle_roundtrip,5,PASS,Bundle-Rundlauf ok
534,k4_guide_coverage,10,PASS,fr-Guide deckt Kernfunktionen
535,k5_help_wiki,11,PASS,Wiki-Topic ok
536,k6_text_quality,170,PASS,fr: 40 Werte sauber
537,k7_update_path,6,PASS,Update-Pfad ok
538,k8_key_discipline,70,PASS,Schluesseldisziplin ok
539,k9_dialog_invariants,1,PASS,help_content.py: Invarianten ok
540,k10_regression_shield,14,PASS,Regressionsschild intakt
541,k1_first_run_path,11,PASS,Erststartpfad ok
542,k2_booking_lifecycle,11,PASS,Lebenszyklus ok
543,k3_bundle_roundtrip,5,PASS,Bundle-Rundlauf ok
544,k4_guide_coverage,10,PASS,de-Guide deckt Kernfunktionen
545,k5_help_wiki,11,PASS,Wiki-Topic ok
546,k6_text_quality,200,PASS,de: 40 Werte sauber
547,k7_update_path,6,PASS,Update-Pfad ok
548,k8_key_discipline,60,PASS,Schluesseldisziplin ok
549,k9_dialog_invariants,3,PASS,help_dialog.py: Invarianten ok
550,k10_regression_shield,14,PASS,Regressionsschild intakt
551,k1_first_run_path,11,PASS,Erststartpfad ok
552,k2_booking_lifecycle,11,PASS,Lebenszyklus ok
553,k3_bundle_roundtrip,5,PASS,Bundle-Rundlauf ok
554,k4_guide_coverage,10,PASS,en-Guide deckt Kernfunktionen
555,k5_help_wiki,11,PASS,Wiki-Topic ok
556,k6_text_quality,182,PASS,en: 40 Werte sauber
557,k7_update_path,6,PASS,Update-Pfad ok
558,k8_key_discipline,60,PASS,Schluesseldisziplin ok
559,k9_dialog_invariants,3,PASS,language_select_dialog.py: Invarianten ok
560,k10_regression_shield,14,PASS,Regressionsschild intakt
561,k1_first_run_path,11,PASS,Erststartpfad ok
562,k2_booking_lifecycle,11,PASS,Lebenszyklus ok
563,k3_bundle_roundtrip,5,PASS,Bundle-Rundlauf ok
564,k4_guide_coverage,10,PASS,fr-Guide deckt Kernfunktionen
565,k5_help_wiki,11,PASS,Wiki-Topic ok
566,k6_text_quality,200,PASS,fr: 40 Werte sauber
567,k7_update_path,6,PASS,Update-Pfad ok
568,k8_key_discipline,60,PASS,Schluesseldisziplin ok
569,k9_dialog_invariants,7,PASS,login_dialog.py: Invarianten ok
570,k10_regression_shield,14,PASS,Regressionsschild intakt
571,k1_first_run_path,11,PASS,Erststartpfad ok
572,k2_booking_lifecycle,11,PASS,Lebenszyklus ok
573,k3_bundle_roundtrip,5,PASS,Bundle-Rundlauf ok
574,k4_guide_coverage,10,PASS,de-Guide deckt Kernfunktionen
575,k5_help_wiki,11,PASS,Wiki-Topic ok
576,k6_text_quality,200,PASS,de: 40 Werte sauber
577,k7_update_path,6,PASS,Update-Pfad ok
578,k8_key_discipline,65,PASS,Schluesseldisziplin ok
579,k9_dialog_invariants,5,PASS,main_window.py: Invarianten ok
580,k10_regression_shield,14,PASS,Regressionsschild intakt
581,k1_first_run_path,11,PASS,Erststartpfad ok
582,k2_booking_lifecycle,11,PASS,Lebenszyklus ok
583,k3_bundle_roundtrip,5,PASS,Bundle-Rundlauf ok
584,k4_guide_coverage,10,PASS,en-Guide deckt Kernfunktionen
585,k5_help_wiki,11,PASS,Wiki-Topic ok
586,k6_text_quality,200,PASS,en: 40 Werte sauber
587,k7_update_path,6,PASS,Update-Pfad ok
588,k8_key_discipline,60,PASS,Schluesseldisziplin ok
589,k9_dialog_invariants,3,PASS,month_close_dialog.py: Invarianten ok
590,k10_regression_shield,14,PASS,Regressionsschild intakt
591,k1_first_run_path,11,PASS,Erststartpfad ok
592,k2_booking_lifecycle,11,PASS,Lebenszyklus ok
593,k3_bundle_roundtrip,5,PASS,Bundle-Rundlauf ok
594,k4_guide_coverage,10,PASS,fr-Guide deckt Kernfunktionen
595,k5_help_wiki,11,PASS,Wiki-Topic ok
596,k6_text_quality,200,PASS,fr: 40 Werte sauber
597,k7_update_path,6,PASS,Update-Pfad ok
598,k8_key_discipline,62,PASS,Schluesseldisziplin ok
599,k9_dialog_invariants,3,PASS,quick_add_dialog.py: Invarianten ok
600,k10_regression_shield,14,PASS,Regressionsschild intakt
601,k1_first_run_path,11,PASS,Erststartpfad ok
602,k2_booking_lifecycle,11,PASS,Lebenszyklus ok
603,k3_bundle_roundtrip,5,PASS,Bundle-Rundlauf ok
604,k4_guide_coverage,10,PASS,de-Guide deckt Kernfunktionen
605,k5_help_wiki,11,PASS,Wiki-Topic ok
606,k6_text_quality,200,PASS,de: 40 Werte sauber
607,k7_update_path,6,PASS,Update-Pfad ok
608,k8_key_discipline,60,PASS,Schluesseldisziplin ok
609,k9_dialog_invariants,1,PASS,reauth.py: Invarianten ok
610,k10_regression_shield,14,PASS,Regressionsschild intakt
611,k1_first_run_path,11,PASS,Erststartpfad ok
612,k2_booking_lifecycle,11,PASS,Lebenszyklus ok
613,k3_bundle_roundtrip,5,PASS,Bundle-Rundlauf ok
614,k4_guide_coverage,10,PASS,en-Guide deckt Kernfunktionen
615,k5_help_wiki,11,PASS,Wiki-Topic ok
616,k6_text_quality,200,PASS,en: 40 Werte sauber
617,k7_update_path,6,PASS,Update-Pfad ok
618,k8_key_discipline,57,PASS,Schluesseldisziplin ok
619,k9_dialog_invariants,3,PASS,recurring_bookings_dialog.py: Invarianten ok
620,k10_regression_shield,14,PASS,Regressionsschild intakt
621,k1_first_run_path,11,PASS,Erststartpfad ok
622,k2_booking_lifecycle,11,PASS,Lebenszyklus ok
623,k3_bundle_roundtrip,5,PASS,Bundle-Rundlauf ok
624,k4_guide_coverage,10,PASS,fr-Guide deckt Kernfunktionen
625,k5_help_wiki,11,PASS,Wiki-Topic ok
626,k6_text_quality,95,PASS,fr: 19 Werte sauber
627,k7_update_path,6,PASS,Update-Pfad ok
628,k8_key_discipline,14,PASS,Schluesseldisziplin ok
629,k9_dialog_invariants,3,PASS,restore_key_dialog.py: Invarianten ok
630,k10_regression_shield,14,PASS,Regressionsschild intakt
631,k1_first_run_path,11,PASS,Erststartpfad ok
632,k2_booking_lifecycle,11,PASS,Lebenszyklus ok
633,k3_bundle_roundtrip,5,PASS,Bundle-Rundlauf ok
634,k4_guide_coverage,10,PASS,de-Guide deckt Kernfunktionen
635,k5_help_wiki,11,PASS,Wiki-Topic ok
636,k6_text_quality,200,PASS,de: 40 Werte sauber
637,k7_update_path,6,PASS,Update-Pfad ok
638,k8_key_discipline,61,PASS,Schluesseldisziplin ok
639,k9_dialog_invariants,1,PASS,savings_goal_messages.py: Invarianten ok
640,k10_regression_shield,14,PASS,Regressionsschild intakt
641,k1_first_run_path,11,PASS,Erststartpfad ok
642,k2_booking_lifecycle,11,PASS,Lebenszyklus ok
643,k3_bundle_roundtrip,5,PASS,Bundle-Rundlauf ok
644,k4_guide_coverage,10,PASS,en-Guide deckt Kernfunktionen
645,k5_help_wiki,11,PASS,Wiki-Topic ok
646,k6_text_quality,194,PASS,en: 40 Werte sauber
647,k7_update_path,6,PASS,Update-Pfad ok
648,k8_key_discipline,61,PASS,Schluesseldisziplin ok
649,k9_dialog_invariants,7,PASS,savings_goals_dialog.py: Invarianten ok
650,k10_regression_shield,14,PASS,Regressionsschild intakt
651,k1_first_run_path,11,PASS,Erststartpfad ok
652,k2_booking_lifecycle,11,PASS,Lebenszyklus ok
653,k3_bundle_roundtrip,5,PASS,Bundle-Rundlauf ok
654,k4_guide_coverage,10,PASS,fr-Guide deckt Kernfunktionen
655,k5_help_wiki,11,PASS,Wiki-Topic ok
656,k6_text_quality,197,PASS,fr: 40 Werte sauber
657,k7_update_path,6,PASS,Update-Pfad ok
658,k8_key_discipline,60,PASS,Schluesseldisziplin ok
659,k9_dialog_invariants,3,PASS,setup_assistant_dialog.py: Invarianten ok
660,k10_regression_shield,14,PASS,Regressionsschild intakt
661,k1_first_run_path,11,PASS,Erststartpfad ok
662,k2_booking_lifecycle,11,PASS,Lebenszyklus ok
663,k3_bundle_roundtrip,5,PASS,Bundle-Rundlauf ok
664,k4_guide_coverage,10,PASS,de-Guide deckt Kernfunktionen
665,k5_help_wiki,11,PASS,Wiki-Topic ok
666,k6_text_quality,185,PASS,de: 40 Werte sauber
667,k7_update_path,6,PASS,Update-Pfad ok
668,k8_key_discipline,60,PASS,Schluesseldisziplin ok
669,k9_dialog_invariants,3,PASS,shortcuts_dialog.py: Invarianten ok
670,k10_regression_shield,14,PASS,Regressionsschild intakt
671,k1_first_run_path,11,PASS,Erststartpfad ok
672,k2_booking_lifecycle,11,PASS,Lebenszyklus ok
673,k3_bundle_roundtrip,5,PASS,Bundle-Rundlauf ok
674,k4_guide_coverage,10,PASS,en-Guide deckt Kernfunktionen
675,k5_help_wiki,11,PASS,Wiki-Topic ok
676,k6_text_quality,182,PASS,en: 40 Werte sauber
677,k7_update_path,6,PASS,Update-Pfad ok
678,k8_key_discipline,60,PASS,Schluesseldisziplin ok
679,k9_dialog_invariants,3,PASS,special_income_dialog.py: Invarianten ok
680,k10_regression_shield,14,PASS,Regressionsschild intakt
681,k1_first_run_path,11,PASS,Erststartpfad ok
682,k2_booking_lifecycle,11,PASS,Lebenszyklus ok
683,k3_bundle_roundtrip,5,PASS,Bundle-Rundlauf ok
684,k4_guide_coverage,10,PASS,fr-Guide deckt Kernfunktionen
685,k5_help_wiki,11,PASS,Wiki-Topic ok
686,k6_text_quality,200,PASS,fr: 40 Werte sauber
687,k7_update_path,6,PASS,Update-Pfad ok
688,k8_key_discipline,60,PASS,Schluesseldisziplin ok
689,k9_dialog_invariants,3,PASS,startup_wizard.py: Invarianten ok
690,k10_regression_shield,14,PASS,Regressionsschild intakt
691,k1_first_run_path,11,PASS,Erststartpfad ok
692,k2_booking_lifecycle,11,PASS,Lebenszyklus ok
693,k3_bundle_roundtrip,5,PASS,Bundle-Rundlauf ok
694,k4_guide_coverage,10,PASS,de-Guide deckt Kernfunktionen
695,k5_help_wiki,11,PASS,Wiki-Topic ok
696,k6_text_quality,191,PASS,de: 40 Werte sauber
697,k7_update_path,6,PASS,Update-Pfad ok
698,k8_key_discipline,62,PASS,Schluesseldisziplin ok
699,k9_dialog_invariants,3,PASS,tags_manager_dialog.py: Invarianten ok
700,k10_regression_shield,14,PASS,Regressionsschild intakt
701,k1_first_run_path,11,PASS,Erststartpfad ok
702,k2_booking_lifecycle,11,PASS,Lebenszyklus ok
703,k3_bundle_roundtrip,5,PASS,Bundle-Rundlauf ok
704,k4_guide_coverage,10,PASS,en-Guide deckt Kernfunktionen
705,k5_help_wiki,11,PASS,Wiki-Topic ok
706,k6_text_quality,200,PASS,en: 40 Werte sauber
707,k7_update_path,6,PASS,Update-Pfad ok
708,k8_key_discipline,68,PASS,Schluesseldisziplin ok
709,k9_dialog_invariants,3,PASS,theme_editor_dialog.py: Invarianten ok
710,k10_regression_shield,14,PASS,Regressionsschild intakt
711,k1_first_run_path,11,PASS,Erststartpfad ok
712,k2_booking_lifecycle,11,PASS,Lebenszyklus ok
713,k3_bundle_roundtrip,5,PASS,Bundle-Rundlauf ok
714,k4_guide_coverage,10,PASS,fr-Guide deckt Kernfunktionen
715,k5_help_wiki,11,PASS,Wiki-Topic ok
716,k6_text_quality,200,PASS,fr: 40 Werte sauber
717,k7_update_path,6,PASS,Update-Pfad ok
718,k8_key_discipline,62,PASS,Schluesseldisziplin ok
719,k9_dialog_invariants,1,PASS,type_color_helper.py: Invarianten ok
720,k10_regression_shield,14,PASS,Regressionsschild intakt
721,k1_first_run_path,11,PASS,Erststartpfad ok
722,k2_booking_lifecycle,11,PASS,Lebenszyklus ok
723,k3_bundle_roundtrip,5,PASS,Bundle-Rundlauf ok
724,k4_guide_coverage,10,PASS,de-Guide deckt Kernfunktionen
725,k5_help_wiki,11,PASS,Wiki-Topic ok
726,k6_text_quality,200,PASS,de: 40 Werte sauber
727,k7_update_path,6,PASS,Update-Pfad ok
728,k8_key_discipline,61,PASS,Schluesseldisziplin ok
729,k9_dialog_invariants,1,PASS,ui_colors.py: Invarianten ok
730,k10_regression_shield,14,PASS,Regressionsschild intakt
731,k1_first_run_path,11,PASS,Erststartpfad ok
732,k2_booking_lifecycle,11,PASS,Lebenszyklus ok
733,k3_bundle_roundtrip,5,PASS,Bundle-Rundlauf ok
734,k4_guide_coverage,10,PASS,en-Guide deckt Kernfunktionen
735,k5_help_wiki,11,PASS,Wiki-Topic ok
736,k6_text_quality,197,PASS,en: 40 Werte sauber
737,k7_update_path,6,PASS,Update-Pfad ok
738,k8_key_discipline,60,PASS,Schluesseldisziplin ok
739,k9_dialog_invariants,3,PASS,update_dialog.py: Invarianten ok
740,k10_regression_shield,14,PASS,Regressionsschild intakt
741,k1_first_run_path,11,PASS,Erststartpfad ok
742,k2_booking_lifecycle,11,PASS,Lebenszyklus ok
743,k3_bundle_roundtrip,5,PASS,Bundle-Rundlauf ok
744,k4_guide_coverage,10,PASS,fr-Guide deckt Kernfunktionen
745,k5_help_wiki,11,PASS,Wiki-Topic ok
746,k6_text_quality,200,PASS,fr: 40 Werte sauber
747,k7_update_path,6,PASS,Update-Pfad ok
748,k8_key_discipline,60,PASS,Schluesseldisziplin ok
749,k9_dialog_invariants,1,PASS,account_data_hub.py: Invarianten ok
750,k10_regression_shield,14,PASS,Regressionsschild intakt
751,k1_first_run_path,11,PASS,Erststartpfad ok
752,k2_booking_lifecycle,11,PASS,Lebenszyklus ok
753,k3_bundle_roundtrip,5,PASS,Bundle-Rundlauf ok
754,k4_guide_coverage,10,PASS,de-Guide deckt Kernfunktionen
755,k5_help_wiki,11,PASS,Wiki-Topic ok
756,k6_text_quality,200,PASS,de: 40 Werte sauber
757,k7_update_path,6,PASS,Update-Pfad ok
758,k8_key_discipline,60,PASS,Schluesseldisziplin ok
759,k9_dialog_invariants,3,PASS,account_management_dialog.py: Invarianten ok
760,k10_regression_shield,14,PASS,Regressionsschild intakt
761,k1_first_run_path,11,PASS,Erststartpfad ok
762,k2_booking_lifecycle,11,PASS,Lebenszyklus ok
763,k3_bundle_roundtrip,5,PASS,Bundle-Rundlauf ok
764,k4_guide_coverage,10,PASS,en-Guide deckt Kernfunktionen
765,k5_help_wiki,11,PASS,Wiki-Topic ok
766,k6_text_quality,200,PASS,en: 40 Werte sauber
767,k7_update_path,6,PASS,Update-Pfad ok
768,k8_key_discipline,60,PASS,Schluesseldisziplin ok
769,k9_dialog_invariants,3,PASS,backup_restore_dialog.py: Invarianten ok
770,k10_regression_shield,14,PASS,Regressionsschild intakt
771,k1_first_run_path,11,PASS,Erststartpfad ok
772,k2_booking_lifecycle,11,PASS,Lebenszyklus ok
773,k3_bundle_roundtrip,5,PASS,Bundle-Rundlauf ok
774,k4_guide_coverage,10,PASS,fr-Guide deckt Kernfunktionen
775,k5_help_wiki,11,PASS,Wiki-Topic ok
776,k6_text_quality,200,PASS,fr: 40 Werte sauber
777,k7_update_path,6,PASS,Update-Pfad ok
778,k8_key_discipline,71,PASS,Schluesseldisziplin ok
779,k9_dialog_invariants,5,PASS,budget_adjustment_dialog.py: Invarianten ok
780,k10_regression_shield,14,PASS,Regressionsschild intakt
781,k1_first_run_path,11,PASS,Erststartpfad ok
782,k2_booking_lifecycle,11,PASS,Lebenszyklus ok
783,k3_bundle_roundtrip,5,PASS,Bundle-Rundlauf ok
784,k4_guide_coverage,10,PASS,de-Guide deckt Kernfunktionen
785,k5_help_wiki,11,PASS,Wiki-Topic ok
786,k6_text_quality,194,PASS,de: 40 Werte sauber
787,k7_update_path,6,PASS,Update-Pfad ok
788,k8_key_discipline,70,PASS,Schluesseldisziplin ok
789,k9_dialog_invariants,5,PASS,budget_entry_dialog_extended.py: Invarianten ok
790,k10_regression_shield,14,PASS,Regressionsschild intakt
791,k1_first_run_path,11,PASS,Erststartpfad ok
792,k2_booking_lifecycle,11,PASS,Lebenszyklus ok
793,k3_bundle_roundtrip,5,PASS,Bundle-Rundlauf ok
794,k4_guide_coverage,10,PASS,en-Guide deckt Kernfunktionen
795,k5_help_wiki,11,PASS,Wiki-Topic ok
796,k6_text_quality,200,PASS,en: 40 Werte sauber
797,k7_update_path,6,PASS,Update-Pfad ok
798,k8_key_discipline,60,PASS,Schluesseldisziplin ok
799,k9_dialog_invariants,3,PASS,budget_fill_dialog.py: Invarianten ok
800,k10_regression_shield,14,PASS,Regressionsschild intakt
801,k1_first_run_path,11,PASS,Erststartpfad ok
802,k2_booking_lifecycle,11,PASS,Lebenszyklus ok
803,k3_bundle_roundtrip,5,PASS,Bundle-Rundlauf ok
804,k4_guide_coverage,10,PASS,fr-Guide deckt Kernfunktionen
805,k5_help_wiki,11,PASS,Wiki-Topic ok
806,k6_text_quality,200,PASS,fr: 40 Werte sauber
807,k7_update_path,6,PASS,Update-Pfad ok
808,k8_key_discipline,60,PASS,Schluesseldisziplin ok
809,k9_dialog_invariants,3,PASS,category_delete_dialog.py: Invarianten ok
810,k10_regression_shield,14,PASS,Regressionsschild intakt
811,k1_first_run_path,11,PASS,Erststartpfad ok
812,k2_booking_lifecycle,11,PASS,Lebenszyklus ok
813,k3_bundle_roundtrip,5,PASS,Bundle-Rundlauf ok
814,k4_guide_coverage,10,PASS,de-Guide deckt Kernfunktionen
815,k5_help_wiki,11,PASS,Wiki-Topic ok
816,k6_text_quality,200,PASS,de: 40 Werte sauber
817,k7_update_path,6,PASS,Update-Pfad ok
818,k8_key_discipline,61,PASS,Schluesseldisziplin ok
819,k9_dialog_invariants,1,PASS,category_excel_io.py: Invarianten ok
820,k10_regression_shield,14,PASS,Regressionsschild intakt
821,k1_first_run_path,11,PASS,Erststartpfad ok
822,k2_booking_lifecycle,11,PASS,Lebenszyklus ok
823,k3_bundle_roundtrip,5,PASS,Bundle-Rundlauf ok
824,k4_guide_coverage,10,PASS,en-Guide deckt Kernfunktionen
825,k5_help_wiki,11,PASS,Wiki-Topic ok
826,k6_text_quality,194,PASS,en: 40 Werte sauber
827,k7_update_path,6,PASS,Update-Pfad ok
828,k8_key_discipline,78,PASS,Schluesseldisziplin ok
829,k9_dialog_invariants,3,PASS,category_manager_dialog.py: Invarianten ok
830,k10_regression_shield,14,PASS,Regressionsschild intakt
831,k1_first_run_path,11,PASS,Erststartpfad ok
832,k2_booking_lifecycle,11,PASS,Lebenszyklus ok
833,k3_bundle_roundtrip,5,PASS,Bundle-Rundlauf ok
834,k4_guide_coverage,10,PASS,fr-Guide deckt Kernfunktionen
835,k5_help_wiki,11,PASS,Wiki-Topic ok
836,k6_text_quality,200,PASS,fr: 40 Werte sauber
837,k7_update_path,6,PASS,Update-Pfad ok
838,k8_key_discipline,60,PASS,Schluesseldisziplin ok
839,k9_dialog_invariants,1,PASS,category_picker.py: Invarianten ok
840,k10_regression_shield,14,PASS,Regressionsschild intakt
841,k1_first_run_path,11,PASS,Erststartpfad ok
842,k2_booking_lifecycle,11,PASS,Lebenszyklus ok
843,k3_bundle_roundtrip,5,PASS,Bundle-Rundlauf ok
844,k4_guide_coverage,10,PASS,de-Guide deckt Kernfunktionen
845,k5_help_wiki,11,PASS,Wiki-Topic ok
846,k6_text_quality,200,PASS,de: 40 Werte sauber
847,k7_update_path,6,PASS,Update-Pfad ok
848,k8_key_discipline,60,PASS,Schluesseldisziplin ok
849,k9_dialog_invariants,7,PASS,category_properties_dialog.py: Invarianten ok
850,k10_regression_shield,14,PASS,Regressionsschild intakt
851,k1_first_run_path,11,PASS,Erststartpfad ok
852,k2_booking_lifecycle,11,PASS,Lebenszyklus ok
853,k3_bundle_roundtrip,5,PASS,Bundle-Rundlauf ok
854,k4_guide_coverage,10,PASS,en-Guide deckt Kernfunktionen
855,k5_help_wiki,11,PASS,Wiki-Topic ok
856,k6_text_quality,200,PASS,en: 40 Werte sauber
857,k7_update_path,6,PASS,Update-Pfad ok
858,k8_key_discipline,60,PASS,Schluesseldisziplin ok
859,k9_dialog_invariants,3,PASS,copy_year_dialog.py: Invarianten ok
860,k10_regression_shield,14,PASS,Regressionsschild intakt
861,k1_first_run_path,11,PASS,Erststartpfad ok
862,k2_booking_lifecycle,11,PASS,Lebenszyklus ok
863,k3_bundle_roundtrip,5,PASS,Bundle-Rundlauf ok
864,k4_guide_coverage,10,PASS,fr-Guide deckt Kernfunktionen
865,k5_help_wiki,11,PASS,Wiki-Topic ok
866,k6_text_quality,200,PASS,fr: 40 Werte sauber
867,k7_update_path,6,PASS,Update-Pfad ok
868,k8_key_discipline,60,PASS,Schluesseldisziplin ok
869,k9_dialog_invariants,3,PASS,database_management_dialog.py: Invarianten ok
870,k10_regression_shield,14,PASS,Regressionsschild intakt
871,k1_first_run_path,11,PASS,Erststartpfad ok
872,k2_booking_lifecycle,11,PASS,Lebenszyklus ok
873,k3_bundle_roundtrip,5,PASS,Bundle-Rundlauf ok
874,k4_guide_coverage,10,PASS,de-Guide deckt Kernfunktionen
875,k5_help_wiki,11,PASS,Wiki-Topic ok
876,k6_text_quality,200,PASS,de: 40 Werte sauber
877,k7_update_path,6,PASS,Update-Pfad ok
878,k8_key_discipline,60,PASS,Schluesseldisziplin ok
879,k9_dialog_invariants,3,PASS,export_dialog.py: Invarianten ok
880,k10_regression_shield,14,PASS,Regressionsschild intakt
881,k1_first_run_path,11,PASS,Erststartpfad ok
882,k2_booking_lifecycle,11,PASS,Lebenszyklus ok
883,k3_bundle_roundtrip,5,PASS,Bundle-Rundlauf ok
884,k4_guide_coverage,10,PASS,en-Guide deckt Kernfunktionen
885,k5_help_wiki,11,PASS,Wiki-Topic ok
886,k6_text_quality,200,PASS,en: 40 Werte sauber
887,k7_update_path,6,PASS,Update-Pfad ok
888,k8_key_discipline,60,PASS,Schluesseldisziplin ok
889,k9_dialog_invariants,3,PASS,favorites_dashboard_dialog.py: Invarianten ok
890,k10_regression_shield,14,PASS,Regressionsschild intakt
891,k1_first_run_path,11,PASS,Erststartpfad ok
892,k2_booking_lifecycle,11,PASS,Lebenszyklus ok
893,k3_bundle_roundtrip,5,PASS,Bundle-Rundlauf ok
894,k4_guide_coverage,10,PASS,fr-Guide deckt Kernfunktionen
895,k5_help_wiki,11,PASS,Wiki-Topic ok
896,k6_text_quality,191,PASS,fr: 40 Werte sauber
897,k7_update_path,6,PASS,Update-Pfad ok
898,k8_key_discipline,60,PASS,Schluesseldisziplin ok
899,k9_dialog_invariants,3,PASS,global_search_dialog.py: Invarianten ok
900,k10_regression_shield,14,PASS,Regressionsschild intakt
901,k1_first_run_path,11,PASS,Erststartpfad ok
902,k2_booking_lifecycle,11,PASS,Lebenszyklus ok
903,k3_bundle_roundtrip,5,PASS,Bundle-Rundlauf ok
904,k4_guide_coverage,10,PASS,de-Guide deckt Kernfunktionen
905,k5_help_wiki,11,PASS,Wiki-Topic ok
906,k6_text_quality,188,PASS,de: 40 Werte sauber
907,k7_update_path,6,PASS,Update-Pfad ok
908,k8_key_discipline,60,PASS,Schluesseldisziplin ok
909,k9_dialog_invariants,1,PASS,help_content.py: Invarianten ok
910,k10_regression_shield,14,PASS,Regressionsschild intakt
911,k1_first_run_path,11,PASS,Erststartpfad ok
912,k2_booking_lifecycle,11,PASS,Lebenszyklus ok
913,k3_bundle_roundtrip,5,PASS,Bundle-Rundlauf ok
914,k4_guide_coverage,10,PASS,en-Guide deckt Kernfunktionen
915,k5_help_wiki,11,PASS,Wiki-Topic ok
916,k6_text_quality,191,PASS,en: 40 Werte sauber
917,k7_update_path,6,PASS,Update-Pfad ok
918,k8_key_discipline,65,PASS,Schluesseldisziplin ok
919,k9_dialog_invariants,3,PASS,help_dialog.py: Invarianten ok
920,k10_regression_shield,14,PASS,Regressionsschild intakt
921,k1_first_run_path,11,PASS,Erststartpfad ok
922,k2_booking_lifecycle,11,PASS,Lebenszyklus ok
923,k3_bundle_roundtrip,5,PASS,Bundle-Rundlauf ok
924,k4_guide_coverage,10,PASS,fr-Guide deckt Kernfunktionen
925,k5_help_wiki,11,PASS,Wiki-Topic ok
926,k6_text_quality,200,PASS,fr: 40 Werte sauber
927,k7_update_path,6,PASS,Update-Pfad ok
928,k8_key_discipline,66,PASS,Schluesseldisziplin ok
929,k9_dialog_invariants,3,PASS,language_select_dialog.py: Invarianten ok
930,k10_regression_shield,14,PASS,Regressionsschild intakt
931,k1_first_run_path,11,PASS,Erststartpfad ok
932,k2_booking_lifecycle,11,PASS,Lebenszyklus ok
933,k3_bundle_roundtrip,5,PASS,Bundle-Rundlauf ok
934,k4_guide_coverage,10,PASS,de-Guide deckt Kernfunktionen
935,k5_help_wiki,11,PASS,Wiki-Topic ok
936,k6_text_quality,197,PASS,de: 40 Werte sauber
937,k7_update_path,6,PASS,Update-Pfad ok
938,k8_key_discipline,65,PASS,Schluesseldisziplin ok
939,k9_dialog_invariants,7,PASS,login_dialog.py: Invarianten ok
940,k10_regression_shield,14,PASS,Regressionsschild intakt
941,k1_first_run_path,11,PASS,Erststartpfad ok
942,k2_booking_lifecycle,11,PASS,Lebenszyklus ok
943,k3_bundle_roundtrip,5,PASS,Bundle-Rundlauf ok
944,k4_guide_coverage,10,PASS,en-Guide deckt Kernfunktionen
945,k5_help_wiki,11,PASS,Wiki-Topic ok
946,k6_text_quality,191,PASS,en: 40 Werte sauber
947,k7_update_path,6,PASS,Update-Pfad ok
948,k8_key_discipline,60,PASS,Schluesseldisziplin ok
949,k9_dialog_invariants,5,PASS,main_window.py: Invarianten ok
950,k10_regression_shield,14,PASS,Regressionsschild intakt
951,k1_first_run_path,11,PASS,Erststartpfad ok
952,k2_booking_lifecycle,11,PASS,Lebenszyklus ok
953,k3_bundle_roundtrip,5,PASS,Bundle-Rundlauf ok
954,k4_guide_coverage,10,PASS,fr-Guide deckt Kernfunktionen
955,k5_help_wiki,11,PASS,Wiki-Topic ok
956,k6_text_quality,200,PASS,fr: 40 Werte sauber
957,k7_update_path,6,PASS,Update-Pfad ok
958,k8_key_discipline,60,PASS,Schluesseldisziplin ok
959,k9_dialog_invariants,3,PASS,month_close_dialog.py: Invarianten ok
960,k10_regression_shield,14,PASS,Regressionsschild intakt
961,k1_first_run_path,11,PASS,Erststartpfad ok
962,k2_booking_lifecycle,11,PASS,Lebenszyklus ok
963,k3_bundle_roundtrip,5,PASS,Bundle-Rundlauf ok
964,k4_guide_coverage,10,PASS,de-Guide deckt Kernfunktionen
965,k5_help_wiki,11,PASS,Wiki-Topic ok
966,k6_text_quality,197,PASS,de: 40 Werte sauber
967,k7_update_path,6,PASS,Update-Pfad ok
968,k8_key_discipline,60,PASS,Schluesseldisziplin ok
969,k9_dialog_invariants,3,PASS,quick_add_dialog.py: Invarianten ok
970,k10_regression_shield,14,PASS,Regressionsschild intakt
971,k1_first_run_path,11,PASS,Erststartpfad ok
972,k2_booking_lifecycle,11,PASS,Lebenszyklus ok
973,k3_bundle_roundtrip,5,PASS,Bundle-Rundlauf ok
974,k4_guide_coverage,10,PASS,en-Guide deckt Kernfunktionen
975,k5_help_wiki,11,PASS,Wiki-Topic ok
976,k6_text_quality,200,PASS,en: 40 Werte sauber
977,k7_update_path,6,PASS,Update-Pfad ok
978,k8_key_discipline,61,PASS,Schluesseldisziplin ok
979,k9_dialog_invariants,1,PASS,reauth.py: Invarianten ok
980,k10_regression_shield,14,PASS,Regressionsschild intakt
981,k1_first_run_path,11,PASS,Erststartpfad ok
982,k2_booking_lifecycle,11,PASS,Lebenszyklus ok
983,k3_bundle_roundtrip,5,PASS,Bundle-Rundlauf ok
984,k4_guide_coverage,10,PASS,fr-Guide deckt Kernfunktionen
985,k5_help_wiki,11,PASS,Wiki-Topic ok
986,k6_text_quality,197,PASS,fr: 40 Werte sauber
987,k7_update_path,6,PASS,Update-Pfad ok
988,k8_key_discipline,60,PASS,Schluesseldisziplin ok
989,k9_dialog_invariants,3,PASS,recurring_bookings_dialog.py: Invarianten ok
990,k10_regression_shield,14,PASS,Regressionsschild intakt
991,k1_first_run_path,11,PASS,Erststartpfad ok
992,k2_booking_lifecycle,11,PASS,Lebenszyklus ok
993,k3_bundle_roundtrip,5,PASS,Bundle-Rundlauf ok
994,k4_guide_coverage,10,PASS,de-Guide deckt Kernfunktionen
995,k5_help_wiki,11,PASS,Wiki-Topic ok
996,k6_text_quality,197,PASS,de: 40 Werte sauber
997,k7_update_path,6,PASS,Update-Pfad ok
998,k8_key_discipline,66,PASS,Schluesseldisziplin ok
999,k9_dialog_invariants,3,PASS,restore_key_dialog.py: Invarianten ok
1000,k10_regression_shield,14,PASS,Regressionsschild intakt
1001,k1_first_run_path,11,PASS,Erststartpfad ok
1002,k2_booking_lifecycle,11,PASS,Lebenszyklus ok
1003,k3_bundle_roundtrip,5,PASS,Bundle-Rundlauf ok
1004,k4_guide_coverage,10,PASS,en-Guide deckt Kernfunktionen
1005,k5_help_wiki,11,PASS,Wiki-Topic ok
1006,k6_text_quality,197,PASS,en: 40 Werte sauber
1007,k7_update_path,6,PASS,Update-Pfad ok
1008,k8_key_discipline,68,PASS,Schluesseldisziplin ok
1009,k9_dialog_invariants,1,PASS,savings_goal_messages.py: Invarianten ok
1010,k10_regression_shield,14,PASS,Regressionsschild intakt
1011,k1_first_run_path,11,PASS,Erststartpfad ok
1012,k2_booking_lifecycle,11,PASS,Lebenszyklus ok
1013,k3_bundle_roundtrip,5,PASS,Bundle-Rundlauf ok
1014,k4_guide_coverage,10,PASS,fr-Guide deckt Kernfunktionen
1015,k5_help_wiki,11,PASS,Wiki-Topic ok
1016,k6_text_quality,185,PASS,fr: 40 Werte sauber
1017,k7_update_path,6,PASS,Update-Pfad ok
1018,k8_key_discipline,62,PASS,Schluesseldisziplin ok
1019,k9_dialog_invariants,7,PASS,savings_goals_dialog.py: Invarianten ok
1020,k10_regression_shield,14,PASS,Regressionsschild intakt
1021,k1_first_run_path,11,PASS,Erststartpfad ok
1022,k2_booking_lifecycle,11,PASS,Lebenszyklus ok
1023,k3_bundle_roundtrip,5,PASS,Bundle-Rundlauf ok
1024,k4_guide_coverage,10,PASS,de-Guide deckt Kernfunktionen
1025,k5_help_wiki,11,PASS,Wiki-Topic ok
1026,k6_text_quality,197,PASS,de: 40 Werte sauber
1027,k7_update_path,6,PASS,Update-Pfad ok
1028,k8_key_discipline,70,PASS,Schluesseldisziplin ok
1029,k9_dialog_invariants,3,PASS,setup_assistant_dialog.py: Invarianten ok
1030,k10_regression_shield,14,PASS,Regressionsschild intakt
1031,k1_first_run_path,11,PASS,Erststartpfad ok
1032,k2_booking_lifecycle,11,PASS,Lebenszyklus ok
1033,k3_bundle_roundtrip,5,PASS,Bundle-Rundlauf ok
1034,k4_guide_coverage,10,PASS,en-Guide deckt Kernfunktionen
1035,k5_help_wiki,11,PASS,Wiki-Topic ok
1036,k6_text_quality,200,PASS,en: 40 Werte sauber
1037,k7_update_path,6,PASS,Update-Pfad ok
1038,k8_key_discipline,60,PASS,Schluesseldisziplin ok
1039,k9_dialog_invariants,3,PASS,shortcuts_dialog.py: Invarianten ok
1040,k10_regression_shield,14,PASS,Regressionsschild intakt
1041,k1_first_run_path,11,PASS,Erststartpfad ok
1042,k2_booking_lifecycle,11,PASS,Lebenszyklus ok
1043,k3_bundle_roundtrip,5,PASS,Bundle-Rundlauf ok
1044,k4_guide_coverage,10,PASS,fr-Guide deckt Kernfunktionen
1045,k5_help_wiki,11,PASS,Wiki-Topic ok
1046,k6_text_quality,200,PASS,fr: 40 Werte sauber
1047,k7_update_path,6,PASS,Update-Pfad ok
1048,k8_key_discipline,60,PASS,Schluesseldisziplin ok
1049,k9_dialog_invariants,3,PASS,special_income_dialog.py: Invarianten ok
1050,k10_regression_shield,14,PASS,Regressionsschild intakt
1051,k1_first_run_path,11,PASS,Erststartpfad ok
1052,k2_booking_lifecycle,11,PASS,Lebenszyklus ok
1053,k3_bundle_roundtrip,5,PASS,Bundle-Rundlauf ok
1054,k4_guide_coverage,10,PASS,de-Guide deckt Kernfunktionen
1055,k5_help_wiki,11,PASS,Wiki-Topic ok
1056,k6_text_quality,197,PASS,de: 40 Werte sauber
1057,k7_update_path,6,PASS,Update-Pfad ok
1058,k8_key_discipline,60,PASS,Schluesseldisziplin ok
1059,k9_dialog_invariants,3,PASS,startup_wizard.py: Invarianten ok
1060,k10_regression_shield,14,PASS,Regressionsschild intakt
1061,k1_first_run_path,11,PASS,Erststartpfad ok
1062,k2_booking_lifecycle,11,PASS,Lebenszyklus ok
1063,k3_bundle_roundtrip,5,PASS,Bundle-Rundlauf ok
1064,k4_guide_coverage,10,PASS,en-Guide deckt Kernfunktionen
1065,k5_help_wiki,11,PASS,Wiki-Topic ok
1066,k6_text_quality,200,PASS,en: 40 Werte sauber
1067,k7_update_path,6,PASS,Update-Pfad ok
1068,k8_key_discipline,65,PASS,Schluesseldisziplin ok
1069,k9_dialog_invariants,3,PASS,tags_manager_dialog.py: Invarianten ok
1070,k10_regression_shield,14,PASS,Regressionsschild intakt
1071,k1_first_run_path,11,PASS,Erststartpfad ok
1072,k2_booking_lifecycle,11,PASS,Lebenszyklus ok
1073,k3_bundle_roundtrip,5,PASS,Bundle-Rundlauf ok
1074,k4_guide_coverage,10,PASS,fr-Guide deckt Kernfunktionen
1075,k5_help_wiki,11,PASS,Wiki-Topic ok
1076,k6_text_quality,200,PASS,fr: 40 Werte sauber
1077,k7_update_path,6,PASS,Update-Pfad ok
1078,k8_key_discipline,60,PASS,Schluesseldisziplin ok
1079,k9_dialog_invariants,3,PASS,theme_editor_dialog.py: Invarianten ok
1080,k10_regression_shield,14,PASS,Regressionsschild intakt
1081,k1_first_run_path,11,PASS,Erststartpfad ok
1082,k2_booking_lifecycle,11,PASS,Lebenszyklus ok
1083,k3_bundle_roundtrip,5,PASS,Bundle-Rundlauf ok
1084,k4_guide_coverage,10,PASS,de-Guide deckt Kernfunktionen
1085,k5_help_wiki,11,PASS,Wiki-Topic ok
1086,k6_text_quality,200,PASS,de: 40 Werte sauber
1087,k7_update_path,6,PASS,Update-Pfad ok
1088,k8_key_discipline,62,PASS,Schluesseldisziplin ok
1089,k9_dialog_invariants,1,PASS,type_color_helper.py: Invarianten ok
1090,k10_regression_shield,14,PASS,Regressionsschild intakt
1091,k1_first_run_path,11,PASS,Erststartpfad ok
1092,k2_booking_lifecycle,11,PASS,Lebenszyklus ok
1093,k3_bundle_roundtrip,5,PASS,Bundle-Rundlauf ok
1094,k4_guide_coverage,10,PASS,en-Guide deckt Kernfunktionen
1095,k5_help_wiki,11,PASS,Wiki-Topic ok
1096,k6_text_quality,188,PASS,en: 40 Werte sauber
1097,k7_update_path,6,PASS,Update-Pfad ok
1098,k8_key_discipline,60,PASS,Schluesseldisziplin ok
1099,k9_dialog_invariants,1,PASS,ui_colors.py: Invarianten ok
1100,k10_regression_shield,14,PASS,Regressionsschild intakt
1101,k1_first_run_path,11,PASS,Erststartpfad ok
1102,k2_booking_lifecycle,11,PASS,Lebenszyklus ok
1103,k3_bundle_roundtrip,5,PASS,Bundle-Rundlauf ok
1104,k4_guide_coverage,10,PASS,fr-Guide deckt Kernfunktionen
1105,k5_help_wiki,11,PASS,Wiki-Topic ok
1106,k6_text_quality,197,PASS,fr: 40 Werte sauber
1107,k7_update_path,6,PASS,Update-Pfad ok
1108,k8_key_discipline,62,PASS,Schluesseldisziplin ok
1109,k9_dialog_invariants,3,PASS,update_dialog.py: Invarianten ok
1110,k10_regression_shield,14,PASS,Regressionsschild intakt
1111,k1_first_run_path,11,PASS,Erststartpfad ok
1112,k2_booking_lifecycle,11,PASS,Lebenszyklus ok
1113,k3_bundle_roundtrip,5,PASS,Bundle-Rundlauf ok
1114,k4_guide_coverage,10,PASS,de-Guide deckt Kernfunktionen
1115,k5_help_wiki,11,PASS,Wiki-Topic ok
1116,k6_text_quality,194,PASS,de: 40 Werte sauber
1117,k7_update_path,6,PASS,Update-Pfad ok
1118,k8_key_discipline,60,PASS,Schluesseldisziplin ok
1119,k9_dialog_invariants,1,PASS,account_data_hub.py: Invarianten ok
1120,k10_regression_shield,14,PASS,Regressionsschild intakt
1121,k1_first_run_path,11,PASS,Erststartpfad ok
1122,k2_booking_lifecycle,11,PASS,Lebenszyklus ok
1123,k3_bundle_roundtrip,5,PASS,Bundle-Rundlauf ok
1124,k4_guide_coverage,10,PASS,en-Guide deckt Kernfunktionen
1125,k5_help_wiki,11,PASS,Wiki-Topic ok
1126,k6_text_quality,200,PASS,en: 40 Werte sauber
1127,k7_update_path,6,PASS,Update-Pfad ok
1128,k8_key_discipline,61,PASS,Schluesseldisziplin ok
1129,k9_dialog_invariants,3,PASS,account_management_dialog.py: Invarianten ok
1130,k10_regression_shield,14,PASS,Regressionsschild intakt
1131,k1_first_run_path,11,PASS,Erststartpfad ok
1132,k2_booking_lifecycle,11,PASS,Lebenszyklus ok
1133,k3_bundle_roundtrip,5,PASS,Bundle-Rundlauf ok
1134,k4_guide_coverage,10,PASS,fr-Guide deckt Kernfunktionen
1135,k5_help_wiki,11,PASS,Wiki-Topic ok
1136,k6_text_quality,200,PASS,fr: 40 Werte sauber
1137,k7_update_path,6,PASS,Update-Pfad ok
1138,k8_key_discipline,61,PASS,Schluesseldisziplin ok
1139,k9_dialog_invariants,3,PASS,backup_restore_dialog.py: Invarianten ok
1140,k10_regression_shield,14,PASS,Regressionsschild intakt
1141,k1_first_run_path,11,PASS,Erststartpfad ok
1142,k2_booking_lifecycle,11,PASS,Lebenszyklus ok
1143,k3_bundle_roundtrip,5,PASS,Bundle-Rundlauf ok
1144,k4_guide_coverage,10,PASS,de-Guide deckt Kernfunktionen
1145,k5_help_wiki,11,PASS,Wiki-Topic ok
1146,k6_text_quality,200,PASS,de: 40 Werte sauber
1147,k7_update_path,6,PASS,Update-Pfad ok
1148,k8_key_discipline,60,PASS,Schluesseldisziplin ok
1149,k9_dialog_invariants,5,PASS,budget_adjustment_dialog.py: Invarianten ok
1150,k10_regression_shield,14,PASS,Regressionsschild intakt
1151,k1_first_run_path,11,PASS,Erststartpfad ok
1152,k2_booking_lifecycle,11,PASS,Lebenszyklus ok
1153,k3_bundle_roundtrip,5,PASS,Bundle-Rundlauf ok
1154,k4_guide_coverage,10,PASS,en-Guide deckt Kernfunktionen
1155,k5_help_wiki,11,PASS,Wiki-Topic ok
1156,k6_text_quality,170,PASS,en: 40 Werte sauber
1157,k7_update_path,6,PASS,Update-Pfad ok
1158,k8_key_discipline,60,PASS,Schluesseldisziplin ok
1159,k9_dialog_invariants,5,PASS,budget_entry_dialog_extended.py: Invarianten ok
1160,k10_regression_shield,14,PASS,Regressionsschild intakt
1161,k1_first_run_path,11,PASS,Erststartpfad ok
1162,k2_booking_lifecycle,11,PASS,Lebenszyklus ok
1163,k3_bundle_roundtrip,5,PASS,Bundle-Rundlauf ok
1164,k4_guide_coverage,10,PASS,fr-Guide deckt Kernfunktionen
1165,k5_help_wiki,11,PASS,Wiki-Topic ok
1166,k6_text_quality,188,PASS,fr: 40 Werte sauber
1167,k7_update_path,6,PASS,Update-Pfad ok
1168,k8_key_discipline,60,PASS,Schluesseldisziplin ok
1169,k9_dialog_invariants,3,PASS,budget_fill_dialog.py: Invarianten ok
1170,k10_regression_shield,14,PASS,Regressionsschild intakt
1171,k1_first_run_path,11,PASS,Erststartpfad ok
1172,k2_booking_lifecycle,11,PASS,Lebenszyklus ok
1173,k3_bundle_roundtrip,5,PASS,Bundle-Rundlauf ok
1174,k4_guide_coverage,10,PASS,de-Guide deckt Kernfunktionen
1175,k5_help_wiki,11,PASS,Wiki-Topic ok
1176,k6_text_quality,191,PASS,de: 40 Werte sauber
1177,k7_update_path,6,PASS,Update-Pfad ok
1178,k8_key_discipline,60,PASS,Schluesseldisziplin ok
1179,k9_dialog_invariants,3,PASS,category_delete_dialog.py: Invarianten ok
1180,k10_regression_shield,14,PASS,Regressionsschild intakt
1181,k1_first_run_path,11,PASS,Erststartpfad ok
1182,k2_booking_lifecycle,11,PASS,Lebenszyklus ok
1183,k3_bundle_roundtrip,5,PASS,Bundle-Rundlauf ok
1184,k4_guide_coverage,10,PASS,en-Guide deckt Kernfunktionen
1185,k5_help_wiki,11,PASS,Wiki-Topic ok
1186,k6_text_quality,191,PASS,en: 40 Werte sauber
1187,k7_update_path,6,PASS,Update-Pfad ok
1188,k8_key_discipline,62,PASS,Schluesseldisziplin ok
1189,k9_dialog_invariants,1,PASS,category_excel_io.py: Invarianten ok
1190,k10_regression_shield,14,PASS,Regressionsschild intakt
1191,k1_first_run_path,11,PASS,Erststartpfad ok
1192,k2_booking_lifecycle,11,PASS,Lebenszyklus ok
1193,k3_bundle_roundtrip,5,PASS,Bundle-Rundlauf ok
1194,k4_guide_coverage,10,PASS,fr-Guide deckt Kernfunktionen
1195,k5_help_wiki,11,PASS,Wiki-Topic ok
1196,k6_text_quality,200,PASS,fr: 40 Werte sauber
1197,k7_update_path,6,PASS,Update-Pfad ok
1198,k8_key_discipline,68,PASS,Schluesseldisziplin ok
1199,k9_dialog_invariants,3,PASS,category_manager_dialog.py: Invarianten ok
1200,k10_regression_shield,14,PASS,Regressionsschild intakt
1201,k1_first_run_path,11,PASS,Erststartpfad ok
1202,k2_booking_lifecycle,11,PASS,Lebenszyklus ok
1203,k3_bundle_roundtrip,5,PASS,Bundle-Rundlauf ok
1204,k4_guide_coverage,10,PASS,de-Guide deckt Kernfunktionen
1205,k5_help_wiki,11,PASS,Wiki-Topic ok
1206,k6_text_quality,200,PASS,de: 40 Werte sauber
1207,k7_update_path,6,PASS,Update-Pfad ok
1208,k8_key_discipline,62,PASS,Schluesseldisziplin ok
1209,k9_dialog_invariants,1,PASS,category_picker.py: Invarianten ok
1210,k10_regression_shield,14,PASS,Regressionsschild intakt
1211,k1_first_run_path,11,PASS,Erststartpfad ok
1212,k2_booking_lifecycle,11,PASS,Lebenszyklus ok
1213,k3_bundle_roundtrip,5,PASS,Bundle-Rundlauf ok
1214,k4_guide_coverage,10,PASS,en-Guide deckt Kernfunktionen
1215,k5_help_wiki,11,PASS,Wiki-Topic ok
1216,k6_text_quality,200,PASS,en: 40 Werte sauber
1217,k7_update_path,6,PASS,Update-Pfad ok
1218,k8_key_discipline,61,PASS,Schluesseldisziplin ok
1219,k9_dialog_invariants,7,PASS,category_properties_dialog.py: Invarianten ok
1220,k10_regression_shield,14,PASS,Regressionsschild intakt
1221,k1_first_run_path,11,PASS,Erststartpfad ok
1222,k2_booking_lifecycle,11,PASS,Lebenszyklus ok
1223,k3_bundle_roundtrip,5,PASS,Bundle-Rundlauf ok
1224,k4_guide_coverage,10,PASS,fr-Guide deckt Kernfunktionen
1225,k5_help_wiki,11,PASS,Wiki-Topic ok
1226,k6_text_quality,200,PASS,fr: 40 Werte sauber
1227,k7_update_path,6,PASS,Update-Pfad ok
1228,k8_key_discipline,60,PASS,Schluesseldisziplin ok
1229,k9_dialog_invariants,3,PASS,copy_year_dialog.py: Invarianten ok
1230,k10_regression_shield,14,PASS,Regressionsschild intakt
1231,k1_first_run_path,11,PASS,Erststartpfad ok
1232,k2_booking_lifecycle,11,PASS,Lebenszyklus ok
1233,k3_bundle_roundtrip,5,PASS,Bundle-Rundlauf ok
1234,k4_guide_coverage,10,PASS,de-Guide deckt Kernfunktionen
1235,k5_help_wiki,11,PASS,Wiki-Topic ok
1236,k6_text_quality,200,PASS,de: 40 Werte sauber
1237,k7_update_path,6,PASS,Update-Pfad ok
1238,k8_key_discipline,60,PASS,Schluesseldisziplin ok
1239,k9_dialog_invariants,3,PASS,database_management_dialog.py: Invarianten ok
1240,k10_regression_shield,14,PASS,Regressionsschild intakt
1241,k1_first_run_path,11,PASS,Erststartpfad ok
1242,k2_booking_lifecycle,11,PASS,Lebenszyklus ok
1243,k3_bundle_roundtrip,5,PASS,Bundle-Rundlauf ok
1244,k4_guide_coverage,10,PASS,en-Guide deckt Kernfunktionen
1245,k5_help_wiki,11,PASS,Wiki-Topic ok
1246,k6_text_quality,190,PASS,en: 38 Werte sauber
1247,k7_update_path,6,PASS,Update-Pfad ok
1248,k8_key_discipline,28,PASS,Schluesseldisziplin ok
1249,k9_dialog_invariants,3,PASS,export_dialog.py: Invarianten ok
1250,k10_regression_shield,14,PASS,Regressionsschild intakt
1251,k1_first_run_path,11,PASS,Erststartpfad ok
1252,k2_booking_lifecycle,11,PASS,Lebenszyklus ok
1253,k3_bundle_roundtrip,5,PASS,Bundle-Rundlauf ok
1254,k4_guide_coverage,10,PASS,fr-Guide deckt Kernfunktionen
1255,k5_help_wiki,11,PASS,Wiki-Topic ok
1256,k6_text_quality,5,PASS,fr: 1 Werte sauber
1257,k7_update_path,6,PASS,Update-Pfad ok
1258,k8_key_discipline,60,PASS,Schluesseldisziplin ok
1259,k9_dialog_invariants,3,PASS,favorites_dashboard_dialog.py: Invarianten ok
1260,k10_regression_shield,14,PASS,Regressionsschild intakt
1261,k1_first_run_path,11,PASS,Erststartpfad ok
1262,k2_booking_lifecycle,11,PASS,Lebenszyklus ok
1263,k3_bundle_roundtrip,5,PASS,Bundle-Rundlauf ok
1264,k4_guide_coverage,10,PASS,de-Guide deckt Kernfunktionen
1265,k5_help_wiki,11,PASS,Wiki-Topic ok
1266,k6_text_quality,200,PASS,de: 40 Werte sauber
1267,k7_update_path,6,PASS,Update-Pfad ok
1268,k8_key_discipline,71,PASS,Schluesseldisziplin ok
1269,k9_dialog_invariants,3,PASS,global_search_dialog.py: Invarianten ok
1270,k10_regression_shield,14,PASS,Regressionsschild intakt
1271,k1_first_run_path,11,PASS,Erststartpfad ok
1272,k2_booking_lifecycle,11,PASS,Lebenszyklus ok
1273,k3_bundle_roundtrip,5,PASS,Bundle-Rundlauf ok
1274,k4_guide_coverage,10,PASS,en-Guide deckt Kernfunktionen
1275,k5_help_wiki,11,PASS,Wiki-Topic ok
1276,k6_text_quality,194,PASS,en: 40 Werte sauber
1277,k7_update_path,6,PASS,Update-Pfad ok
1278,k8_key_discipline,70,PASS,Schluesseldisziplin ok
1279,k9_dialog_invariants,1,PASS,help_content.py: Invarianten ok
1280,k10_regression_shield,14,PASS,Regressionsschild intakt
1281,k1_first_run_path,11,PASS,Erststartpfad ok
1282,k2_booking_lifecycle,11,PASS,Lebenszyklus ok
1283,k3_bundle_roundtrip,5,PASS,Bundle-Rundlauf ok
1284,k4_guide_coverage,10,PASS,fr-Guide deckt Kernfunktionen
1285,k5_help_wiki,11,PASS,Wiki-Topic ok
1286,k6_text_quality,194,PASS,fr: 40 Werte sauber
1287,k7_update_path,6,PASS,Update-Pfad ok
1288,k8_key_discipline,60,PASS,Schluesseldisziplin ok
1289,k9_dialog_invariants,3,PASS,help_dialog.py: Invarianten ok
1290,k10_regression_shield,14,PASS,Regressionsschild intakt
1291,k1_first_run_path,11,PASS,Erststartpfad ok
1292,k2_booking_lifecycle,11,PASS,Lebenszyklus ok
1293,k3_bundle_roundtrip,5,PASS,Bundle-Rundlauf ok
1294,k4_guide_coverage,10,PASS,de-Guide deckt Kernfunktionen
1295,k5_help_wiki,11,PASS,Wiki-Topic ok
1296,k6_text_quality,179,PASS,de: 40 Werte sauber
1297,k7_update_path,6,PASS,Update-Pfad ok
1298,k8_key_discipline,60,PASS,Schluesseldisziplin ok
1299,k9_dialog_invariants,3,PASS,language_select_dialog.py: Invarianten ok
1300,k10_regression_shield,14,PASS,Regressionsschild intakt
1301,k1_first_run_path,11,PASS,Erststartpfad ok
1302,k2_booking_lifecycle,11,PASS,Lebenszyklus ok
1303,k3_bundle_roundtrip,5,PASS,Bundle-Rundlauf ok
1304,k4_guide_coverage,10,PASS,en-Guide deckt Kernfunktionen
1305,k5_help_wiki,11,PASS,Wiki-Topic ok
1306,k6_text_quality,194,PASS,en: 40 Werte sauber
1307,k7_update_path,6,PASS,Update-Pfad ok
1308,k8_key_discipline,61,PASS,Schluesseldisziplin ok
1309,k9_dialog_invariants,7,PASS,login_dialog.py: Invarianten ok
1310,k10_regression_shield,14,PASS,Regressionsschild intakt
1311,k1_first_run_path,11,PASS,Erststartpfad ok
1312,k2_booking_lifecycle,11,PASS,Lebenszyklus ok
1313,k3_bundle_roundtrip,5,PASS,Bundle-Rundlauf ok
1314,k4_guide_coverage,10,PASS,fr-Guide deckt Kernfunktionen
1315,k5_help_wiki,11,PASS,Wiki-Topic ok
1316,k6_text_quality,197,PASS,fr: 40 Werte sauber
1317,k7_update_path,6,PASS,Update-Pfad ok
1318,k8_key_discipline,78,PASS,Schluesseldisziplin ok
1319,k9_dialog_invariants,5,PASS,main_window.py: Invarianten ok
1320,k10_regression_shield,14,PASS,Regressionsschild intakt
1321,k1_first_run_path,11,PASS,Erststartpfad ok
1322,k2_booking_lifecycle,11,PASS,Lebenszyklus ok
1323,k3_bundle_roundtrip,5,PASS,Bundle-Rundlauf ok
1324,k4_guide_coverage,10,PASS,de-Guide deckt Kernfunktionen
1325,k5_help_wiki,11,PASS,Wiki-Topic ok
1326,k6_text_quality,191,PASS,de: 40 Werte sauber
1327,k7_update_path,6,PASS,Update-Pfad ok
1328,k8_key_discipline,60,PASS,Schluesseldisziplin ok
1329,k9_dialog_invariants,3,PASS,month_close_dialog.py: Invarianten ok
1330,k10_regression_shield,14,PASS,Regressionsschild intakt
1331,k1_first_run_path,11,PASS,Erststartpfad ok
1332,k2_booking_lifecycle,11,PASS,Lebenszyklus ok
1333,k3_bundle_roundtrip,5,PASS,Bundle-Rundlauf ok
1334,k4_guide_coverage,10,PASS,en-Guide deckt Kernfunktionen
1335,k5_help_wiki,11,PASS,Wiki-Topic ok
1336,k6_text_quality,200,PASS,en: 40 Werte sauber
1337,k7_update_path,6,PASS,Update-Pfad ok
1338,k8_key_discipline,60,PASS,Schluesseldisziplin ok
1339,k9_dialog_invariants,3,PASS,quick_add_dialog.py: Invarianten ok
1340,k10_regression_shield,14,PASS,Regressionsschild intakt
1341,k1_first_run_path,11,PASS,Erststartpfad ok
1342,k2_booking_lifecycle,11,PASS,Lebenszyklus ok
1343,k3_bundle_roundtrip,5,PASS,Bundle-Rundlauf ok
1344,k4_guide_coverage,10,PASS,fr-Guide deckt Kernfunktionen
1345,k5_help_wiki,11,PASS,Wiki-Topic ok
1346,k6_text_quality,200,PASS,fr: 40 Werte sauber
1347,k7_update_path,6,PASS,Update-Pfad ok
1348,k8_key_discipline,60,PASS,Schluesseldisziplin ok
1349,k9_dialog_invariants,1,PASS,reauth.py: Invarianten ok
1350,k10_regression_shield,14,PASS,Regressionsschild intakt
1351,k1_first_run_path,11,PASS,Erststartpfad ok
1352,k2_booking_lifecycle,11,PASS,Lebenszyklus ok
1353,k3_bundle_roundtrip,5,PASS,Bundle-Rundlauf ok
1354,k4_guide_coverage,10,PASS,de-Guide deckt Kernfunktionen
1355,k5_help_wiki,11,PASS,Wiki-Topic ok
1356,k6_text_quality,197,PASS,de: 40 Werte sauber
1357,k7_update_path,6,PASS,Update-Pfad ok
1358,k8_key_discipline,60,PASS,Schluesseldisziplin ok
1359,k9_dialog_invariants,3,PASS,recurring_bookings_dialog.py: Invarianten ok
1360,k10_regression_shield,14,PASS,Regressionsschild intakt
1361,k1_first_run_path,11,PASS,Erststartpfad ok
1362,k2_booking_lifecycle,11,PASS,Lebenszyklus ok
1363,k3_bundle_roundtrip,5,PASS,Bundle-Rundlauf ok
1364,k4_guide_coverage,10,PASS,en-Guide deckt Kernfunktionen
1365,k5_help_wiki,11,PASS,Wiki-Topic ok
1366,k6_text_quality,200,PASS,en: 40 Werte sauber
1367,k7_update_path,6,PASS,Update-Pfad ok
1368,k8_key_discipline,60,PASS,Schluesseldisziplin ok
1369,k9_dialog_invariants,3,PASS,restore_key_dialog.py: Invarianten ok
1370,k10_regression_shield,14,PASS,Regressionsschild intakt
1371,k1_first_run_path,11,PASS,Erststartpfad ok
1372,k2_booking_lifecycle,11,PASS,Lebenszyklus ok
1373,k3_bundle_roundtrip,5,PASS,Bundle-Rundlauf ok
1374,k4_guide_coverage,10,PASS,fr-Guide deckt Kernfunktionen
1375,k5_help_wiki,11,PASS,Wiki-Topic ok
1376,k6_text_quality,200,PASS,fr: 40 Werte sauber
1377,k7_update_path,6,PASS,Update-Pfad ok
1378,k8_key_discipline,60,PASS,Schluesseldisziplin ok
1379,k9_dialog_invariants,1,PASS,savings_goal_messages.py: Invarianten ok
1380,k10_regression_shield,14,PASS,Regressionsschild intakt
1381,k1_first_run_path,11,PASS,Erststartpfad ok
1382,k2_booking_lifecycle,11,PASS,Lebenszyklus ok
1383,k3_bundle_roundtrip,5,PASS,Bundle-Rundlauf ok
1384,k4_guide_coverage,10,PASS,de-Guide deckt Kernfunktionen
1385,k5_help_wiki,11,PASS,Wiki-Topic ok
1386,k6_text_quality,200,PASS,de: 40 Werte sauber
1387,k7_update_path,6,PASS,Update-Pfad ok
1388,k8_key_discipline,60,PASS,Schluesseldisziplin ok
1389,k9_dialog_invariants,7,PASS,savings_goals_dialog.py: Invarianten ok
1390,k10_regression_shield,14,PASS,Regressionsschild intakt
1391,k1_first_run_path,11,PASS,Erststartpfad ok
1392,k2_booking_lifecycle,11,PASS,Lebenszyklus ok
1393,k3_bundle_roundtrip,5,PASS,Bundle-Rundlauf ok
1394,k4_guide_coverage,10,PASS,en-Guide deckt Kernfunktionen
1395,k5_help_wiki,11,PASS,Wiki-Topic ok
1396,k6_text_quality,200,PASS,en: 40 Werte sauber
1397,k7_update_path,6,PASS,Update-Pfad ok
1398,k8_key_discipline,60,PASS,Schluesseldisziplin ok
1399,k9_dialog_invariants,3,PASS,setup_assistant_dialog.py: Invarianten ok
1400,k10_regression_shield,14,PASS,Regressionsschild intakt
1401,k1_first_run_path,11,PASS,Erststartpfad ok
1402,k2_booking_lifecycle,11,PASS,Lebenszyklus ok
1403,k3_bundle_roundtrip,5,PASS,Bundle-Rundlauf ok
1404,k4_guide_coverage,10,PASS,fr-Guide deckt Kernfunktionen
1405,k5_help_wiki,11,PASS,Wiki-Topic ok
1406,k6_text_quality,200,PASS,fr: 40 Werte sauber
1407,k7_update_path,6,PASS,Update-Pfad ok
1408,k8_key_discipline,65,PASS,Schluesseldisziplin ok
1409,k9_dialog_invariants,3,PASS,shortcuts_dialog.py: Invarianten ok
1410,k10_regression_shield,14,PASS,Regressionsschild intakt
1411,k1_first_run_path,11,PASS,Erststartpfad ok
1412,k2_booking_lifecycle,11,PASS,Lebenszyklus ok
1413,k3_bundle_roundtrip,5,PASS,Bundle-Rundlauf ok
1414,k4_guide_coverage,10,PASS,de-Guide deckt Kernfunktionen
1415,k5_help_wiki,11,PASS,Wiki-Topic ok
1416,k6_text_quality,194,PASS,de: 40 Werte sauber
1417,k7_update_path,6,PASS,Update-Pfad ok
1418,k8_key_discipline,66,PASS,Schluesseldisziplin ok
1419,k9_dialog_invariants,3,PASS,special_income_dialog.py: Invarianten ok
1420,k10_regression_shield,14,PASS,Regressionsschild intakt
1421,k1_first_run_path,11,PASS,Erststartpfad ok
1422,k2_booking_lifecycle,11,PASS,Lebenszyklus ok
1423,k3_bundle_roundtrip,5,PASS,Bundle-Rundlauf ok
1424,k4_guide_coverage,10,PASS,en-Guide deckt Kernfunktionen
1425,k5_help_wiki,11,PASS,Wiki-Topic ok
1426,k6_text_quality,200,PASS,en: 40 Werte sauber
1427,k7_update_path,6,PASS,Update-Pfad ok
1428,k8_key_discipline,65,PASS,Schluesseldisziplin ok
1429,k9_dialog_invariants,3,PASS,startup_wizard.py: Invarianten ok
1430,k10_regression_shield,14,PASS,Regressionsschild intakt
1431,k1_first_run_path,11,PASS,Erststartpfad ok
1432,k2_booking_lifecycle,11,PASS,Lebenszyklus ok
1433,k3_bundle_roundtrip,5,PASS,Bundle-Rundlauf ok
1434,k4_guide_coverage,10,PASS,fr-Guide deckt Kernfunktionen
1435,k5_help_wiki,11,PASS,Wiki-Topic ok
1436,k6_text_quality,200,PASS,fr: 40 Werte sauber
1437,k7_update_path,6,PASS,Update-Pfad ok
1438,k8_key_discipline,60,PASS,Schluesseldisziplin ok
1439,k9_dialog_invariants,3,PASS,tags_manager_dialog.py: Invarianten ok
1440,k10_regression_shield,14,PASS,Regressionsschild intakt
1441,k1_first_run_path,11,PASS,Erststartpfad ok
1442,k2_booking_lifecycle,11,PASS,Lebenszyklus ok
1443,k3_bundle_roundtrip,5,PASS,Bundle-Rundlauf ok
1444,k4_guide_coverage,10,PASS,de-Guide deckt Kernfunktionen
1445,k5_help_wiki,11,PASS,Wiki-Topic ok
1446,k6_text_quality,194,PASS,de: 40 Werte sauber
1447,k7_update_path,6,PASS,Update-Pfad ok
1448,k8_key_discipline,60,PASS,Schluesseldisziplin ok
1449,k9_dialog_invariants,3,PASS,theme_editor_dialog.py: Invarianten ok
1450,k10_regression_shield,14,PASS,Regressionsschild intakt
1451,k1_first_run_path,11,PASS,Erststartpfad ok
1452,k2_booking_lifecycle,11,PASS,Lebenszyklus ok
1453,k3_bundle_roundtrip,5,PASS,Bundle-Rundlauf ok
1454,k4_guide_coverage,10,PASS,en-Guide deckt Kernfunktionen
1455,k5_help_wiki,11,PASS,Wiki-Topic ok
1456,k6_text_quality,200,PASS,en: 40 Werte sauber
1457,k7_update_path,6,PASS,Update-Pfad ok
1458,k8_key_discipline,60,PASS,Schluesseldisziplin ok
1459,k9_dialog_invariants,1,PASS,type_color_helper.py: Invarianten ok
1460,k10_regression_shield,14,PASS,Regressionsschild intakt
1461,k1_first_run_path,11,PASS,Erststartpfad ok
1462,k2_booking_lifecycle,11,PASS,Lebenszyklus ok
1463,k3_bundle_roundtrip,5,PASS,Bundle-Rundlauf ok
1464,k4_guide_coverage,10,PASS,fr-Guide deckt Kernfunktionen
1465,k5_help_wiki,11,PASS,Wiki-Topic ok
1466,k6_text_quality,200,PASS,fr: 40 Werte sauber
1467,k7_update_path,6,PASS,Update-Pfad ok
1468,k8_key_discipline,61,PASS,Schluesseldisziplin ok
1469,k9_dialog_invariants,1,PASS,ui_colors.py: Invarianten ok
1470,k10_regression_shield,14,PASS,Regressionsschild intakt
1471,k1_first_run_path,11,PASS,Erststartpfad ok
1472,k2_booking_lifecycle,11,PASS,Lebenszyklus ok
1473,k3_bundle_roundtrip,5,PASS,Bundle-Rundlauf ok
1474,k4_guide_coverage,10,PASS,de-Guide deckt Kernfunktionen
1475,k5_help_wiki,11,PASS,Wiki-Topic ok
1476,k6_text_quality,200,PASS,de: 40 Werte sauber
1477,k7_update_path,6,PASS,Update-Pfad ok
1478,k8_key_discipline,60,PASS,Schluesseldisziplin ok
1479,k9_dialog_invariants,3,PASS,update_dialog.py: Invarianten ok
1480,k10_regression_shield,14,PASS,Regressionsschild intakt
1481,k1_first_run_path,11,PASS,Erststartpfad ok
1482,k2_booking_lifecycle,11,PASS,Lebenszyklus ok
1483,k3_bundle_roundtrip,5,PASS,Bundle-Rundlauf ok
1484,k4_guide_coverage,10,PASS,en-Guide deckt Kernfunktionen
1485,k5_help_wiki,11,PASS,Wiki-Topic ok
1486,k6_text_quality,200,PASS,en: 40 Werte sauber
1487,k7_update_path,6,PASS,Update-Pfad ok
1488,k8_key_discipline,66,PASS,Schluesseldisziplin ok
1489,k9_dialog_invariants,1,PASS,account_data_hub.py: Invarianten ok
1490,k10_regression_shield,14,PASS,Regressionsschild intakt
1491,k1_first_run_path,11,PASS,Erststartpfad ok
1492,k2_booking_lifecycle,11,PASS,Lebenszyklus ok
1493,k3_bundle_roundtrip,5,PASS,Bundle-Rundlauf ok
1494,k4_guide_coverage,10,PASS,fr-Guide deckt Kernfunktionen
1495,k5_help_wiki,11,PASS,Wiki-Topic ok
1496,k6_text_quality,200,PASS,fr: 40 Werte sauber
1497,k7_update_path,6,PASS,Update-Pfad ok
1498,k8_key_discipline,68,PASS,Schluesseldisziplin ok
1499,k9_dialog_invariants,3,PASS,account_management_dialog.py: Invarianten ok
1500,k10_regression_shield,14,PASS,Regressionsschild intakt
1501,k1_first_run_path,11,PASS,Erststartpfad ok
1502,k2_booking_lifecycle,11,PASS,Lebenszyklus ok
1503,k3_bundle_roundtrip,5,PASS,Bundle-Rundlauf ok
1504,k4_guide_coverage,10,PASS,de-Guide deckt Kernfunktionen
1505,k5_help_wiki,11,PASS,Wiki-Topic ok
1506,k6_text_quality,200,PASS,de: 40 Werte sauber
1507,k7_update_path,6,PASS,Update-Pfad ok
1508,k8_key_discipline,62,PASS,Schluesseldisziplin ok
1509,k9_dialog_invariants,3,PASS,backup_restore_dialog.py: Invarianten ok
1510,k10_regression_shield,14,PASS,Regressionsschild intakt
1511,k1_first_run_path,11,PASS,Erststartpfad ok
1512,k2_booking_lifecycle,11,PASS,Lebenszyklus ok
1513,k3_bundle_roundtrip,5,PASS,Bundle-Rundlauf ok
1514,k4_guide_coverage,10,PASS,en-Guide deckt Kernfunktionen
1515,k5_help_wiki,11,PASS,Wiki-Topic ok
1516,k6_text_quality,194,PASS,en: 40 Werte sauber
1517,k7_update_path,6,PASS,Update-Pfad ok
1518,k8_key_discipline,70,PASS,Schluesseldisziplin ok
1519,k9_dialog_invariants,5,PASS,budget_adjustment_dialog.py: Invarianten ok
1520,k10_regression_shield,14,PASS,Regressionsschild intakt
1521,k1_first_run_path,11,PASS,Erststartpfad ok
1522,k2_booking_lifecycle,11,PASS,Lebenszyklus ok
1523,k3_bundle_roundtrip,5,PASS,Bundle-Rundlauf ok
1524,k4_guide_coverage,10,PASS,fr-Guide deckt Kernfunktionen
1525,k5_help_wiki,11,PASS,Wiki-Topic ok
1526,k6_text_quality,197,PASS,fr: 40 Werte sauber
1527,k7_update_path,6,PASS,Update-Pfad ok
1528,k8_key_discipline,60,PASS,Schluesseldisziplin ok
1529,k9_dialog_invariants,5,PASS,budget_entry_dialog_extended.py: Invarianten ok
1530,k10_regression_shield,14,PASS,Regressionsschild intakt
1531,k1_first_run_path,11,PASS,Erststartpfad ok
1532,k2_booking_lifecycle,11,PASS,Lebenszyklus ok
1533,k3_bundle_roundtrip,5,PASS,Bundle-Rundlauf ok
1534,k4_guide_coverage,10,PASS,de-Guide deckt Kernfunktionen
1535,k5_help_wiki,11,PASS,Wiki-Topic ok
1536,k6_text_quality,191,PASS,de: 40 Werte sauber
1537,k7_update_path,6,PASS,Update-Pfad ok
1538,k8_key_discipline,60,PASS,Schluesseldisziplin ok
1539,k9_dialog_invariants,3,PASS,budget_fill_dialog.py: Invarianten ok
1540,k10_regression_shield,14,PASS,Regressionsschild intakt
1541,k1_first_run_path,11,PASS,Erststartpfad ok
1542,k2_booking_lifecycle,11,PASS,Lebenszyklus ok
1543,k3_bundle_roundtrip,5,PASS,Bundle-Rundlauf ok
1544,k4_guide_coverage,10,PASS,en-Guide deckt Kernfunktionen
1545,k5_help_wiki,11,PASS,Wiki-Topic ok
1546,k6_text_quality,191,PASS,en: 40 Werte sauber
1547,k7_update_path,6,PASS,Update-Pfad ok
1548,k8_key_discipline,60,PASS,Schluesseldisziplin ok
1549,k9_dialog_invariants,3,PASS,category_delete_dialog.py: Invarianten ok
1550,k10_regression_shield,14,PASS,Regressionsschild intakt
1551,k1_first_run_path,11,PASS,Erststartpfad ok
1552,k2_booking_lifecycle,11,PASS,Lebenszyklus ok
1553,k3_bundle_roundtrip,5,PASS,Bundle-Rundlauf ok
1554,k4_guide_coverage,10,PASS,fr-Guide deckt Kernfunktionen
1555,k5_help_wiki,11,PASS,Wiki-Topic ok
1556,k6_text_quality,197,PASS,fr: 40 Werte sauber
1557,k7_update_path,6,PASS,Update-Pfad ok
1558,k8_key_discipline,65,PASS,Schluesseldisziplin ok
1559,k9_dialog_invariants,1,PASS,category_excel_io.py: Invarianten ok
1560,k10_regression_shield,14,PASS,Regressionsschild intakt
1561,k1_first_run_path,11,PASS,Erststartpfad ok
1562,k2_booking_lifecycle,11,PASS,Lebenszyklus ok
1563,k3_bundle_roundtrip,5,PASS,Bundle-Rundlauf ok
1564,k4_guide_coverage,10,PASS,de-Guide deckt Kernfunktionen
1565,k5_help_wiki,11,PASS,Wiki-Topic ok
1566,k6_text_quality,191,PASS,de: 40 Werte sauber
1567,k7_update_path,6,PASS,Update-Pfad ok
1568,k8_key_discipline,60,PASS,Schluesseldisziplin ok
1569,k9_dialog_invariants,3,PASS,category_manager_dialog.py: Invarianten ok
1570,k10_regression_shield,14,PASS,Regressionsschild intakt
1571,k1_first_run_path,11,PASS,Erststartpfad ok
1572,k2_booking_lifecycle,11,PASS,Lebenszyklus ok
1573,k3_bundle_roundtrip,5,PASS,Bundle-Rundlauf ok
1574,k4_guide_coverage,10,PASS,en-Guide deckt Kernfunktionen
1575,k5_help_wiki,11,PASS,Wiki-Topic ok
1576,k6_text_quality,200,PASS,en: 40 Werte sauber
1577,k7_update_path,6,PASS,Update-Pfad ok
1578,k8_key_discipline,62,PASS,Schluesseldisziplin ok
1579,k9_dialog_invariants,1,PASS,category_picker.py: Invarianten ok
1580,k10_regression_shield,14,PASS,Regressionsschild intakt
1581,k1_first_run_path,11,PASS,Erststartpfad ok
1582,k2_booking_lifecycle,11,PASS,Lebenszyklus ok
1583,k3_bundle_roundtrip,5,PASS,Bundle-Rundlauf ok
1584,k4_guide_coverage,10,PASS,fr-Guide deckt Kernfunktionen
1585,k5_help_wiki,11,PASS,Wiki-Topic ok
1586,k6_text_quality,197,PASS,fr: 40 Werte sauber
1587,k7_update_path,6,PASS,Update-Pfad ok
1588,k8_key_discipline,60,PASS,Schluesseldisziplin ok
1589,k9_dialog_invariants,7,PASS,category_properties_dialog.py: Invarianten ok
1590,k10_regression_shield,14,PASS,Regressionsschild intakt
1591,k1_first_run_path,11,PASS,Erststartpfad ok
1592,k2_booking_lifecycle,11,PASS,Lebenszyklus ok
1593,k3_bundle_roundtrip,5,PASS,Bundle-Rundlauf ok
1594,k4_guide_coverage,10,PASS,de-Guide deckt Kernfunktionen
1595,k5_help_wiki,11,PASS,Wiki-Topic ok
1596,k6_text_quality,200,PASS,de: 40 Werte sauber
1597,k7_update_path,6,PASS,Update-Pfad ok
1598,k8_key_discipline,62,PASS,Schluesseldisziplin ok
1599,k9_dialog_invariants,3,PASS,copy_year_dialog.py: Invarianten ok
1600,k10_regression_shield,14,PASS,Regressionsschild intakt
1601,k1_first_run_path,11,PASS,Erststartpfad ok
1602,k2_booking_lifecycle,11,PASS,Lebenszyklus ok
1603,k3_bundle_roundtrip,5,PASS,Bundle-Rundlauf ok
1604,k4_guide_coverage,10,PASS,en-Guide deckt Kernfunktionen
1605,k5_help_wiki,11,PASS,Wiki-Topic ok
1606,k6_text_quality,197,PASS,en: 40 Werte sauber
1607,k7_update_path,6,PASS,Update-Pfad ok
1608,k8_key_discipline,60,PASS,Schluesseldisziplin ok
1609,k9_dialog_invariants,3,PASS,database_management_dialog.py: Invarianten ok
1610,k10_regression_shield,14,PASS,Regressionsschild intakt
1611,k1_first_run_path,11,PASS,Erststartpfad ok
1612,k2_booking_lifecycle,11,PASS,Lebenszyklus ok
1613,k3_bundle_roundtrip,5,PASS,Bundle-Rundlauf ok
1614,k4_guide_coverage,10,PASS,fr-Guide deckt Kernfunktionen
1615,k5_help_wiki,11,PASS,Wiki-Topic ok
1616,k6_text_quality,197,PASS,fr: 40 Werte sauber
1617,k7_update_path,6,PASS,Update-Pfad ok
1618,k8_key_discipline,61,PASS,Schluesseldisziplin ok
1619,k9_dialog_invariants,3,PASS,export_dialog.py: Invarianten ok
1620,k10_regression_shield,14,PASS,Regressionsschild intakt
1621,k1_first_run_path,11,PASS,Erststartpfad ok
1622,k2_booking_lifecycle,11,PASS,Lebenszyklus ok
1623,k3_bundle_roundtrip,5,PASS,Bundle-Rundlauf ok
1624,k4_guide_coverage,10,PASS,de-Guide deckt Kernfunktionen
1625,k5_help_wiki,11,PASS,Wiki-Topic ok
1626,k6_text_quality,197,PASS,de: 40 Werte sauber
1627,k7_update_path,6,PASS,Update-Pfad ok
1628,k8_key_discipline,61,PASS,Schluesseldisziplin ok
1629,k9_dialog_invariants,3,PASS,favorites_dashboard_dialog.py: Invarianten ok
1630,k10_regression_shield,14,PASS,Regressionsschild intakt
1631,k1_first_run_path,11,PASS,Erststartpfad ok
1632,k2_booking_lifecycle,11,PASS,Lebenszyklus ok
1633,k3_bundle_roundtrip,5,PASS,Bundle-Rundlauf ok
1634,k4_guide_coverage,10,PASS,en-Guide deckt Kernfunktionen
1635,k5_help_wiki,11,PASS,Wiki-Topic ok
1636,k6_text_quality,194,PASS,en: 40 Werte sauber
1637,k7_update_path,6,PASS,Update-Pfad ok
1638,k8_key_discipline,60,PASS,Schluesseldisziplin ok
1639,k9_dialog_invariants,3,PASS,global_search_dialog.py: Invarianten ok
1640,k10_regression_shield,14,PASS,Regressionsschild intakt
1641,k1_first_run_path,11,PASS,Erststartpfad ok
1642,k2_booking_lifecycle,11,PASS,Lebenszyklus ok
1643,k3_bundle_roundtrip,5,PASS,Bundle-Rundlauf ok
1644,k4_guide_coverage,10,PASS,fr-Guide deckt Kernfunktionen
1645,k5_help_wiki,11,PASS,Wiki-Topic ok
1646,k6_text_quality,188,PASS,fr: 40 Werte sauber
1647,k7_update_path,6,PASS,Update-Pfad ok
1648,k8_key_discipline,60,PASS,Schluesseldisziplin ok
1649,k9_dialog_invariants,1,PASS,help_content.py: Invarianten ok
1650,k10_regression_shield,14,PASS,Regressionsschild intakt
1651,k1_first_run_path,11,PASS,Erststartpfad ok
1652,k2_booking_lifecycle,11,PASS,Lebenszyklus ok
1653,k3_bundle_roundtrip,5,PASS,Bundle-Rundlauf ok
1654,k4_guide_coverage,10,PASS,de-Guide deckt Kernfunktionen
1655,k5_help_wiki,11,PASS,Wiki-Topic ok
1656,k6_text_quality,200,PASS,de: 40 Werte sauber
1657,k7_update_path,6,PASS,Update-Pfad ok
1658,k8_key_discipline,60,PASS,Schluesseldisziplin ok
1659,k9_dialog_invariants,3,PASS,help_dialog.py: Invarianten ok
1660,k10_regression_shield,14,PASS,Regressionsschild intakt
1661,k1_first_run_path,11,PASS,Erststartpfad ok
1662,k2_booking_lifecycle,11,PASS,Lebenszyklus ok
1663,k3_bundle_roundtrip,5,PASS,Bundle-Rundlauf ok
1664,k4_guide_coverage,10,PASS,en-Guide deckt Kernfunktionen
1665,k5_help_wiki,11,PASS,Wiki-Topic ok
1666,k6_text_quality,200,PASS,en: 40 Werte sauber
1667,k7_update_path,6,PASS,Update-Pfad ok
1668,k8_key_discipline,60,PASS,Schluesseldisziplin ok
1669,k9_dialog_invariants,3,PASS,language_select_dialog.py: Invarianten ok
1670,k10_regression_shield,14,PASS,Regressionsschild intakt
1671,k1_first_run_path,11,PASS,Erststartpfad ok
1672,k2_booking_lifecycle,11,PASS,Lebenszyklus ok
1673,k3_bundle_roundtrip,5,PASS,Bundle-Rundlauf ok
1674,k4_guide_coverage,10,PASS,fr-Guide deckt Kernfunktionen
1675,k5_help_wiki,11,PASS,Wiki-Topic ok
1676,k6_text_quality,200,PASS,fr: 40 Werte sauber
1677,k7_update_path,6,PASS,Update-Pfad ok
1678,k8_key_discipline,62,PASS,Schluesseldisziplin ok
1679,k9_dialog_invariants,7,PASS,login_dialog.py: Invarianten ok
1680,k10_regression_shield,14,PASS,Regressionsschild intakt
1681,k1_first_run_path,11,PASS,Erststartpfad ok
1682,k2_booking_lifecycle,11,PASS,Lebenszyklus ok
1683,k3_bundle_roundtrip,5,PASS,Bundle-Rundlauf ok
1684,k4_guide_coverage,10,PASS,de-Guide deckt Kernfunktionen
1685,k5_help_wiki,11,PASS,Wiki-Topic ok
1686,k6_text_quality,197,PASS,de: 40 Werte sauber
1687,k7_update_path,6,PASS,Update-Pfad ok
1688,k8_key_discipline,68,PASS,Schluesseldisziplin ok
1689,k9_dialog_invariants,5,PASS,main_window.py: Invarianten ok
1690,k10_regression_shield,14,PASS,Regressionsschild intakt
1691,k1_first_run_path,11,PASS,Erststartpfad ok
1692,k2_booking_lifecycle,11,PASS,Lebenszyklus ok
1693,k3_bundle_roundtrip,5,PASS,Bundle-Rundlauf ok
1694,k4_guide_coverage,10,PASS,en-Guide deckt Kernfunktionen
1695,k5_help_wiki,11,PASS,Wiki-Topic ok
1696,k6_text_quality,200,PASS,en: 40 Werte sauber
1697,k7_update_path,6,PASS,Update-Pfad ok
1698,k8_key_discipline,62,PASS,Schluesseldisziplin ok
1699,k9_dialog_invariants,3,PASS,month_close_dialog.py: Invarianten ok
1700,k10_regression_shield,14,PASS,Regressionsschild intakt
1701,k1_first_run_path,11,PASS,Erststartpfad ok
1702,k2_booking_lifecycle,11,PASS,Lebenszyklus ok
1703,k3_bundle_roundtrip,5,PASS,Bundle-Rundlauf ok
1704,k4_guide_coverage,10,PASS,fr-Guide deckt Kernfunktionen
1705,k5_help_wiki,11,PASS,Wiki-Topic ok
1706,k6_text_quality,200,PASS,fr: 40 Werte sauber
1707,k7_update_path,6,PASS,Update-Pfad ok
1708,k8_key_discipline,61,PASS,Schluesseldisziplin ok
1709,k9_dialog_invariants,3,PASS,quick_add_dialog.py: Invarianten ok
1710,k10_regression_shield,14,PASS,Regressionsschild intakt
1711,k1_first_run_path,11,PASS,Erststartpfad ok
1712,k2_booking_lifecycle,11,PASS,Lebenszyklus ok
1713,k3_bundle_roundtrip,5,PASS,Bundle-Rundlauf ok
1714,k4_guide_coverage,10,PASS,de-Guide deckt Kernfunktionen
1715,k5_help_wiki,11,PASS,Wiki-Topic ok
1716,k6_text_quality,191,PASS,de: 40 Werte sauber
1717,k7_update_path,6,PASS,Update-Pfad ok
1718,k8_key_discipline,60,PASS,Schluesseldisziplin ok
1719,k9_dialog_invariants,1,PASS,reauth.py: Invarianten ok
1720,k10_regression_shield,14,PASS,Regressionsschild intakt
1721,k1_first_run_path,11,PASS,Erststartpfad ok
1722,k2_booking_lifecycle,11,PASS,Lebenszyklus ok
1723,k3_bundle_roundtrip,5,PASS,Bundle-Rundlauf ok
1724,k4_guide_coverage,10,PASS,en-Guide deckt Kernfunktionen
1725,k5_help_wiki,11,PASS,Wiki-Topic ok
1726,k6_text_quality,191,PASS,en: 40 Werte sauber
1727,k7_update_path,6,PASS,Update-Pfad ok
1728,k8_key_discipline,60,PASS,Schluesseldisziplin ok
1729,k9_dialog_invariants,3,PASS,recurring_bookings_dialog.py: Invarianten ok
1730,k10_regression_shield,14,PASS,Regressionsschild intakt
1731,k1_first_run_path,11,PASS,Erststartpfad ok
1732,k2_booking_lifecycle,11,PASS,Lebenszyklus ok
1733,k3_bundle_roundtrip,5,PASS,Bundle-Rundlauf ok
1734,k4_guide_coverage,10,PASS,fr-Guide deckt Kernfunktionen
1735,k5_help_wiki,11,PASS,Wiki-Topic ok
1736,k6_text_quality,194,PASS,fr: 40 Werte sauber
1737,k7_update_path,6,PASS,Update-Pfad ok
1738,k8_key_discipline,60,PASS,Schluesseldisziplin ok
1739,k9_dialog_invariants,3,PASS,restore_key_dialog.py: Invarianten ok
1740,k10_regression_shield,14,PASS,Regressionsschild intakt
1741,k1_first_run_path,11,PASS,Erststartpfad ok
1742,k2_booking_lifecycle,11,PASS,Lebenszyklus ok
1743,k3_bundle_roundtrip,5,PASS,Bundle-Rundlauf ok
1744,k4_guide_coverage,10,PASS,de-Guide deckt Kernfunktionen
1745,k5_help_wiki,11,PASS,Wiki-Topic ok
1746,k6_text_quality,200,PASS,de: 40 Werte sauber
1747,k7_update_path,6,PASS,Update-Pfad ok
1748,k8_key_discipline,60,PASS,Schluesseldisziplin ok
1749,k9_dialog_invariants,1,PASS,savings_goal_messages.py: Invarianten ok
1750,k10_regression_shield,14,PASS,Regressionsschild intakt
1751,k1_first_run_path,11,PASS,Erststartpfad ok
1752,k2_booking_lifecycle,11,PASS,Lebenszyklus ok
1753,k3_bundle_roundtrip,5,PASS,Bundle-Rundlauf ok
1754,k4_guide_coverage,10,PASS,en-Guide deckt Kernfunktionen
1755,k5_help_wiki,11,PASS,Wiki-Topic ok
1756,k6_text_quality,200,PASS,en: 40 Werte sauber
1757,k7_update_path,6,PASS,Update-Pfad ok
1758,k8_key_discipline,71,PASS,Schluesseldisziplin ok
1759,k9_dialog_invariants,7,PASS,savings_goals_dialog.py: Invarianten ok
1760,k10_regression_shield,14,PASS,Regressionsschild intakt
1761,k1_first_run_path,11,PASS,Erststartpfad ok
1762,k2_booking_lifecycle,11,PASS,Lebenszyklus ok
1763,k3_bundle_roundtrip,5,PASS,Bundle-Rundlauf ok
1764,k4_guide_coverage,10,PASS,fr-Guide deckt Kernfunktionen
1765,k5_help_wiki,11,PASS,Wiki-Topic ok
1766,k6_text_quality,200,PASS,fr: 40 Werte sauber
1767,k7_update_path,6,PASS,Update-Pfad ok
1768,k8_key_discipline,70,PASS,Schluesseldisziplin ok
1769,k9_dialog_invariants,3,PASS,setup_assistant_dialog.py: Invarianten ok
1770,k10_regression_shield,14,PASS,Regressionsschild intakt
1771,k1_first_run_path,11,PASS,Erststartpfad ok
1772,k2_booking_lifecycle,11,PASS,Lebenszyklus ok
1773,k3_bundle_roundtrip,5,PASS,Bundle-Rundlauf ok
1774,k4_guide_coverage,10,PASS,de-Guide deckt Kernfunktionen
1775,k5_help_wiki,11,PASS,Wiki-Topic ok
1776,k6_text_quality,191,PASS,de: 40 Werte sauber
1777,k7_update_path,6,PASS,Update-Pfad ok
1778,k8_key_discipline,60,PASS,Schluesseldisziplin ok
1779,k9_dialog_invariants,3,PASS,shortcuts_dialog.py: Invarianten ok
1780,k10_regression_shield,14,PASS,Regressionsschild intakt
1781,k1_first_run_path,11,PASS,Erststartpfad ok
1782,k2_booking_lifecycle,11,PASS,Lebenszyklus ok
1783,k3_bundle_roundtrip,5,PASS,Bundle-Rundlauf ok
1784,k4_guide_coverage,10,PASS,en-Guide deckt Kernfunktionen
1785,k5_help_wiki,11,PASS,Wiki-Topic ok
1786,k6_text_quality,170,PASS,en: 40 Werte sauber
1787,k7_update_path,6,PASS,Update-Pfad ok
1788,k8_key_discipline,60,PASS,Schluesseldisziplin ok
1789,k9_dialog_invariants,3,PASS,special_income_dialog.py: Invarianten ok
1790,k10_regression_shield,14,PASS,Regressionsschild intakt
1791,k1_first_run_path,11,PASS,Erststartpfad ok
1792,k2_booking_lifecycle,11,PASS,Lebenszyklus ok
1793,k3_bundle_roundtrip,5,PASS,Bundle-Rundlauf ok
1794,k4_guide_coverage,10,PASS,fr-Guide deckt Kernfunktionen
1795,k5_help_wiki,11,PASS,Wiki-Topic ok
1796,k6_text_quality,200,PASS,fr: 40 Werte sauber
1797,k7_update_path,6,PASS,Update-Pfad ok
1798,k8_key_discipline,61,PASS,Schluesseldisziplin ok
1799,k9_dialog_invariants,3,PASS,startup_wizard.py: Invarianten ok
1800,k10_regression_shield,14,PASS,Regressionsschild intakt
1801,k1_first_run_path,11,PASS,Erststartpfad ok
1802,k2_booking_lifecycle,11,PASS,Lebenszyklus ok
1803,k3_bundle_roundtrip,5,PASS,Bundle-Rundlauf ok
1804,k4_guide_coverage,10,PASS,de-Guide deckt Kernfunktionen
1805,k5_help_wiki,11,PASS,Wiki-Topic ok
1806,k6_text_quality,182,PASS,de: 40 Werte sauber
1807,k7_update_path,6,PASS,Update-Pfad ok
1808,k8_key_discipline,78,PASS,Schluesseldisziplin ok
1809,k9_dialog_invariants,3,PASS,tags_manager_dialog.py: Invarianten ok
1810,k10_regression_shield,14,PASS,Regressionsschild intakt
1811,k1_first_run_path,11,PASS,Erststartpfad ok
1812,k2_booking_lifecycle,11,PASS,Lebenszyklus ok
1813,k3_bundle_roundtrip,5,PASS,Bundle-Rundlauf ok
1814,k4_guide_coverage,10,PASS,en-Guide deckt Kernfunktionen
1815,k5_help_wiki,11,PASS,Wiki-Topic ok
1816,k6_text_quality,200,PASS,en: 40 Werte sauber
1817,k7_update_path,6,PASS,Update-Pfad ok
1818,k8_key_discipline,60,PASS,Schluesseldisziplin ok
1819,k9_dialog_invariants,3,PASS,theme_editor_dialog.py: Invarianten ok
1820,k10_regression_shield,14,PASS,Regressionsschild intakt
1821,k1_first_run_path,11,PASS,Erststartpfad ok
1822,k2_booking_lifecycle,11,PASS,Lebenszyklus ok
1823,k3_bundle_roundtrip,5,PASS,Bundle-Rundlauf ok
1824,k4_guide_coverage,10,PASS,fr-Guide deckt Kernfunktionen
1825,k5_help_wiki,11,PASS,Wiki-Topic ok
1826,k6_text_quality,200,PASS,fr: 40 Werte sauber
1827,k7_update_path,6,PASS,Update-Pfad ok
1828,k8_key_discipline,60,PASS,Schluesseldisziplin ok
1829,k9_dialog_invariants,1,PASS,type_color_helper.py: Invarianten ok
1830,k10_regression_shield,14,PASS,Regressionsschild intakt
1831,k1_first_run_path,11,PASS,Erststartpfad ok
1832,k2_booking_lifecycle,11,PASS,Lebenszyklus ok
1833,k3_bundle_roundtrip,5,PASS,Bundle-Rundlauf ok
1834,k4_guide_coverage,10,PASS,de-Guide deckt Kernfunktionen
1835,k5_help_wiki,11,PASS,Wiki-Topic ok
1836,k6_text_quality,200,PASS,de: 40 Werte sauber
1837,k7_update_path,6,PASS,Update-Pfad ok
1838,k8_key_discipline,60,PASS,Schluesseldisziplin ok
1839,k9_dialog_invariants,1,PASS,ui_colors.py: Invarianten ok
1840,k10_regression_shield,14,PASS,Regressionsschild intakt
1841,k1_first_run_path,11,PASS,Erststartpfad ok
1842,k2_booking_lifecycle,11,PASS,Lebenszyklus ok
1843,k3_bundle_roundtrip,5,PASS,Bundle-Rundlauf ok
1844,k4_guide_coverage,10,PASS,en-Guide deckt Kernfunktionen
1845,k5_help_wiki,11,PASS,Wiki-Topic ok
1846,k6_text_quality,200,PASS,en: 40 Werte sauber
1847,k7_update_path,6,PASS,Update-Pfad ok
1848,k8_key_discipline,60,PASS,Schluesseldisziplin ok
1849,k9_dialog_invariants,3,PASS,update_dialog.py: Invarianten ok
1850,k10_regression_shield,14,PASS,Regressionsschild intakt
1851,k1_first_run_path,11,PASS,Erststartpfad ok
1852,k2_booking_lifecycle,11,PASS,Lebenszyklus ok
1853,k3_bundle_roundtrip,5,PASS,Bundle-Rundlauf ok
1854,k4_guide_coverage,10,PASS,fr-Guide deckt Kernfunktionen
1855,k5_help_wiki,11,PASS,Wiki-Topic ok
1856,k6_text_quality,200,PASS,fr: 40 Werte sauber
1857,k7_update_path,6,PASS,Update-Pfad ok
1858,k8_key_discipline,60,PASS,Schluesseldisziplin ok
1859,k9_dialog_invariants,1,PASS,account_data_hub.py: Invarianten ok
1860,k10_regression_shield,14,PASS,Regressionsschild intakt
1861,k1_first_run_path,11,PASS,Erststartpfad ok
1862,k2_booking_lifecycle,11,PASS,Lebenszyklus ok
1863,k3_bundle_roundtrip,5,PASS,Bundle-Rundlauf ok
1864,k4_guide_coverage,10,PASS,de-Guide deckt Kernfunktionen
1865,k5_help_wiki,11,PASS,Wiki-Topic ok
1866,k6_text_quality,200,PASS,de: 40 Werte sauber
1867,k7_update_path,6,PASS,Update-Pfad ok
1868,k8_key_discipline,42,PASS,Schluesseldisziplin ok
1869,k9_dialog_invariants,3,PASS,account_management_dialog.py: Invarianten ok
1870,k10_regression_shield,14,PASS,Regressionsschild intakt
1871,k1_first_run_path,11,PASS,Erststartpfad ok
1872,k2_booking_lifecycle,11,PASS,Lebenszyklus ok
1873,k3_bundle_roundtrip,5,PASS,Bundle-Rundlauf ok
1874,k4_guide_coverage,10,PASS,en-Guide deckt Kernfunktionen
1875,k5_help_wiki,11,PASS,Wiki-Topic ok
1876,k6_text_quality,100,PASS,en: 20 Werte sauber
1877,k7_update_path,6,PASS,Update-Pfad ok
1878,k8_key_discipline,1,PASS,Schluesseldisziplin ok
1879,k9_dialog_invariants,3,PASS,backup_restore_dialog.py: Invarianten ok
1880,k10_regression_shield,14,PASS,Regressionsschild intakt
1881,k1_first_run_path,11,PASS,Erststartpfad ok
1882,k2_booking_lifecycle,11,PASS,Lebenszyklus ok
1883,k3_bundle_roundtrip,5,PASS,Bundle-Rundlauf ok
1884,k4_guide_coverage,10,PASS,fr-Guide deckt Kernfunktionen
1885,k5_help_wiki,11,PASS,Wiki-Topic ok
1886,k6_text_quality,200,PASS,fr: 40 Werte sauber
1887,k7_update_path,6,PASS,Update-Pfad ok
1888,k8_key_discipline,60,PASS,Schluesseldisziplin ok
1889,k9_dialog_invariants,5,PASS,budget_adjustment_dialog.py: Invarianten ok
1890,k10_regression_shield,14,PASS,Regressionsschild intakt
1891,k1_first_run_path,11,PASS,Erststartpfad ok
1892,k2_booking_lifecycle,11,PASS,Lebenszyklus ok
1893,k3_bundle_roundtrip,5,PASS,Bundle-Rundlauf ok
1894,k4_guide_coverage,10,PASS,de-Guide deckt Kernfunktionen
1895,k5_help_wiki,11,PASS,Wiki-Topic ok
1896,k6_text_quality,194,PASS,de: 40 Werte sauber
1897,k7_update_path,6,PASS,Update-Pfad ok
1898,k8_key_discipline,65,PASS,Schluesseldisziplin ok
1899,k9_dialog_invariants,5,PASS,budget_entry_dialog_extended.py: Invarianten ok
1900,k10_regression_shield,14,PASS,Regressionsschild intakt
1901,k1_first_run_path,11,PASS,Erststartpfad ok
1902,k2_booking_lifecycle,11,PASS,Lebenszyklus ok
1903,k3_bundle_roundtrip,5,PASS,Bundle-Rundlauf ok
1904,k4_guide_coverage,10,PASS,en-Guide deckt Kernfunktionen
1905,k5_help_wiki,11,PASS,Wiki-Topic ok
1906,k6_text_quality,197,PASS,en: 40 Werte sauber
1907,k7_update_path,6,PASS,Update-Pfad ok
1908,k8_key_discipline,66,PASS,Schluesseldisziplin ok
1909,k9_dialog_invariants,3,PASS,budget_fill_dialog.py: Invarianten ok
1910,k10_regression_shield,14,PASS,Regressionsschild intakt
1911,k1_first_run_path,11,PASS,Erststartpfad ok
1912,k2_booking_lifecycle,11,PASS,Lebenszyklus ok
1913,k3_bundle_roundtrip,5,PASS,Bundle-Rundlauf ok
1914,k4_guide_coverage,10,PASS,fr-Guide deckt Kernfunktionen
1915,k5_help_wiki,11,PASS,Wiki-Topic ok
1916,k6_text_quality,188,PASS,fr: 40 Werte sauber
1917,k7_update_path,6,PASS,Update-Pfad ok
1918,k8_key_discipline,65,PASS,Schluesseldisziplin ok
1919,k9_dialog_invariants,3,PASS,category_delete_dialog.py: Invarianten ok
1920,k10_regression_shield,14,PASS,Regressionsschild intakt
1921,k1_first_run_path,11,PASS,Erststartpfad ok
1922,k2_booking_lifecycle,11,PASS,Lebenszyklus ok
1923,k3_bundle_roundtrip,5,PASS,Bundle-Rundlauf ok
1924,k4_guide_coverage,10,PASS,de-Guide deckt Kernfunktionen
1925,k5_help_wiki,11,PASS,Wiki-Topic ok
1926,k6_text_quality,182,PASS,de: 40 Werte sauber
1927,k7_update_path,6,PASS,Update-Pfad ok
1928,k8_key_discipline,60,PASS,Schluesseldisziplin ok
1929,k9_dialog_invariants,1,PASS,category_excel_io.py: Invarianten ok
1930,k10_regression_shield,14,PASS,Regressionsschild intakt
1931,k1_first_run_path,11,PASS,Erststartpfad ok
1932,k2_booking_lifecycle,11,PASS,Lebenszyklus ok
1933,k3_bundle_roundtrip,5,PASS,Bundle-Rundlauf ok
1934,k4_guide_coverage,10,PASS,en-Guide deckt Kernfunktionen
1935,k5_help_wiki,11,PASS,Wiki-Topic ok
1936,k6_text_quality,200,PASS,en: 40 Werte sauber
1937,k7_update_path,6,PASS,Update-Pfad ok
1938,k8_key_discipline,60,PASS,Schluesseldisziplin ok
1939,k9_dialog_invariants,3,PASS,category_manager_dialog.py: Invarianten ok
1940,k10_regression_shield,14,PASS,Regressionsschild intakt
1941,k1_first_run_path,11,PASS,Erststartpfad ok
1942,k2_booking_lifecycle,11,PASS,Lebenszyklus ok
1943,k3_bundle_roundtrip,5,PASS,Bundle-Rundlauf ok
1944,k4_guide_coverage,10,PASS,fr-Guide deckt Kernfunktionen
1945,k5_help_wiki,11,PASS,Wiki-Topic ok
1946,k6_text_quality,191,PASS,fr: 40 Werte sauber
1947,k7_update_path,6,PASS,Update-Pfad ok
1948,k8_key_discipline,60,PASS,Schluesseldisziplin ok
1949,k9_dialog_invariants,1,PASS,category_picker.py: Invarianten ok
1950,k10_regression_shield,14,PASS,Regressionsschild intakt
1951,k1_first_run_path,11,PASS,Erststartpfad ok
1952,k2_booking_lifecycle,11,PASS,Lebenszyklus ok
1953,k3_bundle_roundtrip,5,PASS,Bundle-Rundlauf ok
1954,k4_guide_coverage,10,PASS,de-Guide deckt Kernfunktionen
1955,k5_help_wiki,11,PASS,Wiki-Topic ok
1956,k6_text_quality,200,PASS,de: 40 Werte sauber
1957,k7_update_path,6,PASS,Update-Pfad ok
1958,k8_key_discipline,61,PASS,Schluesseldisziplin ok
1959,k9_dialog_invariants,7,PASS,category_properties_dialog.py: Invarianten ok
1960,k10_regression_shield,14,PASS,Regressionsschild intakt
1961,k1_first_run_path,11,PASS,Erststartpfad ok
1962,k2_booking_lifecycle,11,PASS,Lebenszyklus ok
1963,k3_bundle_roundtrip,5,PASS,Bundle-Rundlauf ok
1964,k4_guide_coverage,10,PASS,en-Guide deckt Kernfunktionen
1965,k5_help_wiki,11,PASS,Wiki-Topic ok
1966,k6_text_quality,200,PASS,en: 40 Werte sauber
1967,k7_update_path,6,PASS,Update-Pfad ok
1968,k8_key_discipline,60,PASS,Schluesseldisziplin ok
1969,k9_dialog_invariants,3,PASS,copy_year_dialog.py: Invarianten ok
1970,k10_regression_shield,14,PASS,Regressionsschild intakt
1971,k1_first_run_path,11,PASS,Erststartpfad ok
1972,k2_booking_lifecycle,11,PASS,Lebenszyklus ok
1973,k3_bundle_roundtrip,5,PASS,Bundle-Rundlauf ok
1974,k4_guide_coverage,10,PASS,fr-Guide deckt Kernfunktionen
1975,k5_help_wiki,11,PASS,Wiki-Topic ok
1976,k6_text_quality,200,PASS,fr: 40 Werte sauber
1977,k7_update_path,6,PASS,Update-Pfad ok
1978,k8_key_discipline,66,PASS,Schluesseldisziplin ok
1979,k9_dialog_invariants,3,PASS,database_management_dialog.py: Invarianten ok
1980,k10_regression_shield,14,PASS,Regressionsschild intakt
1981,k1_first_run_path,11,PASS,Erststartpfad ok
1982,k2_booking_lifecycle,11,PASS,Lebenszyklus ok
1983,k3_bundle_roundtrip,5,PASS,Bundle-Rundlauf ok
1984,k4_guide_coverage,10,PASS,de-Guide deckt Kernfunktionen
1985,k5_help_wiki,11,PASS,Wiki-Topic ok
1986,k6_text_quality,197,PASS,de: 40 Werte sauber
1987,k7_update_path,6,PASS,Update-Pfad ok
1988,k8_key_discipline,68,PASS,Schluesseldisziplin ok
1989,k9_dialog_invariants,3,PASS,export_dialog.py: Invarianten ok
1990,k10_regression_shield,14,PASS,Regressionsschild intakt
1991,k1_first_run_path,11,PASS,Erststartpfad ok
1992,k2_booking_lifecycle,11,PASS,Lebenszyklus ok
1993,k3_bundle_roundtrip,5,PASS,Bundle-Rundlauf ok
1994,k4_guide_coverage,10,PASS,en-Guide deckt Kernfunktionen
1995,k5_help_wiki,11,PASS,Wiki-Topic ok
1996,k6_text_quality,200,PASS,en: 40 Werte sauber
1997,k7_update_path,6,PASS,Update-Pfad ok
1998,k8_key_discipline,62,PASS,Schluesseldisziplin ok
1999,k9_dialog_invariants,3,PASS,favorites_dashboard_dialog.py: Invarianten ok
2000,k10_regression_shield,14,PASS,Regressionsschild intakt
2001,k1_first_run_path,11,PASS,Erststartpfad ok
2002,k2_booking_lifecycle,11,PASS,Lebenszyklus ok
2003,k3_bundle_roundtrip,5,PASS,Bundle-Rundlauf ok
2004,k4_guide_coverage,10,PASS,fr-Guide deckt Kernfunktionen
2005,k5_help_wiki,11,PASS,Wiki-Topic ok
2006,k6_text_quality,200,PASS,fr: 40 Werte sauber
2007,k7_update_path,6,PASS,Update-Pfad ok
2008,k8_key_discipline,70,PASS,Schluesseldisziplin ok
2009,k9_dialog_invariants,3,PASS,global_search_dialog.py: Invarianten ok
2010,k10_regression_shield,14,PASS,Regressionsschild intakt
2011,k1_first_run_path,11,PASS,Erststartpfad ok
2012,k2_booking_lifecycle,11,PASS,Lebenszyklus ok
2013,k3_bundle_roundtrip,5,PASS,Bundle-Rundlauf ok
2014,k4_guide_coverage,10,PASS,de-Guide deckt Kernfunktionen
2015,k5_help_wiki,11,PASS,Wiki-Topic ok
2016,k6_text_quality,200,PASS,de: 40 Werte sauber
2017,k7_update_path,6,PASS,Update-Pfad ok
2018,k8_key_discipline,60,PASS,Schluesseldisziplin ok
2019,k9_dialog_invariants,1,PASS,help_content.py: Invarianten ok
2020,k10_regression_shield,14,PASS,Regressionsschild intakt
2021,k1_first_run_path,11,PASS,Erststartpfad ok
2022,k2_booking_lifecycle,11,PASS,Lebenszyklus ok
2023,k3_bundle_roundtrip,5,PASS,Bundle-Rundlauf ok
2024,k4_guide_coverage,10,PASS,en-Guide deckt Kernfunktionen
2025,k5_help_wiki,11,PASS,Wiki-Topic ok
2026,k6_text_quality,200,PASS,en: 40 Werte sauber
2027,k7_update_path,6,PASS,Update-Pfad ok
2028,k8_key_discipline,60,PASS,Schluesseldisziplin ok
2029,k9_dialog_invariants,3,PASS,help_dialog.py: Invarianten ok
2030,k10_regression_shield,14,PASS,Regressionsschild intakt
2031,k1_first_run_path,11,PASS,Erststartpfad ok
2032,k2_booking_lifecycle,11,PASS,Lebenszyklus ok
2033,k3_bundle_roundtrip,5,PASS,Bundle-Rundlauf ok
2034,k4_guide_coverage,10,PASS,fr-Guide deckt Kernfunktionen
2035,k5_help_wiki,11,PASS,Wiki-Topic ok
2036,k6_text_quality,194,PASS,fr: 40 Werte sauber
2037,k7_update_path,6,PASS,Update-Pfad ok
2038,k8_key_discipline,60,PASS,Schluesseldisziplin ok
2039,k9_dialog_invariants,3,PASS,language_select_dialog.py: Invarianten ok
2040,k10_regression_shield,14,PASS,Regressionsschild intakt
2041,k1_first_run_path,11,PASS,Erststartpfad ok
2042,k2_booking_lifecycle,11,PASS,Lebenszyklus ok
2043,k3_bundle_roundtrip,5,PASS,Bundle-Rundlauf ok
2044,k4_guide_coverage,10,PASS,de-Guide deckt Kernfunktionen
2045,k5_help_wiki,11,PASS,Wiki-Topic ok
2046,k6_text_quality,200,PASS,de: 40 Werte sauber
2047,k7_update_path,6,PASS,Update-Pfad ok
2048,k8_key_discipline,65,PASS,Schluesseldisziplin ok
2049,k9_dialog_invariants,7,PASS,login_dialog.py: Invarianten ok
2050,k10_regression_shield,14,PASS,Regressionsschild intakt
2051,k1_first_run_path,11,PASS,Erststartpfad ok
2052,k2_booking_lifecycle,11,PASS,Lebenszyklus ok
2053,k3_bundle_roundtrip,5,PASS,Bundle-Rundlauf ok
2054,k4_guide_coverage,10,PASS,en-Guide deckt Kernfunktionen
2055,k5_help_wiki,11,PASS,Wiki-Topic ok
2056,k6_text_quality,200,PASS,en: 40 Werte sauber
2057,k7_update_path,6,PASS,Update-Pfad ok
2058,k8_key_discipline,60,PASS,Schluesseldisziplin ok
2059,k9_dialog_invariants,5,PASS,main_window.py: Invarianten ok
2060,k10_regression_shield,14,PASS,Regressionsschild intakt
2061,k1_first_run_path,11,PASS,Erststartpfad ok
2062,k2_booking_lifecycle,11,PASS,Lebenszyklus ok
2063,k3_bundle_roundtrip,5,PASS,Bundle-Rundlauf ok
2064,k4_guide_coverage,10,PASS,fr-Guide deckt Kernfunktionen
2065,k5_help_wiki,11,PASS,Wiki-Topic ok
2066,k6_text_quality,200,PASS,fr: 40 Werte sauber
2067,k7_update_path,6,PASS,Update-Pfad ok
2068,k8_key_discipline,62,PASS,Schluesseldisziplin ok
2069,k9_dialog_invariants,3,PASS,month_close_dialog.py: Invarianten ok
2070,k10_regression_shield,14,PASS,Regressionsschild intakt
2071,k1_first_run_path,11,PASS,Erststartpfad ok
2072,k2_booking_lifecycle,11,PASS,Lebenszyklus ok
2073,k3_bundle_roundtrip,5,PASS,Bundle-Rundlauf ok
2074,k4_guide_coverage,10,PASS,de-Guide deckt Kernfunktionen
2075,k5_help_wiki,11,PASS,Wiki-Topic ok
2076,k6_text_quality,194,PASS,de: 40 Werte sauber
2077,k7_update_path,6,PASS,Update-Pfad ok
2078,k8_key_discipline,60,PASS,Schluesseldisziplin ok
2079,k9_dialog_invariants,3,PASS,quick_add_dialog.py: Invarianten ok
2080,k10_regression_shield,14,PASS,Regressionsschild intakt
2081,k1_first_run_path,11,PASS,Erststartpfad ok
2082,k2_booking_lifecycle,11,PASS,Lebenszyklus ok
2083,k3_bundle_roundtrip,5,PASS,Bundle-Rundlauf ok
2084,k4_guide_coverage,10,PASS,en-Guide deckt Kernfunktionen
2085,k5_help_wiki,11,PASS,Wiki-Topic ok
2086,k6_text_quality,200,PASS,en: 40 Werte sauber
2087,k7_update_path,6,PASS,Update-Pfad ok
2088,k8_key_discipline,62,PASS,Schluesseldisziplin ok
2089,k9_dialog_invariants,1,PASS,reauth.py: Invarianten ok
2090,k10_regression_shield,14,PASS,Regressionsschild intakt
2091,k1_first_run_path,11,PASS,Erststartpfad ok
2092,k2_booking_lifecycle,11,PASS,Lebenszyklus ok
2093,k3_bundle_roundtrip,5,PASS,Bundle-Rundlauf ok
2094,k4_guide_coverage,10,PASS,fr-Guide deckt Kernfunktionen
2095,k5_help_wiki,11,PASS,Wiki-Topic ok
2096,k6_text_quality,200,PASS,fr: 40 Werte sauber
2097,k7_update_path,6,PASS,Update-Pfad ok
2098,k8_key_discipline,60,PASS,Schluesseldisziplin ok
2099,k9_dialog_invariants,3,PASS,recurring_bookings_dialog.py: Invarianten ok
2100,k10_regression_shield,14,PASS,Regressionsschild intakt
2101,k1_first_run_path,11,PASS,Erststartpfad ok
2102,k2_booking_lifecycle,11,PASS,Lebenszyklus ok
2103,k3_bundle_roundtrip,5,PASS,Bundle-Rundlauf ok
2104,k4_guide_coverage,10,PASS,de-Guide deckt Kernfunktionen
2105,k5_help_wiki,11,PASS,Wiki-Topic ok
2106,k6_text_quality,200,PASS,de: 40 Werte sauber
2107,k7_update_path,6,PASS,Update-Pfad ok
2108,k8_key_discipline,61,PASS,Schluesseldisziplin ok
2109,k9_dialog_invariants,3,PASS,restore_key_dialog.py: Invarianten ok
2110,k10_regression_shield,14,PASS,Regressionsschild intakt
2111,k1_first_run_path,11,PASS,Erststartpfad ok
2112,k2_booking_lifecycle,11,PASS,Lebenszyklus ok
2113,k3_bundle_roundtrip,5,PASS,Bundle-Rundlauf ok
2114,k4_guide_coverage,10,PASS,en-Guide deckt Kernfunktionen
2115,k5_help_wiki,11,PASS,Wiki-Topic ok
2116,k6_text_quality,200,PASS,en: 40 Werte sauber
2117,k7_update_path,6,PASS,Update-Pfad ok
2118,k8_key_discipline,61,PASS,Schluesseldisziplin ok
2119,k9_dialog_invariants,1,PASS,savings_goal_messages.py: Invarianten ok
2120,k10_regression_shield,14,PASS,Regressionsschild intakt
2121,k1_first_run_path,11,PASS,Erststartpfad ok
2122,k2_booking_lifecycle,11,PASS,Lebenszyklus ok
2123,k3_bundle_roundtrip,5,PASS,Bundle-Rundlauf ok
2124,k4_guide_coverage,10,PASS,fr-Guide deckt Kernfunktionen
2125,k5_help_wiki,11,PASS,Wiki-Topic ok
2126,k6_text_quality,200,PASS,fr: 40 Werte sauber
2127,k7_update_path,6,PASS,Update-Pfad ok
2128,k8_key_discipline,60,PASS,Schluesseldisziplin ok
2129,k9_dialog_invariants,7,PASS,savings_goals_dialog.py: Invarianten ok
2130,k10_regression_shield,14,PASS,Regressionsschild intakt
2131,k1_first_run_path,11,PASS,Erststartpfad ok
2132,k2_booking_lifecycle,11,PASS,Lebenszyklus ok
2133,k3_bundle_roundtrip,5,PASS,Bundle-Rundlauf ok
2134,k4_guide_coverage,10,PASS,de-Guide deckt Kernfunktionen
2135,k5_help_wiki,11,PASS,Wiki-Topic ok
2136,k6_text_quality,200,PASS,de: 40 Werte sauber
2137,k7_update_path,6,PASS,Update-Pfad ok
2138,k8_key_discipline,60,PASS,Schluesseldisziplin ok
2139,k9_dialog_invariants,3,PASS,setup_assistant_dialog.py: Invarianten ok
2140,k10_regression_shield,14,PASS,Regressionsschild intakt
2141,k1_first_run_path,11,PASS,Erststartpfad ok
2142,k2_booking_lifecycle,11,PASS,Lebenszyklus ok
2143,k3_bundle_roundtrip,5,PASS,Bundle-Rundlauf ok
2144,k4_guide_coverage,10,PASS,en-Guide deckt Kernfunktionen
2145,k5_help_wiki,11,PASS,Wiki-Topic ok
2146,k6_text_quality,194,PASS,en: 40 Werte sauber
2147,k7_update_path,6,PASS,Update-Pfad ok
2148,k8_key_discipline,60,PASS,Schluesseldisziplin ok
2149,k9_dialog_invariants,3,PASS,shortcuts_dialog.py: Invarianten ok
2150,k10_regression_shield,14,PASS,Regressionsschild intakt
2151,k1_first_run_path,11,PASS,Erststartpfad ok
2152,k2_booking_lifecycle,11,PASS,Lebenszyklus ok
2153,k3_bundle_roundtrip,5,PASS,Bundle-Rundlauf ok
2154,k4_guide_coverage,10,PASS,fr-Guide deckt Kernfunktionen
2155,k5_help_wiki,11,PASS,Wiki-Topic ok
2156,k6_text_quality,188,PASS,fr: 40 Werte sauber
2157,k7_update_path,6,PASS,Update-Pfad ok
2158,k8_key_discipline,60,PASS,Schluesseldisziplin ok
2159,k9_dialog_invariants,3,PASS,special_income_dialog.py: Invarianten ok
2160,k10_regression_shield,14,PASS,Regressionsschild intakt
2161,k1_first_run_path,11,PASS,Erststartpfad ok
2162,k2_booking_lifecycle,11,PASS,Lebenszyklus ok
2163,k3_bundle_roundtrip,5,PASS,Bundle-Rundlauf ok
2164,k4_guide_coverage,10,PASS,de-Guide deckt Kernfunktionen
2165,k5_help_wiki,11,PASS,Wiki-Topic ok
2166,k6_text_quality,188,PASS,de: 40 Werte sauber
2167,k7_update_path,6,PASS,Update-Pfad ok
2168,k8_key_discipline,62,PASS,Schluesseldisziplin ok
2169,k9_dialog_invariants,3,PASS,startup_wizard.py: Invarianten ok
2170,k10_regression_shield,14,PASS,Regressionsschild intakt
2171,k1_first_run_path,11,PASS,Erststartpfad ok
2172,k2_booking_lifecycle,11,PASS,Lebenszyklus ok
2173,k3_bundle_roundtrip,5,PASS,Bundle-Rundlauf ok
2174,k4_guide_coverage,10,PASS,en-Guide deckt Kernfunktionen
2175,k5_help_wiki,11,PASS,Wiki-Topic ok
2176,k6_text_quality,200,PASS,en: 40 Werte sauber
2177,k7_update_path,6,PASS,Update-Pfad ok
2178,k8_key_discipline,68,PASS,Schluesseldisziplin ok
2179,k9_dialog_invariants,3,PASS,tags_manager_dialog.py: Invarianten ok
2180,k10_regression_shield,14,PASS,Regressionsschild intakt
2181,k1_first_run_path,11,PASS,Erststartpfad ok
2182,k2_booking_lifecycle,11,PASS,Lebenszyklus ok
2183,k3_bundle_roundtrip,5,PASS,Bundle-Rundlauf ok
2184,k4_guide_coverage,10,PASS,fr-Guide deckt Kernfunktionen
2185,k5_help_wiki,11,PASS,Wiki-Topic ok
2186,k6_text_quality,197,PASS,fr: 40 Werte sauber
2187,k7_update_path,6,PASS,Update-Pfad ok
2188,k8_key_discipline,62,PASS,Schluesseldisziplin ok
2189,k9_dialog_invariants,3,PASS,theme_editor_dialog.py: Invarianten ok
2190,k10_regression_shield,14,PASS,Regressionsschild intakt
2191,k1_first_run_path,11,PASS,Erststartpfad ok
2192,k2_booking_lifecycle,11,PASS,Lebenszyklus ok
2193,k3_bundle_roundtrip,5,PASS,Bundle-Rundlauf ok
2194,k4_guide_coverage,10,PASS,de-Guide deckt Kernfunktionen
2195,k5_help_wiki,11,PASS,Wiki-Topic ok
2196,k6_text_quality,191,PASS,de: 40 Werte sauber
2197,k7_update_path,6,PASS,Update-Pfad ok
2198,k8_key_discipline,61,PASS,Schluesseldisziplin ok
2199,k9_dialog_invariants,1,PASS,type_color_helper.py: Invarianten ok
2200,k10_regression_shield,14,PASS,Regressionsschild intakt
2201,k1_first_run_path,11,PASS,Erststartpfad ok
2202,k2_booking_lifecycle,11,PASS,Lebenszyklus ok
2203,k3_bundle_roundtrip,5,PASS,Bundle-Rundlauf ok
2204,k4_guide_coverage,10,PASS,en-Guide deckt Kernfunktionen
2205,k5_help_wiki,11,PASS,Wiki-Topic ok
2206,k6_text_quality,200,PASS,en: 40 Werte sauber
2207,k7_update_path,6,PASS,Update-Pfad ok
2208,k8_key_discipline,60,PASS,Schluesseldisziplin ok
2209,k9_dialog_invariants,1,PASS,ui_colors.py: Invarianten ok
2210,k10_regression_shield,14,PASS,Regressionsschild intakt
2211,k1_first_run_path,11,PASS,Erststartpfad ok
2212,k2_booking_lifecycle,11,PASS,Lebenszyklus ok
2213,k3_bundle_roundtrip,5,PASS,Bundle-Rundlauf ok
2214,k4_guide_coverage,10,PASS,fr-Guide deckt Kernfunktionen
2215,k5_help_wiki,11,PASS,Wiki-Topic ok
2216,k6_text_quality,197,PASS,fr: 40 Werte sauber
2217,k7_update_path,6,PASS,Update-Pfad ok
2218,k8_key_discipline,60,PASS,Schluesseldisziplin ok
2219,k9_dialog_invariants,3,PASS,update_dialog.py: Invarianten ok
2220,k10_regression_shield,14,PASS,Regressionsschild intakt
2221,k1_first_run_path,11,PASS,Erststartpfad ok
2222,k2_booking_lifecycle,11,PASS,Lebenszyklus ok
2223,k3_bundle_roundtrip,5,PASS,Bundle-Rundlauf ok
2224,k4_guide_coverage,10,PASS,de-Guide deckt Kernfunktionen
2225,k5_help_wiki,11,PASS,Wiki-Topic ok
2226,k6_text_quality,200,PASS,de: 40 Werte sauber
2227,k7_update_path,6,PASS,Update-Pfad ok
2228,k8_key_discipline,60,PASS,Schluesseldisziplin ok
2229,k9_dialog_invariants,1,PASS,account_data_hub.py: Invarianten ok
2230,k10_regression_shield,14,PASS,Regressionsschild intakt
2231,k1_first_run_path,11,PASS,Erststartpfad ok
2232,k2_booking_lifecycle,11,PASS,Lebenszyklus ok
2233,k3_bundle_roundtrip,5,PASS,Bundle-Rundlauf ok
2234,k4_guide_coverage,10,PASS,en-Guide deckt Kernfunktionen
2235,k5_help_wiki,11,PASS,Wiki-Topic ok
2236,k6_text_quality,197,PASS,en: 40 Werte sauber
2237,k7_update_path,6,PASS,Update-Pfad ok
2238,k8_key_discipline,60,PASS,Schluesseldisziplin ok
2239,k9_dialog_invariants,3,PASS,account_management_dialog.py: Invarianten ok
2240,k10_regression_shield,14,PASS,Regressionsschild intakt
2241,k1_first_run_path,11,PASS,Erststartpfad ok
2242,k2_booking_lifecycle,11,PASS,Lebenszyklus ok
2243,k3_bundle_roundtrip,5,PASS,Bundle-Rundlauf ok
2244,k4_guide_coverage,10,PASS,fr-Guide deckt Kernfunktionen
2245,k5_help_wiki,11,PASS,Wiki-Topic ok
2246,k6_text_quality,197,PASS,fr: 40 Werte sauber
2247,k7_update_path,6,PASS,Update-Pfad ok
2248,k8_key_discipline,71,PASS,Schluesseldisziplin ok
2249,k9_dialog_invariants,3,PASS,backup_restore_dialog.py: Invarianten ok
2250,k10_regression_shield,14,PASS,Regressionsschild intakt
2251,k1_first_run_path,11,PASS,Erststartpfad ok
2252,k2_booking_lifecycle,11,PASS,Lebenszyklus ok
2253,k3_bundle_roundtrip,5,PASS,Bundle-Rundlauf ok
2254,k4_guide_coverage,10,PASS,de-Guide deckt Kernfunktionen
2255,k5_help_wiki,11,PASS,Wiki-Topic ok
2256,k6_text_quality,197,PASS,de: 40 Werte sauber
2257,k7_update_path,6,PASS,Update-Pfad ok
2258,k8_key_discipline,70,PASS,Schluesseldisziplin ok
2259,k9_dialog_invariants,5,PASS,budget_adjustment_dialog.py: Invarianten ok
2260,k10_regression_shield,14,PASS,Regressionsschild intakt
2261,k1_first_run_path,11,PASS,Erststartpfad ok
2262,k2_booking_lifecycle,11,PASS,Lebenszyklus ok
2263,k3_bundle_roundtrip,5,PASS,Bundle-Rundlauf ok
2264,k4_guide_coverage,10,PASS,en-Guide deckt Kernfunktionen
2265,k5_help_wiki,11,PASS,Wiki-Topic ok
2266,k6_text_quality,185,PASS,en: 40 Werte sauber
2267,k7_update_path,6,PASS,Update-Pfad ok
2268,k8_key_discipline,60,PASS,Schluesseldisziplin ok
2269,k9_dialog_invariants,5,PASS,budget_entry_dialog_extended.py: Invarianten ok
2270,k10_regression_shield,14,PASS,Regressionsschild intakt
2271,k1_first_run_path,11,PASS,Erststartpfad ok
2272,k2_booking_lifecycle,11,PASS,Lebenszyklus ok
2273,k3_bundle_roundtrip,5,PASS,Bundle-Rundlauf ok
2274,k4_guide_coverage,10,PASS,fr-Guide deckt Kernfunktionen
2275,k5_help_wiki,11,PASS,Wiki-Topic ok
2276,k6_text_quality,197,PASS,fr: 40 Werte sauber
2277,k7_update_path,6,PASS,Update-Pfad ok
2278,k8_key_discipline,60,PASS,Schluesseldisziplin ok
2279,k9_dialog_invariants,3,PASS,budget_fill_dialog.py: Invarianten ok
2280,k10_regression_shield,14,PASS,Regressionsschild intakt
2281,k1_first_run_path,11,PASS,Erststartpfad ok
2282,k2_booking_lifecycle,11,PASS,Lebenszyklus ok
2283,k3_bundle_roundtrip,5,PASS,Bundle-Rundlauf ok
2284,k4_guide_coverage,10,PASS,de-Guide deckt Kernfunktionen
2285,k5_help_wiki,11,PASS,Wiki-Topic ok
2286,k6_text_quality,200,PASS,de: 40 Werte sauber
2287,k7_update_path,6,PASS,Update-Pfad ok
2288,k8_key_discipline,61,PASS,Schluesseldisziplin ok
2289,k9_dialog_invariants,3,PASS,category_delete_dialog.py: Invarianten ok
2290,k10_regression_shield,14,PASS,Regressionsschild intakt
2291,k1_first_run_path,11,PASS,Erststartpfad ok
2292,k2_booking_lifecycle,11,PASS,Lebenszyklus ok
2293,k3_bundle_roundtrip,5,PASS,Bundle-Rundlauf ok
2294,k4_guide_coverage,10,PASS,en-Guide deckt Kernfunktionen
2295,k5_help_wiki,11,PASS,Wiki-Topic ok
2296,k6_text_quality,200,PASS,en: 40 Werte sauber
2297,k7_update_path,6,PASS,Update-Pfad ok
2298,k8_key_discipline,78,PASS,Schluesseldisziplin ok
2299,k9_dialog_invariants,1,PASS,category_excel_io.py: Invarianten ok
2300,k10_regression_shield,14,PASS,Regressionsschild intakt
2301,k1_first_run_path,11,PASS,Erststartpfad ok
2302,k2_booking_lifecycle,11,PASS,Lebenszyklus ok
2303,k3_bundle_roundtrip,5,PASS,Bundle-Rundlauf ok
2304,k4_guide_coverage,10,PASS,fr-Guide deckt Kernfunktionen
2305,k5_help_wiki,11,PASS,Wiki-Topic ok
2306,k6_text_quality,197,PASS,fr: 40 Werte sauber
2307,k7_update_path,6,PASS,Update-Pfad ok
2308,k8_key_discipline,60,PASS,Schluesseldisziplin ok
2309,k9_dialog_invariants,3,PASS,category_manager_dialog.py: Invarianten ok
2310,k10_regression_shield,14,PASS,Regressionsschild intakt
2311,k1_first_run_path,11,PASS,Erststartpfad ok
2312,k2_booking_lifecycle,11,PASS,Lebenszyklus ok
2313,k3_bundle_roundtrip,5,PASS,Bundle-Rundlauf ok
2314,k4_guide_coverage,10,PASS,de-Guide deckt Kernfunktionen
2315,k5_help_wiki,11,PASS,Wiki-Topic ok
2316,k6_text_quality,200,PASS,de: 40 Werte sauber
2317,k7_update_path,6,PASS,Update-Pfad ok
2318,k8_key_discipline,60,PASS,Schluesseldisziplin ok
2319,k9_dialog_invariants,1,PASS,category_picker.py: Invarianten ok
2320,k10_regression_shield,14,PASS,Regressionsschild intakt
2321,k1_first_run_path,11,PASS,Erststartpfad ok
2322,k2_booking_lifecycle,11,PASS,Lebenszyklus ok
2323,k3_bundle_roundtrip,5,PASS,Bundle-Rundlauf ok
2324,k4_guide_coverage,10,PASS,en-Guide deckt Kernfunktionen
2325,k5_help_wiki,11,PASS,Wiki-Topic ok
2326,k6_text_quality,200,PASS,en: 40 Werte sauber
2327,k7_update_path,6,PASS,Update-Pfad ok
2328,k8_key_discipline,60,PASS,Schluesseldisziplin ok
2329,k9_dialog_invariants,7,PASS,category_properties_dialog.py: Invarianten ok
2330,k10_regression_shield,14,PASS,Regressionsschild intakt
2331,k1_first_run_path,11,PASS,Erststartpfad ok
2332,k2_booking_lifecycle,11,PASS,Lebenszyklus ok
2333,k3_bundle_roundtrip,5,PASS,Bundle-Rundlauf ok
2334,k4_guide_coverage,10,PASS,fr-Guide deckt Kernfunktionen
2335,k5_help_wiki,11,PASS,Wiki-Topic ok
2336,k6_text_quality,200,PASS,fr: 40 Werte sauber
2337,k7_update_path,6,PASS,Update-Pfad ok
2338,k8_key_discipline,60,PASS,Schluesseldisziplin ok
2339,k9_dialog_invariants,3,PASS,copy_year_dialog.py: Invarianten ok
2340,k10_regression_shield,14,PASS,Regressionsschild intakt
2341,k1_first_run_path,11,PASS,Erststartpfad ok
2342,k2_booking_lifecycle,11,PASS,Lebenszyklus ok
2343,k3_bundle_roundtrip,5,PASS,Bundle-Rundlauf ok
2344,k4_guide_coverage,10,PASS,de-Guide deckt Kernfunktionen
2345,k5_help_wiki,11,PASS,Wiki-Topic ok
2346,k6_text_quality,188,PASS,de: 40 Werte sauber
2347,k7_update_path,6,PASS,Update-Pfad ok
2348,k8_key_discipline,60,PASS,Schluesseldisziplin ok
2349,k9_dialog_invariants,3,PASS,database_management_dialog.py: Invarianten ok
2350,k10_regression_shield,14,PASS,Regressionsschild intakt
2351,k1_first_run_path,11,PASS,Erststartpfad ok
2352,k2_booking_lifecycle,11,PASS,Lebenszyklus ok
2353,k3_bundle_roundtrip,5,PASS,Bundle-Rundlauf ok
2354,k4_guide_coverage,10,PASS,en-Guide deckt Kernfunktionen
2355,k5_help_wiki,11,PASS,Wiki-Topic ok
2356,k6_text_quality,197,PASS,en: 40 Werte sauber
2357,k7_update_path,6,PASS,Update-Pfad ok
2358,k8_key_discipline,60,PASS,Schluesseldisziplin ok
2359,k9_dialog_invariants,3,PASS,export_dialog.py: Invarianten ok
2360,k10_regression_shield,14,PASS,Regressionsschild intakt
2361,k1_first_run_path,11,PASS,Erststartpfad ok
2362,k2_booking_lifecycle,11,PASS,Lebenszyklus ok
2363,k3_bundle_roundtrip,5,PASS,Bundle-Rundlauf ok
2364,k4_guide_coverage,10,PASS,fr-Guide deckt Kernfunktionen
2365,k5_help_wiki,11,PASS,Wiki-Topic ok
2366,k6_text_quality,194,PASS,fr: 40 Werte sauber
2367,k7_update_path,6,PASS,Update-Pfad ok
2368,k8_key_discipline,60,PASS,Schluesseldisziplin ok
2369,k9_dialog_invariants,3,PASS,favorites_dashboard_dialog.py: Invarianten ok
2370,k10_regression_shield,14,PASS,Regressionsschild intakt
2371,k1_first_run_path,11,PASS,Erststartpfad ok
2372,k2_booking_lifecycle,11,PASS,Lebenszyklus ok
2373,k3_bundle_roundtrip,5,PASS,Bundle-Rundlauf ok
2374,k4_guide_coverage,10,PASS,de-Guide deckt Kernfunktionen
2375,k5_help_wiki,11,PASS,Wiki-Topic ok
2376,k6_text_quality,200,PASS,de: 40 Werte sauber
2377,k7_update_path,6,PASS,Update-Pfad ok
2378,k8_key_discipline,60,PASS,Schluesseldisziplin ok
2379,k9_dialog_invariants,3,PASS,global_search_dialog.py: Invarianten ok
2380,k10_regression_shield,14,PASS,Regressionsschild intakt
2381,k1_first_run_path,11,PASS,Erststartpfad ok
2382,k2_booking_lifecycle,11,PASS,Lebenszyklus ok
2383,k3_bundle_roundtrip,5,PASS,Bundle-Rundlauf ok
2384,k4_guide_coverage,10,PASS,en-Guide deckt Kernfunktionen
2385,k5_help_wiki,11,PASS,Wiki-Topic ok
2386,k6_text_quality,200,PASS,en: 40 Werte sauber
2387,k7_update_path,6,PASS,Update-Pfad ok
2388,k8_key_discipline,65,PASS,Schluesseldisziplin ok
2389,k9_dialog_invariants,1,PASS,help_content.py: Invarianten ok
2390,k10_regression_shield,14,PASS,Regressionsschild intakt
2391,k1_first_run_path,11,PASS,Erststartpfad ok
2392,k2_booking_lifecycle,11,PASS,Lebenszyklus ok
2393,k3_bundle_roundtrip,5,PASS,Bundle-Rundlauf ok
2394,k4_guide_coverage,10,PASS,fr-Guide deckt Kernfunktionen
2395,k5_help_wiki,11,PASS,Wiki-Topic ok
2396,k6_text_quality,200,PASS,fr: 40 Werte sauber
2397,k7_update_path,6,PASS,Update-Pfad ok
2398,k8_key_discipline,66,PASS,Schluesseldisziplin ok
2399,k9_dialog_invariants,3,PASS,help_dialog.py: Invarianten ok
2400,k10_regression_shield,14,PASS,Regressionsschild intakt
2401,k1_first_run_path,11,PASS,Erststartpfad ok
2402,k2_booking_lifecycle,11,PASS,Lebenszyklus ok
2403,k3_bundle_roundtrip,5,PASS,Bundle-Rundlauf ok
2404,k4_guide_coverage,10,PASS,de-Guide deckt Kernfunktionen
2405,k5_help_wiki,11,PASS,Wiki-Topic ok
2406,k6_text_quality,173,PASS,de: 40 Werte sauber
2407,k7_update_path,6,PASS,Update-Pfad ok
2408,k8_key_discipline,65,PASS,Schluesseldisziplin ok
2409,k9_dialog_invariants,3,PASS,language_select_dialog.py: Invarianten ok
2410,k10_regression_shield,14,PASS,Regressionsschild intakt
2411,k1_first_run_path,11,PASS,Erststartpfad ok
2412,k2_booking_lifecycle,11,PASS,Lebenszyklus ok
2413,k3_bundle_roundtrip,5,PASS,Bundle-Rundlauf ok
2414,k4_guide_coverage,10,PASS,en-Guide deckt Kernfunktionen
2415,k5_help_wiki,11,PASS,Wiki-Topic ok
2416,k6_text_quality,188,PASS,en: 40 Werte sauber
2417,k7_update_path,6,PASS,Update-Pfad ok
2418,k8_key_discipline,60,PASS,Schluesseldisziplin ok
2419,k9_dialog_invariants,7,PASS,login_dialog.py: Invarianten ok
2420,k10_regression_shield,14,PASS,Regressionsschild intakt
2421,k1_first_run_path,11,PASS,Erststartpfad ok
2422,k2_booking_lifecycle,11,PASS,Lebenszyklus ok
2423,k3_bundle_roundtrip,5,PASS,Bundle-Rundlauf ok
2424,k4_guide_coverage,10,PASS,fr-Guide deckt Kernfunktionen
2425,k5_help_wiki,11,PASS,Wiki-Topic ok
2426,k6_text_quality,191,PASS,fr: 40 Werte sauber
2427,k7_update_path,6,PASS,Update-Pfad ok
2428,k8_key_discipline,60,PASS,Schluesseldisziplin ok
2429,k9_dialog_invariants,5,PASS,main_window.py: Invarianten ok
2430,k10_regression_shield,14,PASS,Regressionsschild intakt
2431,k1_first_run_path,11,PASS,Erststartpfad ok
2432,k2_booking_lifecycle,11,PASS,Lebenszyklus ok
2433,k3_bundle_roundtrip,5,PASS,Bundle-Rundlauf ok
2434,k4_guide_coverage,10,PASS,de-Guide deckt Kernfunktionen
2435,k5_help_wiki,11,PASS,Wiki-Topic ok
2436,k6_text_quality,191,PASS,de: 40 Werte sauber
2437,k7_update_path,6,PASS,Update-Pfad ok
2438,k8_key_discipline,60,PASS,Schluesseldisziplin ok
2439,k9_dialog_invariants,3,PASS,month_close_dialog.py: Invarianten ok
2440,k10_regression_shield,14,PASS,Regressionsschild intakt
2441,k1_first_run_path,11,PASS,Erststartpfad ok
2442,k2_booking_lifecycle,11,PASS,Lebenszyklus ok
2443,k3_bundle_roundtrip,5,PASS,Bundle-Rundlauf ok
2444,k4_guide_coverage,10,PASS,en-Guide deckt Kernfunktionen
2445,k5_help_wiki,11,PASS,Wiki-Topic ok
2446,k6_text_quality,200,PASS,en: 40 Werte sauber
2447,k7_update_path,6,PASS,Update-Pfad ok
2448,k8_key_discipline,61,PASS,Schluesseldisziplin ok
2449,k9_dialog_invariants,3,PASS,quick_add_dialog.py: Invarianten ok
2450,k10_regression_shield,14,PASS,Regressionsschild intakt
2451,k1_first_run_path,11,PASS,Erststartpfad ok
2452,k2_booking_lifecycle,11,PASS,Lebenszyklus ok
2453,k3_bundle_roundtrip,5,PASS,Bundle-Rundlauf ok
2454,k4_guide_coverage,10,PASS,fr-Guide deckt Kernfunktionen
2455,k5_help_wiki,11,PASS,Wiki-Topic ok
2456,k6_text_quality,200,PASS,fr: 40 Werte sauber
2457,k7_update_path,6,PASS,Update-Pfad ok
2458,k8_key_discipline,60,PASS,Schluesseldisziplin ok
2459,k9_dialog_invariants,1,PASS,reauth.py: Invarianten ok
2460,k10_regression_shield,14,PASS,Regressionsschild intakt
2461,k1_first_run_path,11,PASS,Erststartpfad ok
2462,k2_booking_lifecycle,11,PASS,Lebenszyklus ok
2463,k3_bundle_roundtrip,5,PASS,Bundle-Rundlauf ok
2464,k4_guide_coverage,10,PASS,de-Guide deckt Kernfunktionen
2465,k5_help_wiki,11,PASS,Wiki-Topic ok
2466,k6_text_quality,200,PASS,de: 40 Werte sauber
2467,k7_update_path,6,PASS,Update-Pfad ok
2468,k8_key_discipline,66,PASS,Schluesseldisziplin ok
2469,k9_dialog_invariants,3,PASS,recurring_bookings_dialog.py: Invarianten ok
2470,k10_regression_shield,14,PASS,Regressionsschild intakt
2471,k1_first_run_path,11,PASS,Erststartpfad ok
2472,k2_booking_lifecycle,11,PASS,Lebenszyklus ok
2473,k3_bundle_roundtrip,5,PASS,Bundle-Rundlauf ok
2474,k4_guide_coverage,10,PASS,en-Guide deckt Kernfunktionen
2475,k5_help_wiki,11,PASS,Wiki-Topic ok
2476,k6_text_quality,200,PASS,en: 40 Werte sauber
2477,k7_update_path,6,PASS,Update-Pfad ok
2478,k8_key_discipline,68,PASS,Schluesseldisziplin ok
2479,k9_dialog_invariants,3,PASS,restore_key_dialog.py: Invarianten ok
2480,k10_regression_shield,14,PASS,Regressionsschild intakt
2481,k1_first_run_path,11,PASS,Erststartpfad ok
2482,k2_booking_lifecycle,11,PASS,Lebenszyklus ok
2483,k3_bundle_roundtrip,5,PASS,Bundle-Rundlauf ok
2484,k4_guide_coverage,10,PASS,fr-Guide deckt Kernfunktionen
2485,k5_help_wiki,11,PASS,Wiki-Topic ok
2486,k6_text_quality,200,PASS,fr: 40 Werte sauber
2487,k7_update_path,6,PASS,Update-Pfad ok
2488,k8_key_discipline,58,PASS,Schluesseldisziplin ok
2489,k9_dialog_invariants,1,PASS,savings_goal_messages.py: Invarianten ok
2490,k10_regression_shield,14,PASS,Regressionsschild intakt
2491,k1_first_run_path,11,PASS,Erststartpfad ok
2492,k2_booking_lifecycle,11,PASS,Lebenszyklus ok
2493,k3_bundle_roundtrip,5,PASS,Bundle-Rundlauf ok
2494,k4_guide_coverage,10,PASS,de-Guide deckt Kernfunktionen
2495,k5_help_wiki,11,PASS,Wiki-Topic ok
2496,k6_text_quality,195,PASS,de: 39 Werte sauber
2497,k7_update_path,6,PASS,Update-Pfad ok
2498,k8_key_discipline,25,PASS,Schluesseldisziplin ok
2499,k9_dialog_invariants,7,PASS,savings_goals_dialog.py: Invarianten ok
2500,k10_regression_shield,14,PASS,Regressionsschild intakt
2501,k1_first_run_path,11,PASS,Erststartpfad ok
2502,k2_booking_lifecycle,11,PASS,Lebenszyklus ok
2503,k3_bundle_roundtrip,5,PASS,Bundle-Rundlauf ok
2504,k4_guide_coverage,10,PASS,en-Guide deckt Kernfunktionen
2505,k5_help_wiki,11,PASS,Wiki-Topic ok
2506,k6_text_quality,10,PASS,en: 2 Werte sauber
2507,k7_update_path,6,PASS,Update-Pfad ok
2508,k8_key_discipline,60,PASS,Schluesseldisziplin ok
2509,k9_dialog_invariants,3,PASS,setup_assistant_dialog.py: Invarianten ok
2510,k10_regression_shield,14,PASS,Regressionsschild intakt
2511,k1_first_run_path,11,PASS,Erststartpfad ok
2512,k2_booking_lifecycle,11,PASS,Lebenszyklus ok
2513,k3_bundle_roundtrip,5,PASS,Bundle-Rundlauf ok
2514,k4_guide_coverage,10,PASS,fr-Guide deckt Kernfunktionen
2515,k5_help_wiki,11,PASS,Wiki-Topic ok
2516,k6_text_quality,200,PASS,fr: 40 Werte sauber
2517,k7_update_path,6,PASS,Update-Pfad ok
2518,k8_key_discipline,60,PASS,Schluesseldisziplin ok
2519,k9_dialog_invariants,3,PASS,shortcuts_dialog.py: Invarianten ok
2520,k10_regression_shield,14,PASS,Regressionsschild intakt
2521,k1_first_run_path,11,PASS,Erststartpfad ok
2522,k2_booking_lifecycle,11,PASS,Lebenszyklus ok
2523,k3_bundle_roundtrip,5,PASS,Bundle-Rundlauf ok
2524,k4_guide_coverage,10,PASS,de-Guide deckt Kernfunktionen
2525,k5_help_wiki,11,PASS,Wiki-Topic ok
2526,k6_text_quality,194,PASS,de: 40 Werte sauber
2527,k7_update_path,6,PASS,Update-Pfad ok
2528,k8_key_discipline,60,PASS,Schluesseldisziplin ok
2529,k9_dialog_invariants,3,PASS,special_income_dialog.py: Invarianten ok
2530,k10_regression_shield,14,PASS,Regressionsschild intakt
2531,k1_first_run_path,11,PASS,Erststartpfad ok
2532,k2_booking_lifecycle,11,PASS,Lebenszyklus ok
2533,k3_bundle_roundtrip,5,PASS,Bundle-Rundlauf ok
2534,k4_guide_coverage,10,PASS,en-Guide deckt Kernfunktionen
2535,k5_help_wiki,11,PASS,Wiki-Topic ok
2536,k6_text_quality,194,PASS,en: 40 Werte sauber
2537,k7_update_path,6,PASS,Update-Pfad ok
2538,k8_key_discipline,65,PASS,Schluesseldisziplin ok
2539,k9_dialog_invariants,3,PASS,startup_wizard.py: Invarianten ok
2540,k10_regression_shield,14,PASS,Regressionsschild intakt
2541,k1_first_run_path,11,PASS,Erststartpfad ok
2542,k2_booking_lifecycle,11,PASS,Lebenszyklus ok
2543,k3_bundle_roundtrip,5,PASS,Bundle-Rundlauf ok
2544,k4_guide_coverage,10,PASS,fr-Guide deckt Kernfunktionen
2545,k5_help_wiki,11,PASS,Wiki-Topic ok
2546,k6_text_quality,179,PASS,fr: 40 Werte sauber
2547,k7_update_path,6,PASS,Update-Pfad ok
2548,k8_key_discipline,60,PASS,Schluesseldisziplin ok
2549,k9_dialog_invariants,3,PASS,tags_manager_dialog.py: Invarianten ok
2550,k10_regression_shield,14,PASS,Regressionsschild intakt
2551,k1_first_run_path,11,PASS,Erststartpfad ok
2552,k2_booking_lifecycle,11,PASS,Lebenszyklus ok
2553,k3_bundle_roundtrip,5,PASS,Bundle-Rundlauf ok
2554,k4_guide_coverage,10,PASS,de-Guide deckt Kernfunktionen
2555,k5_help_wiki,11,PASS,Wiki-Topic ok
2556,k6_text_quality,194,PASS,de: 40 Werte sauber
2557,k7_update_path,6,PASS,Update-Pfad ok
2558,k8_key_discipline,62,PASS,Schluesseldisziplin ok
2559,k9_dialog_invariants,3,PASS,theme_editor_dialog.py: Invarianten ok
2560,k10_regression_shield,14,PASS,Regressionsschild intakt
2561,k1_first_run_path,11,PASS,Erststartpfad ok
2562,k2_booking_lifecycle,11,PASS,Lebenszyklus ok
2563,k3_bundle_roundtrip,5,PASS,Bundle-Rundlauf ok
2564,k4_guide_coverage,10,PASS,en-Guide deckt Kernfunktionen
2565,k5_help_wiki,11,PASS,Wiki-Topic ok
2566,k6_text_quality,200,PASS,en: 40 Werte sauber
2567,k7_update_path,6,PASS,Update-Pfad ok
2568,k8_key_discipline,60,PASS,Schluesseldisziplin ok
2569,k9_dialog_invariants,1,PASS,type_color_helper.py: Invarianten ok
2570,k10_regression_shield,14,PASS,Regressionsschild intakt
2571,k1_first_run_path,11,PASS,Erststartpfad ok
2572,k2_booking_lifecycle,11,PASS,Lebenszyklus ok
2573,k3_bundle_roundtrip,5,PASS,Bundle-Rundlauf ok
2574,k4_guide_coverage,10,PASS,fr-Guide deckt Kernfunktionen
2575,k5_help_wiki,11,PASS,Wiki-Topic ok
2576,k6_text_quality,191,PASS,fr: 40 Werte sauber
2577,k7_update_path,6,PASS,Update-Pfad ok
2578,k8_key_discipline,62,PASS,Schluesseldisziplin ok
2579,k9_dialog_invariants,1,PASS,ui_colors.py: Invarianten ok
2580,k10_regression_shield,14,PASS,Regressionsschild intakt
2581,k1_first_run_path,11,PASS,Erststartpfad ok
2582,k2_booking_lifecycle,11,PASS,Lebenszyklus ok
2583,k3_bundle_roundtrip,5,PASS,Bundle-Rundlauf ok
2584,k4_guide_coverage,10,PASS,de-Guide deckt Kernfunktionen
2585,k5_help_wiki,11,PASS,Wiki-Topic ok
2586,k6_text_quality,200,PASS,de: 40 Werte sauber
2587,k7_update_path,6,PASS,Update-Pfad ok
2588,k8_key_discipline,60,PASS,Schluesseldisziplin ok
2589,k9_dialog_invariants,3,PASS,update_dialog.py: Invarianten ok
2590,k10_regression_shield,14,PASS,Regressionsschild intakt
2591,k1_first_run_path,11,PASS,Erststartpfad ok
2592,k2_booking_lifecycle,11,PASS,Lebenszyklus ok
2593,k3_bundle_roundtrip,5,PASS,Bundle-Rundlauf ok
2594,k4_guide_coverage,10,PASS,en-Guide deckt Kernfunktionen
2595,k5_help_wiki,11,PASS,Wiki-Topic ok
2596,k6_text_quality,200,PASS,en: 40 Werte sauber
2597,k7_update_path,6,PASS,Update-Pfad ok
2598,k8_key_discipline,61,PASS,Schluesseldisziplin ok
2599,k9_dialog_invariants,1,PASS,account_data_hub.py: Invarianten ok
2600,k10_regression_shield,14,PASS,Regressionsschild intakt
2601,k1_first_run_path,11,PASS,Erststartpfad ok
2602,k2_booking_lifecycle,11,PASS,Lebenszyklus ok
2603,k3_bundle_roundtrip,5,PASS,Bundle-Rundlauf ok
2604,k4_guide_coverage,10,PASS,fr-Guide deckt Kernfunktionen
2605,k5_help_wiki,11,PASS,Wiki-Topic ok
2606,k6_text_quality,197,PASS,fr: 40 Werte sauber
2607,k7_update_path,6,PASS,Update-Pfad ok
2608,k8_key_discipline,61,PASS,Schluesseldisziplin ok
2609,k9_dialog_invariants,3,PASS,account_management_dialog.py: Invarianten ok
2610,k10_regression_shield,14,PASS,Regressionsschild intakt
2611,k1_first_run_path,11,PASS,Erststartpfad ok
2612,k2_booking_lifecycle,11,PASS,Lebenszyklus ok
2613,k3_bundle_roundtrip,5,PASS,Bundle-Rundlauf ok
2614,k4_guide_coverage,10,PASS,de-Guide deckt Kernfunktionen
2615,k5_help_wiki,11,PASS,Wiki-Topic ok
2616,k6_text_quality,200,PASS,de: 40 Werte sauber
2617,k7_update_path,6,PASS,Update-Pfad ok
2618,k8_key_discipline,60,PASS,Schluesseldisziplin ok
2619,k9_dialog_invariants,3,PASS,backup_restore_dialog.py: Invarianten ok
2620,k10_regression_shield,14,PASS,Regressionsschild intakt
2621,k1_first_run_path,11,PASS,Erststartpfad ok
2622,k2_booking_lifecycle,11,PASS,Lebenszyklus ok
2623,k3_bundle_roundtrip,5,PASS,Bundle-Rundlauf ok
2624,k4_guide_coverage,10,PASS,en-Guide deckt Kernfunktionen
2625,k5_help_wiki,11,PASS,Wiki-Topic ok
2626,k6_text_quality,200,PASS,en: 40 Werte sauber
2627,k7_update_path,6,PASS,Update-Pfad ok
2628,k8_key_discipline,60,PASS,Schluesseldisziplin ok
2629,k9_dialog_invariants,5,PASS,budget_adjustment_dialog.py: Invarianten ok
2630,k10_regression_shield,14,PASS,Regressionsschild intakt
2631,k1_first_run_path,11,PASS,Erststartpfad ok
2632,k2_booking_lifecycle,11,PASS,Lebenszyklus ok
2633,k3_bundle_roundtrip,5,PASS,Bundle-Rundlauf ok
2634,k4_guide_coverage,10,PASS,fr-Guide deckt Kernfunktionen
2635,k5_help_wiki,11,PASS,Wiki-Topic ok
2636,k6_text_quality,200,PASS,fr: 40 Werte sauber
2637,k7_update_path,6,PASS,Update-Pfad ok
2638,k8_key_discipline,60,PASS,Schluesseldisziplin ok
2639,k9_dialog_invariants,5,PASS,budget_entry_dialog_extended.py: Invarianten ok
2640,k10_regression_shield,14,PASS,Regressionsschild intakt
2641,k1_first_run_path,11,PASS,Erststartpfad ok
2642,k2_booking_lifecycle,11,PASS,Lebenszyklus ok
2643,k3_bundle_roundtrip,5,PASS,Bundle-Rundlauf ok
2644,k4_guide_coverage,10,PASS,de-Guide deckt Kernfunktionen
2645,k5_help_wiki,11,PASS,Wiki-Topic ok
2646,k6_text_quality,200,PASS,de: 40 Werte sauber
2647,k7_update_path,6,PASS,Update-Pfad ok
2648,k8_key_discipline,60,PASS,Schluesseldisziplin ok
2649,k9_dialog_invariants,3,PASS,budget_fill_dialog.py: Invarianten ok
2650,k10_regression_shield,14,PASS,Regressionsschild intakt
2651,k1_first_run_path,11,PASS,Erststartpfad ok
2652,k2_booking_lifecycle,11,PASS,Lebenszyklus ok
2653,k3_bundle_roundtrip,5,PASS,Bundle-Rundlauf ok
2654,k4_guide_coverage,10,PASS,en-Guide deckt Kernfunktionen
2655,k5_help_wiki,11,PASS,Wiki-Topic ok
2656,k6_text_quality,200,PASS,en: 40 Werte sauber
2657,k7_update_path,6,PASS,Update-Pfad ok
2658,k8_key_discipline,62,PASS,Schluesseldisziplin ok
2659,k9_dialog_invariants,3,PASS,category_delete_dialog.py: Invarianten ok
2660,k10_regression_shield,14,PASS,Regressionsschild intakt
2661,k1_first_run_path,11,PASS,Erststartpfad ok
2662,k2_booking_lifecycle,11,PASS,Lebenszyklus ok
2663,k3_bundle_roundtrip,5,PASS,Bundle-Rundlauf ok
2664,k4_guide_coverage,10,PASS,fr-Guide deckt Kernfunktionen
2665,k5_help_wiki,11,PASS,Wiki-Topic ok
2666,k6_text_quality,194,PASS,fr: 40 Werte sauber
2667,k7_update_path,6,PASS,Update-Pfad ok
2668,k8_key_discipline,68,PASS,Schluesseldisziplin ok
2669,k9_dialog_invariants,1,PASS,category_excel_io.py: Invarianten ok
2670,k10_regression_shield,14,PASS,Regressionsschild intakt
2671,k1_first_run_path,11,PASS,Erststartpfad ok
2672,k2_booking_lifecycle,11,PASS,Lebenszyklus ok
2673,k3_bundle_roundtrip,5,PASS,Bundle-Rundlauf ok
2674,k4_guide_coverage,10,PASS,de-Guide deckt Kernfunktionen
2675,k5_help_wiki,11,PASS,Wiki-Topic ok
2676,k6_text_quality,200,PASS,de: 40 Werte sauber
2677,k7_update_path,6,PASS,Update-Pfad ok
2678,k8_key_discipline,62,PASS,Schluesseldisziplin ok
2679,k9_dialog_invariants,3,PASS,category_manager_dialog.py: Invarianten ok
2680,k10_regression_shield,14,PASS,Regressionsschild intakt
2681,k1_first_run_path,11,PASS,Erststartpfad ok
2682,k2_booking_lifecycle,11,PASS,Lebenszyklus ok
2683,k3_bundle_roundtrip,5,PASS,Bundle-Rundlauf ok
2684,k4_guide_coverage,10,PASS,en-Guide deckt Kernfunktionen
2685,k5_help_wiki,11,PASS,Wiki-Topic ok
2686,k6_text_quality,200,PASS,en: 40 Werte sauber
2687,k7_update_path,6,PASS,Update-Pfad ok
2688,k8_key_discipline,61,PASS,Schluesseldisziplin ok
2689,k9_dialog_invariants,1,PASS,category_picker.py: Invarianten ok
2690,k10_regression_shield,14,PASS,Regressionsschild intakt
2691,k1_first_run_path,11,PASS,Erststartpfad ok
2692,k2_booking_lifecycle,11,PASS,Lebenszyklus ok
2693,k3_bundle_roundtrip,5,PASS,Bundle-Rundlauf ok
2694,k4_guide_coverage,10,PASS,fr-Guide deckt Kernfunktionen
2695,k5_help_wiki,11,PASS,Wiki-Topic ok
2696,k6_text_quality,194,PASS,fr: 40 Werte sauber
2697,k7_update_path,6,PASS,Update-Pfad ok
2698,k8_key_discipline,60,PASS,Schluesseldisziplin ok
2699,k9_dialog_invariants,7,PASS,category_properties_dialog.py: Invarianten ok
2700,k10_regression_shield,14,PASS,Regressionsschild intakt
2701,k1_first_run_path,11,PASS,Erststartpfad ok
2702,k2_booking_lifecycle,11,PASS,Lebenszyklus ok
2703,k3_bundle_roundtrip,5,PASS,Bundle-Rundlauf ok
2704,k4_guide_coverage,10,PASS,de-Guide deckt Kernfunktionen
2705,k5_help_wiki,11,PASS,Wiki-Topic ok
2706,k6_text_quality,200,PASS,de: 40 Werte sauber
2707,k7_update_path,6,PASS,Update-Pfad ok
2708,k8_key_discipline,60,PASS,Schluesseldisziplin ok
2709,k9_dialog_invariants,3,PASS,copy_year_dialog.py: Invarianten ok
2710,k10_regression_shield,14,PASS,Regressionsschild intakt
2711,k1_first_run_path,11,PASS,Erststartpfad ok
2712,k2_booking_lifecycle,11,PASS,Lebenszyklus ok
2713,k3_bundle_roundtrip,5,PASS,Bundle-Rundlauf ok
2714,k4_guide_coverage,10,PASS,en-Guide deckt Kernfunktionen
2715,k5_help_wiki,11,PASS,Wiki-Topic ok
2716,k6_text_quality,200,PASS,en: 40 Werte sauber
2717,k7_update_path,6,PASS,Update-Pfad ok
2718,k8_key_discipline,60,PASS,Schluesseldisziplin ok
2719,k9_dialog_invariants,3,PASS,database_management_dialog.py: Invarianten ok
2720,k10_regression_shield,14,PASS,Regressionsschild intakt
2721,k1_first_run_path,11,PASS,Erststartpfad ok
2722,k2_booking_lifecycle,11,PASS,Lebenszyklus ok
2723,k3_bundle_roundtrip,5,PASS,Bundle-Rundlauf ok
2724,k4_guide_coverage,10,PASS,fr-Guide deckt Kernfunktionen
2725,k5_help_wiki,11,PASS,Wiki-Topic ok
2726,k6_text_quality,200,PASS,fr: 40 Werte sauber
2727,k7_update_path,6,PASS,Update-Pfad ok
2728,k8_key_discipline,60,PASS,Schluesseldisziplin ok
2729,k9_dialog_invariants,3,PASS,export_dialog.py: Invarianten ok
2730,k10_regression_shield,14,PASS,Regressionsschild intakt
2731,k1_first_run_path,11,PASS,Erststartpfad ok
2732,k2_booking_lifecycle,11,PASS,Lebenszyklus ok
2733,k3_bundle_roundtrip,5,PASS,Bundle-Rundlauf ok
2734,k4_guide_coverage,10,PASS,de-Guide deckt Kernfunktionen
2735,k5_help_wiki,11,PASS,Wiki-Topic ok
2736,k6_text_quality,200,PASS,de: 40 Werte sauber
2737,k7_update_path,6,PASS,Update-Pfad ok
2738,k8_key_discipline,71,PASS,Schluesseldisziplin ok
2739,k9_dialog_invariants,3,PASS,favorites_dashboard_dialog.py: Invarianten ok
2740,k10_regression_shield,14,PASS,Regressionsschild intakt
2741,k1_first_run_path,11,PASS,Erststartpfad ok
2742,k2_booking_lifecycle,11,PASS,Lebenszyklus ok
2743,k3_bundle_roundtrip,5,PASS,Bundle-Rundlauf ok
2744,k4_guide_coverage,10,PASS,en-Guide deckt Kernfunktionen
2745,k5_help_wiki,11,PASS,Wiki-Topic ok
2746,k6_text_quality,200,PASS,en: 40 Werte sauber
2747,k7_update_path,6,PASS,Update-Pfad ok
2748,k8_key_discipline,70,PASS,Schluesseldisziplin ok
2749,k9_dialog_invariants,3,PASS,global_search_dialog.py: Invarianten ok
2750,k10_regression_shield,14,PASS,Regressionsschild intakt
2751,k1_first_run_path,11,PASS,Erststartpfad ok
2752,k2_booking_lifecycle,11,PASS,Lebenszyklus ok
2753,k3_bundle_roundtrip,5,PASS,Bundle-Rundlauf ok
2754,k4_guide_coverage,10,PASS,fr-Guide deckt Kernfunktionen
2755,k5_help_wiki,11,PASS,Wiki-Topic ok
2756,k6_text_quality,200,PASS,fr: 40 Werte sauber
2757,k7_update_path,6,PASS,Update-Pfad ok
2758,k8_key_discipline,60,PASS,Schluesseldisziplin ok
2759,k9_dialog_invariants,1,PASS,help_content.py: Invarianten ok
2760,k10_regression_shield,14,PASS,Regressionsschild intakt
2761,k1_first_run_path,11,PASS,Erststartpfad ok
2762,k2_booking_lifecycle,11,PASS,Lebenszyklus ok
2763,k3_bundle_roundtrip,5,PASS,Bundle-Rundlauf ok
2764,k4_guide_coverage,10,PASS,de-Guide deckt Kernfunktionen
2765,k5_help_wiki,11,PASS,Wiki-Topic ok
2766,k6_text_quality,194,PASS,de: 40 Werte sauber
2767,k7_update_path,6,PASS,Update-Pfad ok
2768,k8_key_discipline,60,PASS,Schluesseldisziplin ok
2769,k9_dialog_invariants,3,PASS,help_dialog.py: Invarianten ok
2770,k10_regression_shield,14,PASS,Regressionsschild intakt
2771,k1_first_run_path,11,PASS,Erststartpfad ok
2772,k2_booking_lifecycle,11,PASS,Lebenszyklus ok
2773,k3_bundle_roundtrip,5,PASS,Bundle-Rundlauf ok
2774,k4_guide_coverage,10,PASS,en-Guide deckt Kernfunktionen
2775,k5_help_wiki,11,PASS,Wiki-Topic ok
2776,k6_text_quality,197,PASS,en: 40 Werte sauber
2777,k7_update_path,6,PASS,Update-Pfad ok
2778,k8_key_discipline,61,PASS,Schluesseldisziplin ok
2779,k9_dialog_invariants,3,PASS,language_select_dialog.py: Invarianten ok
2780,k10_regression_shield,14,PASS,Regressionsschild intakt
2781,k1_first_run_path,11,PASS,Erststartpfad ok
2782,k2_booking_lifecycle,11,PASS,Lebenszyklus ok
2783,k3_bundle_roundtrip,5,PASS,Bundle-Rundlauf ok
2784,k4_guide_coverage,10,PASS,fr-Guide deckt Kernfunktionen
2785,k5_help_wiki,11,PASS,Wiki-Topic ok
2786,k6_text_quality,191,PASS,fr: 40 Werte sauber
2787,k7_update_path,6,PASS,Update-Pfad ok
2788,k8_key_discipline,78,PASS,Schluesseldisziplin ok
2789,k9_dialog_invariants,7,PASS,login_dialog.py: Invarianten ok
2790,k10_regression_shield,14,PASS,Regressionsschild intakt
2791,k1_first_run_path,11,PASS,Erststartpfad ok
2792,k2_booking_lifecycle,11,PASS,Lebenszyklus ok
2793,k3_bundle_roundtrip,5,PASS,Bundle-Rundlauf ok
2794,k4_guide_coverage,10,PASS,de-Guide deckt Kernfunktionen
2795,k5_help_wiki,11,PASS,Wiki-Topic ok
2796,k6_text_quality,191,PASS,de: 40 Werte sauber
2797,k7_update_path,6,PASS,Update-Pfad ok
2798,k8_key_discipline,60,PASS,Schluesseldisziplin ok
2799,k9_dialog_invariants,5,PASS,main_window.py: Invarianten ok
2800,k10_regression_shield,14,PASS,Regressionsschild intakt
2801,k1_first_run_path,11,PASS,Erststartpfad ok
2802,k2_booking_lifecycle,11,PASS,Lebenszyklus ok
2803,k3_bundle_roundtrip,5,PASS,Bundle-Rundlauf ok
2804,k4_guide_coverage,10,PASS,en-Guide deckt Kernfunktionen
2805,k5_help_wiki,11,PASS,Wiki-Topic ok
2806,k6_text_quality,197,PASS,en: 40 Werte sauber
2807,k7_update_path,6,PASS,Update-Pfad ok
2808,k8_key_discipline,60,PASS,Schluesseldisziplin ok
2809,k9_dialog_invariants,3,PASS,month_close_dialog.py: Invarianten ok
2810,k10_regression_shield,14,PASS,Regressionsschild intakt
2811,k1_first_run_path,11,PASS,Erststartpfad ok
2812,k2_booking_lifecycle,11,PASS,Lebenszyklus ok
2813,k3_bundle_roundtrip,5,PASS,Bundle-Rundlauf ok
2814,k4_guide_coverage,10,PASS,fr-Guide deckt Kernfunktionen
2815,k5_help_wiki,11,PASS,Wiki-Topic ok
2816,k6_text_quality,191,PASS,fr: 40 Werte sauber
2817,k7_update_path,6,PASS,Update-Pfad ok
2818,k8_key_discipline,60,PASS,Schluesseldisziplin ok
2819,k9_dialog_invariants,3,PASS,quick_add_dialog.py: Invarianten ok
2820,k10_regression_shield,14,PASS,Regressionsschild intakt
2821,k1_first_run_path,11,PASS,Erststartpfad ok
2822,k2_booking_lifecycle,11,PASS,Lebenszyklus ok
2823,k3_bundle_roundtrip,5,PASS,Bundle-Rundlauf ok
2824,k4_guide_coverage,10,PASS,de-Guide deckt Kernfunktionen
2825,k5_help_wiki,11,PASS,Wiki-Topic ok
2826,k6_text_quality,200,PASS,de: 40 Werte sauber
2827,k7_update_path,6,PASS,Update-Pfad ok
2828,k8_key_discipline,60,PASS,Schluesseldisziplin ok
2829,k9_dialog_invariants,1,PASS,reauth.py: Invarianten ok
2830,k10_regression_shield,14,PASS,Regressionsschild intakt
2831,k1_first_run_path,11,PASS,Erststartpfad ok
2832,k2_booking_lifecycle,11,PASS,Lebenszyklus ok
2833,k3_bundle_roundtrip,5,PASS,Bundle-Rundlauf ok
2834,k4_guide_coverage,10,PASS,en-Guide deckt Kernfunktionen
2835,k5_help_wiki,11,PASS,Wiki-Topic ok
2836,k6_text_quality,197,PASS,en: 40 Werte sauber
2837,k7_update_path,6,PASS,Update-Pfad ok
2838,k8_key_discipline,60,PASS,Schluesseldisziplin ok
2839,k9_dialog_invariants,3,PASS,recurring_bookings_dialog.py: Invarianten ok
2840,k10_regression_shield,14,PASS,Regressionsschild intakt
2841,k1_first_run_path,11,PASS,Erststartpfad ok
2842,k2_booking_lifecycle,11,PASS,Lebenszyklus ok
2843,k3_bundle_roundtrip,5,PASS,Bundle-Rundlauf ok
2844,k4_guide_coverage,10,PASS,fr-Guide deckt Kernfunktionen
2845,k5_help_wiki,11,PASS,Wiki-Topic ok
2846,k6_text_quality,200,PASS,fr: 40 Werte sauber
2847,k7_update_path,6,PASS,Update-Pfad ok
2848,k8_key_discipline,60,PASS,Schluesseldisziplin ok
2849,k9_dialog_invariants,3,PASS,restore_key_dialog.py: Invarianten ok
2850,k10_regression_shield,14,PASS,Regressionsschild intakt
2851,k1_first_run_path,11,PASS,Erststartpfad ok
2852,k2_booking_lifecycle,11,PASS,Lebenszyklus ok
2853,k3_bundle_roundtrip,5,PASS,Bundle-Rundlauf ok
2854,k4_guide_coverage,10,PASS,de-Guide deckt Kernfunktionen
2855,k5_help_wiki,11,PASS,Wiki-Topic ok
2856,k6_text_quality,197,PASS,de: 40 Werte sauber
2857,k7_update_path,6,PASS,Update-Pfad ok
2858,k8_key_discipline,60,PASS,Schluesseldisziplin ok
2859,k9_dialog_invariants,1,PASS,savings_goal_messages.py: Invarianten ok
2860,k10_regression_shield,14,PASS,Regressionsschild intakt
2861,k1_first_run_path,11,PASS,Erststartpfad ok
2862,k2_booking_lifecycle,11,PASS,Lebenszyklus ok
2863,k3_bundle_roundtrip,5,PASS,Bundle-Rundlauf ok
2864,k4_guide_coverage,10,PASS,en-Guide deckt Kernfunktionen
2865,k5_help_wiki,11,PASS,Wiki-Topic ok
2866,k6_text_quality,197,PASS,en: 40 Werte sauber
2867,k7_update_path,6,PASS,Update-Pfad ok
2868,k8_key_discipline,60,PASS,Schluesseldisziplin ok
2869,k9_dialog_invariants,7,PASS,savings_goals_dialog.py: Invarianten ok
2870,k10_regression_shield,14,PASS,Regressionsschild intakt
2871,k1_first_run_path,11,PASS,Erststartpfad ok
2872,k2_booking_lifecycle,11,PASS,Lebenszyklus ok
2873,k3_bundle_roundtrip,5,PASS,Bundle-Rundlauf ok
2874,k4_guide_coverage,10,PASS,fr-Guide deckt Kernfunktionen
2875,k5_help_wiki,11,PASS,Wiki-Topic ok
2876,k6_text_quality,197,PASS,fr: 40 Werte sauber
2877,k7_update_path,6,PASS,Update-Pfad ok
2878,k8_key_discipline,65,PASS,Schluesseldisziplin ok
2879,k9_dialog_invariants,3,PASS,setup_assistant_dialog.py: Invarianten ok
2880,k10_regression_shield,14,PASS,Regressionsschild intakt
2881,k1_first_run_path,11,PASS,Erststartpfad ok
2882,k2_booking_lifecycle,11,PASS,Lebenszyklus ok
2883,k3_bundle_roundtrip,5,PASS,Bundle-Rundlauf ok
2884,k4_guide_coverage,10,PASS,de-Guide deckt Kernfunktionen
2885,k5_help_wiki,11,PASS,Wiki-Topic ok
2886,k6_text_quality,194,PASS,de: 40 Werte sauber
2887,k7_update_path,6,PASS,Update-Pfad ok
2888,k8_key_discipline,66,PASS,Schluesseldisziplin ok
2889,k9_dialog_invariants,3,PASS,shortcuts_dialog.py: Invarianten ok
2890,k10_regression_shield,14,PASS,Regressionsschild intakt
2891,k1_first_run_path,11,PASS,Erststartpfad ok
2892,k2_booking_lifecycle,11,PASS,Lebenszyklus ok
2893,k3_bundle_roundtrip,5,PASS,Bundle-Rundlauf ok
2894,k4_guide_coverage,10,PASS,en-Guide deckt Kernfunktionen
2895,k5_help_wiki,11,PASS,Wiki-Topic ok
2896,k6_text_quality,188,PASS,en: 40 Werte sauber
2897,k7_update_path,6,PASS,Update-Pfad ok
2898,k8_key_discipline,65,PASS,Schluesseldisziplin ok
2899,k9_dialog_invariants,3,PASS,special_income_dialog.py: Invarianten ok
2900,k10_regression_shield,14,PASS,Regressionsschild intakt
2901,k1_first_run_path,11,PASS,Erststartpfad ok
2902,k2_booking_lifecycle,11,PASS,Lebenszyklus ok
2903,k3_bundle_roundtrip,5,PASS,Bundle-Rundlauf ok
2904,k4_guide_coverage,10,PASS,fr-Guide deckt Kernfunktionen
2905,k5_help_wiki,11,PASS,Wiki-Topic ok
2906,k6_text_quality,200,PASS,fr: 40 Werte sauber
2907,k7_update_path,6,PASS,Update-Pfad ok
2908,k8_key_discipline,60,PASS,Schluesseldisziplin ok
2909,k9_dialog_invariants,3,PASS,startup_wizard.py: Invarianten ok
2910,k10_regression_shield,14,PASS,Regressionsschild intakt
2911,k1_first_run_path,11,PASS,Erststartpfad ok
2912,k2_booking_lifecycle,11,PASS,Lebenszyklus ok
2913,k3_bundle_roundtrip,5,PASS,Bundle-Rundlauf ok
2914,k4_guide_coverage,10,PASS,de-Guide deckt Kernfunktionen
2915,k5_help_wiki,11,PASS,Wiki-Topic ok
2916,k6_text_quality,200,PASS,de: 40 Werte sauber
2917,k7_update_path,6,PASS,Update-Pfad ok
2918,k8_key_discipline,60,PASS,Schluesseldisziplin ok
2919,k9_dialog_invariants,3,PASS,tags_manager_dialog.py: Invarianten ok
2920,k10_regression_shield,14,PASS,Regressionsschild intakt
2921,k1_first_run_path,11,PASS,Erststartpfad ok
2922,k2_booking_lifecycle,11,PASS,Lebenszyklus ok
2923,k3_bundle_roundtrip,5,PASS,Bundle-Rundlauf ok
2924,k4_guide_coverage,10,PASS,en-Guide deckt Kernfunktionen
2925,k5_help_wiki,11,PASS,Wiki-Topic ok
2926,k6_text_quality,200,PASS,en: 40 Werte sauber
2927,k7_update_path,6,PASS,Update-Pfad ok
2928,k8_key_discipline,60,PASS,Schluesseldisziplin ok
2929,k9_dialog_invariants,3,PASS,theme_editor_dialog.py: Invarianten ok
2930,k10_regression_shield,14,PASS,Regressionsschild intakt
2931,k1_first_run_path,11,PASS,Erststartpfad ok
2932,k2_booking_lifecycle,11,PASS,Lebenszyklus ok
2933,k3_bundle_roundtrip,5,PASS,Bundle-Rundlauf ok
2934,k4_guide_coverage,10,PASS,fr-Guide deckt Kernfunktionen
2935,k5_help_wiki,11,PASS,Wiki-Topic ok
2936,k6_text_quality,197,PASS,fr: 40 Werte sauber
2937,k7_update_path,6,PASS,Update-Pfad ok
2938,k8_key_discipline,61,PASS,Schluesseldisziplin ok
2939,k9_dialog_invariants,1,PASS,type_color_helper.py: Invarianten ok
2940,k10_regression_shield,14,PASS,Regressionsschild intakt
2941,k1_first_run_path,11,PASS,Erststartpfad ok
2942,k2_booking_lifecycle,11,PASS,Lebenszyklus ok
2943,k3_bundle_roundtrip,5,PASS,Bundle-Rundlauf ok
2944,k4_guide_coverage,10,PASS,de-Guide deckt Kernfunktionen
2945,k5_help_wiki,11,PASS,Wiki-Topic ok
2946,k6_text_quality,200,PASS,de: 40 Werte sauber
2947,k7_update_path,6,PASS,Update-Pfad ok
2948,k8_key_discipline,60,PASS,Schluesseldisziplin ok
2949,k9_dialog_invariants,1,PASS,ui_colors.py: Invarianten ok
2950,k10_regression_shield,14,PASS,Regressionsschild intakt
2951,k1_first_run_path,11,PASS,Erststartpfad ok
2952,k2_booking_lifecycle,11,PASS,Lebenszyklus ok
2953,k3_bundle_roundtrip,5,PASS,Bundle-Rundlauf ok
2954,k4_guide_coverage,10,PASS,en-Guide deckt Kernfunktionen
2955,k5_help_wiki,11,PASS,Wiki-Topic ok
2956,k6_text_quality,200,PASS,en: 40 Werte sauber
2957,k7_update_path,6,PASS,Update-Pfad ok
2958,k8_key_discipline,66,PASS,Schluesseldisziplin ok
2959,k9_dialog_invariants,3,PASS,update_dialog.py: Invarianten ok
2960,k10_regression_shield,14,PASS,Regressionsschild intakt
2961,k1_first_run_path,11,PASS,Erststartpfad ok
2962,k2_booking_lifecycle,11,PASS,Lebenszyklus ok
2963,k3_bundle_roundtrip,5,PASS,Bundle-Rundlauf ok
2964,k4_guide_coverage,10,PASS,fr-Guide deckt Kernfunktionen
2965,k5_help_wiki,11,PASS,Wiki-Topic ok
2966,k6_text_quality,191,PASS,fr: 40 Werte sauber
2967,k7_update_path,6,PASS,Update-Pfad ok
2968,k8_key_discipline,68,PASS,Schluesseldisziplin ok
2969,k9_dialog_invariants,1,PASS,account_data_hub.py: Invarianten ok
2970,k10_regression_shield,14,PASS,Regressionsschild intakt
2971,k1_first_run_path,11,PASS,Erststartpfad ok
2972,k2_booking_lifecycle,11,PASS,Lebenszyklus ok
2973,k3_bundle_roundtrip,5,PASS,Bundle-Rundlauf ok
2974,k4_guide_coverage,10,PASS,de-Guide deckt Kernfunktionen
2975,k5_help_wiki,11,PASS,Wiki-Topic ok
2976,k6_text_quality,188,PASS,de: 40 Werte sauber
2977,k7_update_path,6,PASS,Update-Pfad ok
2978,k8_key_discipline,62,PASS,Schluesseldisziplin ok
2979,k9_dialog_invariants,3,PASS,account_management_dialog.py: Invarianten ok
2980,k10_regression_shield,14,PASS,Regressionsschild intakt
2981,k1_first_run_path,11,PASS,Erststartpfad ok
2982,k2_booking_lifecycle,11,PASS,Lebenszyklus ok
2983,k3_bundle_roundtrip,5,PASS,Bundle-Rundlauf ok
2984,k4_guide_coverage,10,PASS,en-Guide deckt Kernfunktionen
2985,k5_help_wiki,11,PASS,Wiki-Topic ok
2986,k6_text_quality,194,PASS,en: 40 Werte sauber
2987,k7_update_path,6,PASS,Update-Pfad ok
2988,k8_key_discipline,70,PASS,Schluesseldisziplin ok
2989,k9_dialog_invariants,3,PASS,backup_restore_dialog.py: Invarianten ok
2990,k10_regression_shield,14,PASS,Regressionsschild intakt
2991,k1_first_run_path,11,PASS,Erststartpfad ok
2992,k2_booking_lifecycle,11,PASS,Lebenszyklus ok
2993,k3_bundle_roundtrip,5,PASS,Bundle-Rundlauf ok
2994,k4_guide_coverage,10,PASS,fr-Guide deckt Kernfunktionen
2995,k5_help_wiki,11,PASS,Wiki-Topic ok
2996,k6_text_quality,200,PASS,fr: 40 Werte sauber
2997,k7_update_path,6,PASS,Update-Pfad ok
2998,k8_key_discipline,60,PASS,Schluesseldisziplin ok
2999,k9_dialog_invariants,5,PASS,budget_adjustment_dialog.py: Invarianten ok
3000,k10_regression_shield,14,PASS,Regressionsschild intakt
3001,k1_first_run_path,11,PASS,Erststartpfad ok
3002,k2_booking_lifecycle,11,PASS,Lebenszyklus ok
3003,k3_bundle_roundtrip,5,PASS,Bundle-Rundlauf ok
3004,k4_guide_coverage,10,PASS,de-Guide deckt Kernfunktionen
3005,k5_help_wiki,11,PASS,Wiki-Topic ok
3006,k6_text_quality,200,PASS,de: 40 Werte sauber
3007,k7_update_path,6,PASS,Update-Pfad ok
3008,k8_key_discipline,60,PASS,Schluesseldisziplin ok
3009,k9_dialog_invariants,5,PASS,budget_entry_dialog_extended.py: Invarianten ok
3010,k10_regression_shield,14,PASS,Regressionsschild intakt
3011,k1_first_run_path,11,PASS,Erststartpfad ok
3012,k2_booking_lifecycle,11,PASS,Lebenszyklus ok
3013,k3_bundle_roundtrip,5,PASS,Bundle-Rundlauf ok
3014,k4_guide_coverage,10,PASS,en-Guide deckt Kernfunktionen
3015,k5_help_wiki,11,PASS,Wiki-Topic ok
3016,k6_text_quality,200,PASS,en: 40 Werte sauber
3017,k7_update_path,6,PASS,Update-Pfad ok
3018,k8_key_discipline,60,PASS,Schluesseldisziplin ok
3019,k9_dialog_invariants,3,PASS,budget_fill_dialog.py: Invarianten ok
3020,k10_regression_shield,14,PASS,Regressionsschild intakt
3021,k1_first_run_path,11,PASS,Erststartpfad ok
3022,k2_booking_lifecycle,11,PASS,Lebenszyklus ok
3023,k3_bundle_roundtrip,5,PASS,Bundle-Rundlauf ok
3024,k4_guide_coverage,10,PASS,fr-Guide deckt Kernfunktionen
3025,k5_help_wiki,11,PASS,Wiki-Topic ok
3026,k6_text_quality,191,PASS,fr: 40 Werte sauber
3027,k7_update_path,6,PASS,Update-Pfad ok
3028,k8_key_discipline,65,PASS,Schluesseldisziplin ok
3029,k9_dialog_invariants,3,PASS,category_delete_dialog.py: Invarianten ok
3030,k10_regression_shield,14,PASS,Regressionsschild intakt
3031,k1_first_run_path,11,PASS,Erststartpfad ok
3032,k2_booking_lifecycle,11,PASS,Lebenszyklus ok
3033,k3_bundle_roundtrip,5,PASS,Bundle-Rundlauf ok
3034,k4_guide_coverage,10,PASS,de-Guide deckt Kernfunktionen
3035,k5_help_wiki,11,PASS,Wiki-Topic ok
3036,k6_text_quality,170,PASS,de: 40 Werte sauber
3037,k7_update_path,6,PASS,Update-Pfad ok
3038,k8_key_discipline,60,PASS,Schluesseldisziplin ok
3039,k9_dialog_invariants,1,PASS,category_excel_io.py: Invarianten ok
3040,k10_regression_shield,14,PASS,Regressionsschild intakt
3041,k1_first_run_path,11,PASS,Erststartpfad ok
3042,k2_booking_lifecycle,11,PASS,Lebenszyklus ok
3043,k3_bundle_roundtrip,5,PASS,Bundle-Rundlauf ok
3044,k4_guide_coverage,10,PASS,en-Guide deckt Kernfunktionen
3045,k5_help_wiki,11,PASS,Wiki-Topic ok
3046,k6_text_quality,200,PASS,en: 40 Werte sauber
3047,k7_update_path,6,PASS,Update-Pfad ok
3048,k8_key_discipline,62,PASS,Schluesseldisziplin ok
3049,k9_dialog_invariants,3,PASS,category_manager_dialog.py: Invarianten ok
3050,k10_regression_shield,14,PASS,Regressionsschild intakt
3051,k1_first_run_path,11,PASS,Erststartpfad ok
3052,k2_booking_lifecycle,11,PASS,Lebenszyklus ok
3053,k3_bundle_roundtrip,5,PASS,Bundle-Rundlauf ok
3054,k4_guide_coverage,10,PASS,fr-Guide deckt Kernfunktionen
3055,k5_help_wiki,11,PASS,Wiki-Topic ok
3056,k6_text_quality,182,PASS,fr: 40 Werte sauber
3057,k7_update_path,6,PASS,Update-Pfad ok
3058,k8_key_discipline,60,PASS,Schluesseldisziplin ok
3059,k9_dialog_invariants,1,PASS,category_picker.py: Invarianten ok
3060,k10_regression_shield,14,PASS,Regressionsschild intakt
3061,k1_first_run_path,11,PASS,Erststartpfad ok
3062,k2_booking_lifecycle,11,PASS,Lebenszyklus ok
3063,k3_bundle_roundtrip,5,PASS,Bundle-Rundlauf ok
3064,k4_guide_coverage,10,PASS,de-Guide deckt Kernfunktionen
3065,k5_help_wiki,11,PASS,Wiki-Topic ok
3066,k6_text_quality,200,PASS,de: 40 Werte sauber
3067,k7_update_path,6,PASS,Update-Pfad ok
3068,k8_key_discipline,62,PASS,Schluesseldisziplin ok
3069,k9_dialog_invariants,7,PASS,category_properties_dialog.py: Invarianten ok
3070,k10_regression_shield,14,PASS,Regressionsschild intakt
3071,k1_first_run_path,11,PASS,Erststartpfad ok
3072,k2_booking_lifecycle,11,PASS,Lebenszyklus ok
3073,k3_bundle_roundtrip,5,PASS,Bundle-Rundlauf ok
3074,k4_guide_coverage,10,PASS,en-Guide deckt Kernfunktionen
3075,k5_help_wiki,11,PASS,Wiki-Topic ok
3076,k6_text_quality,200,PASS,en: 40 Werte sauber
3077,k7_update_path,6,PASS,Update-Pfad ok
3078,k8_key_discipline,60,PASS,Schluesseldisziplin ok
3079,k9_dialog_invariants,3,PASS,copy_year_dialog.py: Invarianten ok
3080,k10_regression_shield,14,PASS,Regressionsschild intakt
3081,k1_first_run_path,11,PASS,Erststartpfad ok
3082,k2_booking_lifecycle,11,PASS,Lebenszyklus ok
3083,k3_bundle_roundtrip,5,PASS,Bundle-Rundlauf ok
3084,k4_guide_coverage,10,PASS,fr-Guide deckt Kernfunktionen
3085,k5_help_wiki,11,PASS,Wiki-Topic ok
3086,k6_text_quality,200,PASS,fr: 40 Werte sauber
3087,k7_update_path,6,PASS,Update-Pfad ok
3088,k8_key_discipline,61,PASS,Schluesseldisziplin ok
3089,k9_dialog_invariants,3,PASS,database_management_dialog.py: Invarianten ok
3090,k10_regression_shield,14,PASS,Regressionsschild intakt
3091,k1_first_run_path,11,PASS,Erststartpfad ok
3092,k2_booking_lifecycle,11,PASS,Lebenszyklus ok
3093,k3_bundle_roundtrip,5,PASS,Bundle-Rundlauf ok
3094,k4_guide_coverage,10,PASS,de-Guide deckt Kernfunktionen
3095,k5_help_wiki,11,PASS,Wiki-Topic ok
3096,k6_text_quality,200,PASS,de: 40 Werte sauber
3097,k7_update_path,6,PASS,Update-Pfad ok
3098,k8_key_discipline,61,PASS,Schluesseldisziplin ok
3099,k9_dialog_invariants,3,PASS,export_dialog.py: Invarianten ok
3100,k10_regression_shield,14,PASS,Regressionsschild intakt
3101,k1_first_run_path,11,PASS,Erststartpfad ok
3102,k2_booking_lifecycle,11,PASS,Lebenszyklus ok
3103,k3_bundle_roundtrip,5,PASS,Bundle-Rundlauf ok
3104,k4_guide_coverage,10,PASS,en-Guide deckt Kernfunktionen
3105,k5_help_wiki,11,PASS,Wiki-Topic ok
3106,k6_text_quality,200,PASS,en: 40 Werte sauber
3107,k7_update_path,6,PASS,Update-Pfad ok
3108,k8_key_discipline,60,PASS,Schluesseldisziplin ok
3109,k9_dialog_invariants,3,PASS,favorites_dashboard_dialog.py: Invarianten ok
3110,k10_regression_shield,14,PASS,Regressionsschild intakt
3111,k1_first_run_path,11,PASS,Erststartpfad ok
3112,k2_booking_lifecycle,11,PASS,Lebenszyklus ok
3113,k3_bundle_roundtrip,5,PASS,Bundle-Rundlauf ok
3114,k4_guide_coverage,10,PASS,fr-Guide deckt Kernfunktionen
3115,k5_help_wiki,11,PASS,Wiki-Topic ok
3116,k6_text_quality,200,PASS,fr: 40 Werte sauber
3117,k7_update_path,6,PASS,Update-Pfad ok
3118,k8_key_discipline,29,PASS,Schluesseldisziplin ok
3119,k9_dialog_invariants,3,PASS,global_search_dialog.py: Invarianten ok
3120,k10_regression_shield,14,PASS,Regressionsschild intakt
3121,k1_first_run_path,11,PASS,Erststartpfad ok
3122,k2_booking_lifecycle,11,PASS,Lebenszyklus ok
3123,k3_bundle_roundtrip,5,PASS,Bundle-Rundlauf ok
3124,k4_guide_coverage,10,PASS,de-Guide deckt Kernfunktionen
3125,k5_help_wiki,11,PASS,Wiki-Topic ok
3126,k6_text_quality,105,PASS,de: 21 Werte sauber
3127,k7_update_path,6,PASS,Update-Pfad ok
3128,k8_key_discipline,60,PASS,Schluesseldisziplin ok
3129,k9_dialog_invariants,1,PASS,help_content.py: Invarianten ok
3130,k10_regression_shield,14,PASS,Regressionsschild intakt
3131,k1_first_run_path,11,PASS,Erststartpfad ok
3132,k2_booking_lifecycle,11,PASS,Lebenszyklus ok
3133,k3_bundle_roundtrip,5,PASS,Bundle-Rundlauf ok
3134,k4_guide_coverage,10,PASS,en-Guide deckt Kernfunktionen
3135,k5_help_wiki,11,PASS,Wiki-Topic ok
3136,k6_text_quality,200,PASS,en: 40 Werte sauber
3137,k7_update_path,6,PASS,Update-Pfad ok
3138,k8_key_discipline,60,PASS,Schluesseldisziplin ok
3139,k9_dialog_invariants,3,PASS,help_dialog.py: Invarianten ok
3140,k10_regression_shield,14,PASS,Regressionsschild intakt
3141,k1_first_run_path,11,PASS,Erststartpfad ok
3142,k2_booking_lifecycle,11,PASS,Lebenszyklus ok
3143,k3_bundle_roundtrip,5,PASS,Bundle-Rundlauf ok
3144,k4_guide_coverage,10,PASS,fr-Guide deckt Kernfunktionen
3145,k5_help_wiki,11,PASS,Wiki-Topic ok
3146,k6_text_quality,194,PASS,fr: 40 Werte sauber
3147,k7_update_path,6,PASS,Update-Pfad ok
3148,k8_key_discipline,62,PASS,Schluesseldisziplin ok
3149,k9_dialog_invariants,3,PASS,language_select_dialog.py: Invarianten ok
3150,k10_regression_shield,14,PASS,Regressionsschild intakt
3151,k1_first_run_path,11,PASS,Erststartpfad ok
3152,k2_booking_lifecycle,11,PASS,Lebenszyklus ok
3153,k3_bundle_roundtrip,5,PASS,Bundle-Rundlauf ok
3154,k4_guide_coverage,10,PASS,de-Guide deckt Kernfunktionen
3155,k5_help_wiki,11,PASS,Wiki-Topic ok
3156,k6_text_quality,197,PASS,de: 40 Werte sauber
3157,k7_update_path,6,PASS,Update-Pfad ok
3158,k8_key_discipline,68,PASS,Schluesseldisziplin ok
3159,k9_dialog_invariants,7,PASS,login_dialog.py: Invarianten ok
3160,k10_regression_shield,14,PASS,Regressionsschild intakt
3161,k1_first_run_path,11,PASS,Erststartpfad ok
3162,k2_booking_lifecycle,11,PASS,Lebenszyklus ok
3163,k3_bundle_roundtrip,5,PASS,Bundle-Rundlauf ok
3164,k4_guide_coverage,10,PASS,en-Guide deckt Kernfunktionen
3165,k5_help_wiki,11,PASS,Wiki-Topic ok
3166,k6_text_quality,188,PASS,en: 40 Werte sauber
3167,k7_update_path,6,PASS,Update-Pfad ok
3168,k8_key_discipline,62,PASS,Schluesseldisziplin ok
3169,k9_dialog_invariants,5,PASS,main_window.py: Invarianten ok
3170,k10_regression_shield,14,PASS,Regressionsschild intakt
3171,k1_first_run_path,11,PASS,Erststartpfad ok
3172,k2_booking_lifecycle,11,PASS,Lebenszyklus ok
3173,k3_bundle_roundtrip,5,PASS,Bundle-Rundlauf ok
3174,k4_guide_coverage,10,PASS,fr-Guide deckt Kernfunktionen
3175,k5_help_wiki,11,PASS,Wiki-Topic ok
3176,k6_text_quality,182,PASS,fr: 40 Werte sauber
3177,k7_update_path,6,PASS,Update-Pfad ok
3178,k8_key_discipline,61,PASS,Schluesseldisziplin ok
3179,k9_dialog_invariants,3,PASS,month_close_dialog.py: Invarianten ok
3180,k10_regression_shield,14,PASS,Regressionsschild intakt
3181,k1_first_run_path,11,PASS,Erststartpfad ok
3182,k2_booking_lifecycle,11,PASS,Lebenszyklus ok
3183,k3_bundle_roundtrip,5,PASS,Bundle-Rundlauf ok
3184,k4_guide_coverage,10,PASS,de-Guide deckt Kernfunktionen
3185,k5_help_wiki,11,PASS,Wiki-Topic ok
3186,k6_text_quality,200,PASS,de: 40 Werte sauber
3187,k7_update_path,6,PASS,Update-Pfad ok
3188,k8_key_discipline,60,PASS,Schluesseldisziplin ok
3189,k9_dialog_invariants,3,PASS,quick_add_dialog.py: Invarianten ok
3190,k10_regression_shield,14,PASS,Regressionsschild intakt
3191,k1_first_run_path,11,PASS,Erststartpfad ok
3192,k2_booking_lifecycle,11,PASS,Lebenszyklus ok
3193,k3_bundle_roundtrip,5,PASS,Bundle-Rundlauf ok
3194,k4_guide_coverage,10,PASS,en-Guide deckt Kernfunktionen
3195,k5_help_wiki,11,PASS,Wiki-Topic ok
3196,k6_text_quality,191,PASS,en: 40 Werte sauber
3197,k7_update_path,6,PASS,Update-Pfad ok
3198,k8_key_discipline,60,PASS,Schluesseldisziplin ok
3199,k9_dialog_invariants,1,PASS,reauth.py: Invarianten ok
3200,k10_regression_shield,14,PASS,Regressionsschild intakt
3201,k1_first_run_path,11,PASS,Erststartpfad ok
3202,k2_booking_lifecycle,11,PASS,Lebenszyklus ok
3203,k3_bundle_roundtrip,5,PASS,Bundle-Rundlauf ok
3204,k4_guide_coverage,10,PASS,fr-Guide deckt Kernfunktionen
3205,k5_help_wiki,11,PASS,Wiki-Topic ok
3206,k6_text_quality,200,PASS,fr: 40 Werte sauber
3207,k7_update_path,6,PASS,Update-Pfad ok
3208,k8_key_discipline,60,PASS,Schluesseldisziplin ok
3209,k9_dialog_invariants,3,PASS,recurring_bookings_dialog.py: Invarianten ok
3210,k10_regression_shield,14,PASS,Regressionsschild intakt
3211,k1_first_run_path,11,PASS,Erststartpfad ok
3212,k2_booking_lifecycle,11,PASS,Lebenszyklus ok
3213,k3_bundle_roundtrip,5,PASS,Bundle-Rundlauf ok
3214,k4_guide_coverage,10,PASS,de-Guide deckt Kernfunktionen
3215,k5_help_wiki,11,PASS,Wiki-Topic ok
3216,k6_text_quality,200,PASS,de: 40 Werte sauber
3217,k7_update_path,6,PASS,Update-Pfad ok
3218,k8_key_discipline,60,PASS,Schluesseldisziplin ok
3219,k9_dialog_invariants,3,PASS,restore_key_dialog.py: Invarianten ok
3220,k10_regression_shield,14,PASS,Regressionsschild intakt
3221,k1_first_run_path,11,PASS,Erststartpfad ok
3222,k2_booking_lifecycle,11,PASS,Lebenszyklus ok
3223,k3_bundle_roundtrip,5,PASS,Bundle-Rundlauf ok
3224,k4_guide_coverage,10,PASS,en-Guide deckt Kernfunktionen
3225,k5_help_wiki,11,PASS,Wiki-Topic ok
3226,k6_text_quality,200,PASS,en: 40 Werte sauber
3227,k7_update_path,6,PASS,Update-Pfad ok
3228,k8_key_discipline,71,PASS,Schluesseldisziplin ok
3229,k9_dialog_invariants,1,PASS,savings_goal_messages.py: Invarianten ok
3230,k10_regression_shield,14,PASS,Regressionsschild intakt
3231,k1_first_run_path,11,PASS,Erststartpfad ok
3232,k2_booking_lifecycle,11,PASS,Lebenszyklus ok
3233,k3_bundle_roundtrip,5,PASS,Bundle-Rundlauf ok
3234,k4_guide_coverage,10,PASS,fr-Guide deckt Kernfunktionen
3235,k5_help_wiki,11,PASS,Wiki-Topic ok
3236,k6_text_quality,197,PASS,fr: 40 Werte sauber
3237,k7_update_path,6,PASS,Update-Pfad ok
3238,k8_key_discipline,70,PASS,Schluesseldisziplin ok
3239,k9_dialog_invariants,7,PASS,savings_goals_dialog.py: Invarianten ok
3240,k10_regression_shield,14,PASS,Regressionsschild intakt
3241,k1_first_run_path,11,PASS,Erststartpfad ok
3242,k2_booking_lifecycle,11,PASS,Lebenszyklus ok
3243,k3_bundle_roundtrip,5,PASS,Bundle-Rundlauf ok
3244,k4_guide_coverage,10,PASS,de-Guide deckt Kernfunktionen
3245,k5_help_wiki,11,PASS,Wiki-Topic ok
3246,k6_text_quality,200,PASS,de: 40 Werte sauber
3247,k7_update_path,6,PASS,Update-Pfad ok
3248,k8_key_discipline,60,PASS,Schluesseldisziplin ok
3249,k9_dialog_invariants,3,PASS,setup_assistant_dialog.py: Invarianten ok
3250,k10_regression_shield,14,PASS,Regressionsschild intakt
3251,k1_first_run_path,11,PASS,Erststartpfad ok
3252,k2_booking_lifecycle,11,PASS,Lebenszyklus ok
3253,k3_bundle_roundtrip,5,PASS,Bundle-Rundlauf ok
3254,k4_guide_coverage,10,PASS,en-Guide deckt Kernfunktionen
3255,k5_help_wiki,11,PASS,Wiki-Topic ok
3256,k6_text_quality,200,PASS,en: 40 Werte sauber
3257,k7_update_path,6,PASS,Update-Pfad ok
3258,k8_key_discipline,60,PASS,Schluesseldisziplin ok
3259,k9_dialog_invariants,3,PASS,shortcuts_dialog.py: Invarianten ok
3260,k10_regression_shield,14,PASS,Regressionsschild intakt
3261,k1_first_run_path,11,PASS,Erststartpfad ok
3262,k2_booking_lifecycle,11,PASS,Lebenszyklus ok
3263,k3_bundle_roundtrip,5,PASS,Bundle-Rundlauf ok
3264,k4_guide_coverage,10,PASS,fr-Guide deckt Kernfunktionen
3265,k5_help_wiki,11,PASS,Wiki-Topic ok
3266,k6_text_quality,200,PASS,fr: 40 Werte sauber
3267,k7_update_path,6,PASS,Update-Pfad ok
3268,k8_key_discipline,61,PASS,Schluesseldisziplin ok
3269,k9_dialog_invariants,3,PASS,special_income_dialog.py: Invarianten ok
3270,k10_regression_shield,14,PASS,Regressionsschild intakt
3271,k1_first_run_path,11,PASS,Erststartpfad ok
3272,k2_booking_lifecycle,11,PASS,Lebenszyklus ok
3273,k3_bundle_roundtrip,5,PASS,Bundle-Rundlauf ok
3274,k4_guide_coverage,10,PASS,de-Guide deckt Kernfunktionen
3275,k5_help_wiki,11,PASS,Wiki-Topic ok
3276,k6_text_quality,200,PASS,de: 40 Werte sauber
3277,k7_update_path,6,PASS,Update-Pfad ok
3278,k8_key_discipline,78,PASS,Schluesseldisziplin ok
3279,k9_dialog_invariants,3,PASS,startup_wizard.py: Invarianten ok
3280,k10_regression_shield,14,PASS,Regressionsschild intakt
3281,k1_first_run_path,11,PASS,Erststartpfad ok
3282,k2_booking_lifecycle,11,PASS,Lebenszyklus ok
3283,k3_bundle_roundtrip,5,PASS,Bundle-Rundlauf ok
3284,k4_guide_coverage,10,PASS,en-Guide deckt Kernfunktionen
3285,k5_help_wiki,11,PASS,Wiki-Topic ok
3286,k6_text_quality,194,PASS,en: 40 Werte sauber
3287,k7_update_path,6,PASS,Update-Pfad ok
3288,k8_key_discipline,60,PASS,Schluesseldisziplin ok
3289,k9_dialog_invariants,3,PASS,tags_manager_dialog.py: Invarianten ok
3290,k10_regression_shield,14,PASS,Regressionsschild intakt
3291,k1_first_run_path,11,PASS,Erststartpfad ok
3292,k2_booking_lifecycle,11,PASS,Lebenszyklus ok
3293,k3_bundle_roundtrip,5,PASS,Bundle-Rundlauf ok
3294,k4_guide_coverage,10,PASS,fr-Guide deckt Kernfunktionen
3295,k5_help_wiki,11,PASS,Wiki-Topic ok
3296,k6_text_quality,200,PASS,fr: 40 Werte sauber
3297,k7_update_path,6,PASS,Update-Pfad ok
3298,k8_key_discipline,60,PASS,Schluesseldisziplin ok
3299,k9_dialog_invariants,3,PASS,theme_editor_dialog.py: Invarianten ok
3300,k10_regression_shield,14,PASS,Regressionsschild intakt
3301,k1_first_run_path,11,PASS,Erststartpfad ok
3302,k2_booking_lifecycle,11,PASS,Lebenszyklus ok
3303,k3_bundle_roundtrip,5,PASS,Bundle-Rundlauf ok
3304,k4_guide_coverage,10,PASS,de-Guide deckt Kernfunktionen
3305,k5_help_wiki,11,PASS,Wiki-Topic ok
3306,k6_text_quality,200,PASS,de: 40 Werte sauber
3307,k7_update_path,6,PASS,Update-Pfad ok
3308,k8_key_discipline,60,PASS,Schluesseldisziplin ok
3309,k9_dialog_invariants,1,PASS,type_color_helper.py: Invarianten ok
3310,k10_regression_shield,14,PASS,Regressionsschild intakt
3311,k1_first_run_path,11,PASS,Erststartpfad ok
3312,k2_booking_lifecycle,11,PASS,Lebenszyklus ok
3313,k3_bundle_roundtrip,5,PASS,Bundle-Rundlauf ok
3314,k4_guide_coverage,10,PASS,en-Guide deckt Kernfunktionen
3315,k5_help_wiki,11,PASS,Wiki-Topic ok
3316,k6_text_quality,200,PASS,en: 40 Werte sauber
3317,k7_update_path,6,PASS,Update-Pfad ok
3318,k8_key_discipline,60,PASS,Schluesseldisziplin ok
3319,k9_dialog_invariants,1,PASS,ui_colors.py: Invarianten ok
3320,k10_regression_shield,14,PASS,Regressionsschild intakt
3321,k1_first_run_path,11,PASS,Erststartpfad ok
3322,k2_booking_lifecycle,11,PASS,Lebenszyklus ok
3323,k3_bundle_roundtrip,5,PASS,Bundle-Rundlauf ok
3324,k4_guide_coverage,10,PASS,fr-Guide deckt Kernfunktionen
3325,k5_help_wiki,11,PASS,Wiki-Topic ok
3326,k6_text_quality,194,PASS,fr: 40 Werte sauber
3327,k7_update_path,6,PASS,Update-Pfad ok
3328,k8_key_discipline,60,PASS,Schluesseldisziplin ok
3329,k9_dialog_invariants,3,PASS,update_dialog.py: Invarianten ok
3330,k10_regression_shield,14,PASS,Regressionsschild intakt
3331,k1_first_run_path,11,PASS,Erststartpfad ok
3332,k2_booking_lifecycle,11,PASS,Lebenszyklus ok
3333,k3_bundle_roundtrip,5,PASS,Bundle-Rundlauf ok
3334,k4_guide_coverage,10,PASS,de-Guide deckt Kernfunktionen
3335,k5_help_wiki,11,PASS,Wiki-Topic ok
3336,k6_text_quality,200,PASS,de: 40 Werte sauber
3337,k7_update_path,6,PASS,Update-Pfad ok
3338,k8_key_discipline,60,PASS,Schluesseldisziplin ok
3339,k9_dialog_invariants,1,PASS,account_data_hub.py: Invarianten ok
3340,k10_regression_shield,14,PASS,Regressionsschild intakt
3341,k1_first_run_path,11,PASS,Erststartpfad ok
3342,k2_booking_lifecycle,11,PASS,Lebenszyklus ok
3343,k3_bundle_roundtrip,5,PASS,Bundle-Rundlauf ok
3344,k4_guide_coverage,10,PASS,en-Guide deckt Kernfunktionen
3345,k5_help_wiki,11,PASS,Wiki-Topic ok
3346,k6_text_quality,200,PASS,en: 40 Werte sauber
3347,k7_update_path,6,PASS,Update-Pfad ok
3348,k8_key_discipline,60,PASS,Schluesseldisziplin ok
3349,k9_dialog_invariants,3,PASS,account_management_dialog.py: Invarianten ok
3350,k10_regression_shield,14,PASS,Regressionsschild intakt
3351,k1_first_run_path,11,PASS,Erststartpfad ok
3352,k2_booking_lifecycle,11,PASS,Lebenszyklus ok
3353,k3_bundle_roundtrip,5,PASS,Bundle-Rundlauf ok
3354,k4_guide_coverage,10,PASS,fr-Guide deckt Kernfunktionen
3355,k5_help_wiki,11,PASS,Wiki-Topic ok
3356,k6_text_quality,200,PASS,fr: 40 Werte sauber
3357,k7_update_path,6,PASS,Update-Pfad ok
3358,k8_key_discipline,60,PASS,Schluesseldisziplin ok
3359,k9_dialog_invariants,3,PASS,backup_restore_dialog.py: Invarianten ok
3360,k10_regression_shield,14,PASS,Regressionsschild intakt
3361,k1_first_run_path,11,PASS,Erststartpfad ok
3362,k2_booking_lifecycle,11,PASS,Lebenszyklus ok
3363,k3_bundle_roundtrip,5,PASS,Bundle-Rundlauf ok
3364,k4_guide_coverage,10,PASS,de-Guide deckt Kernfunktionen
3365,k5_help_wiki,11,PASS,Wiki-Topic ok
3366,k6_text_quality,200,PASS,de: 40 Werte sauber
3367,k7_update_path,6,PASS,Update-Pfad ok
3368,k8_key_discipline,65,PASS,Schluesseldisziplin ok
3369,k9_dialog_invariants,5,PASS,budget_adjustment_dialog.py: Invarianten ok
3370,k10_regression_shield,14,PASS,Regressionsschild intakt
3371,k1_first_run_path,11,PASS,Erststartpfad ok
3372,k2_booking_lifecycle,11,PASS,Lebenszyklus ok
3373,k3_bundle_roundtrip,5,PASS,Bundle-Rundlauf ok
3374,k4_guide_coverage,10,PASS,en-Guide deckt Kernfunktionen
3375,k5_help_wiki,11,PASS,Wiki-Topic ok
3376,k6_text_quality,200,PASS,en: 40 Werte sauber
3377,k7_update_path,6,PASS,Update-Pfad ok
3378,k8_key_discipline,66,PASS,Schluesseldisziplin ok
3379,k9_dialog_invariants,5,PASS,budget_entry_dialog_extended.py: Invarianten ok
3380,k10_regression_shield,14,PASS,Regressionsschild intakt
3381,k1_first_run_path,11,PASS,Erststartpfad ok
3382,k2_booking_lifecycle,11,PASS,Lebenszyklus ok
3383,k3_bundle_roundtrip,5,PASS,Bundle-Rundlauf ok
3384,k4_guide_coverage,10,PASS,fr-Guide deckt Kernfunktionen
3385,k5_help_wiki,11,PASS,Wiki-Topic ok
3386,k6_text_quality,200,PASS,fr: 40 Werte sauber
3387,k7_update_path,6,PASS,Update-Pfad ok
3388,k8_key_discipline,65,PASS,Schluesseldisziplin ok
3389,k9_dialog_invariants,3,PASS,budget_fill_dialog.py: Invarianten ok
3390,k10_regression_shield,14,PASS,Regressionsschild intakt
3391,k1_first_run_path,11,PASS,Erststartpfad ok
3392,k2_booking_lifecycle,11,PASS,Lebenszyklus ok
3393,k3_bundle_roundtrip,5,PASS,Bundle-Rundlauf ok
3394,k4_guide_coverage,10,PASS,de-Guide deckt Kernfunktionen
3395,k5_help_wiki,11,PASS,Wiki-Topic ok
3396,k6_text_quality,194,PASS,de: 40 Werte sauber
3397,k7_update_path,6,PASS,Update-Pfad ok
3398,k8_key_discipline,60,PASS,Schluesseldisziplin ok
3399,k9_dialog_invariants,3,PASS,category_delete_dialog.py: Invarianten ok
3400,k10_regression_shield,14,PASS,Regressionsschild intakt
3401,k1_first_run_path,11,PASS,Erststartpfad ok
3402,k2_booking_lifecycle,11,PASS,Lebenszyklus ok
3403,k3_bundle_roundtrip,5,PASS,Bundle-Rundlauf ok
3404,k4_guide_coverage,10,PASS,en-Guide deckt Kernfunktionen
3405,k5_help_wiki,11,PASS,Wiki-Topic ok
3406,k6_text_quality,188,PASS,en: 40 Werte sauber
3407,k7_update_path,6,PASS,Update-Pfad ok
3408,k8_key_discipline,60,PASS,Schluesseldisziplin ok
3409,k9_dialog_invariants,1,PASS,category_excel_io.py: Invarianten ok
3410,k10_regression_shield,14,PASS,Regressionsschild intakt
3411,k1_first_run_path,11,PASS,Erststartpfad ok
3412,k2_booking_lifecycle,11,PASS,Lebenszyklus ok
3413,k3_bundle_roundtrip,5,PASS,Bundle-Rundlauf ok
3414,k4_guide_coverage,10,PASS,fr-Guide deckt Kernfunktionen
3415,k5_help_wiki,11,PASS,Wiki-Topic ok
3416,k6_text_quality,188,PASS,fr: 40 Werte sauber
3417,k7_update_path,6,PASS,Update-Pfad ok
3418,k8_key_discipline,60,PASS,Schluesseldisziplin ok
3419,k9_dialog_invariants,3,PASS,category_manager_dialog.py: Invarianten ok
3420,k10_regression_shield,14,PASS,Regressionsschild intakt
3421,k1_first_run_path,11,PASS,Erststartpfad ok
3422,k2_booking_lifecycle,11,PASS,Lebenszyklus ok
3423,k3_bundle_roundtrip,5,PASS,Bundle-Rundlauf ok
3424,k4_guide_coverage,10,PASS,de-Guide deckt Kernfunktionen
3425,k5_help_wiki,11,PASS,Wiki-Topic ok
3426,k6_text_quality,200,PASS,de: 40 Werte sauber
3427,k7_update_path,6,PASS,Update-Pfad ok
3428,k8_key_discipline,61,PASS,Schluesseldisziplin ok
3429,k9_dialog_invariants,1,PASS,category_picker.py: Invarianten ok
3430,k10_regression_shield,14,PASS,Regressionsschild intakt
3431,k1_first_run_path,11,PASS,Erststartpfad ok
3432,k2_booking_lifecycle,11,PASS,Lebenszyklus ok
3433,k3_bundle_roundtrip,5,PASS,Bundle-Rundlauf ok
3434,k4_guide_coverage,10,PASS,en-Guide deckt Kernfunktionen
3435,k5_help_wiki,11,PASS,Wiki-Topic ok
3436,k6_text_quality,197,PASS,en: 40 Werte sauber
3437,k7_update_path,6,PASS,Update-Pfad ok
3438,k8_key_discipline,60,PASS,Schluesseldisziplin ok
3439,k9_dialog_invariants,7,PASS,category_properties_dialog.py: Invarianten ok
3440,k10_regression_shield,14,PASS,Regressionsschild intakt
3441,k1_first_run_path,11,PASS,Erststartpfad ok
3442,k2_booking_lifecycle,11,PASS,Lebenszyklus ok
3443,k3_bundle_roundtrip,5,PASS,Bundle-Rundlauf ok
3444,k4_guide_coverage,10,PASS,fr-Guide deckt Kernfunktionen
3445,k5_help_wiki,11,PASS,Wiki-Topic ok
3446,k6_text_quality,191,PASS,fr: 40 Werte sauber
3447,k7_update_path,6,PASS,Update-Pfad ok
3448,k8_key_discipline,66,PASS,Schluesseldisziplin ok
3449,k9_dialog_invariants,3,PASS,copy_year_dialog.py: Invarianten ok
3450,k10_regression_shield,14,PASS,Regressionsschild intakt
3451,k1_first_run_path,11,PASS,Erststartpfad ok
3452,k2_booking_lifecycle,11,PASS,Lebenszyklus ok
3453,k3_bundle_roundtrip,5,PASS,Bundle-Rundlauf ok
3454,k4_guide_coverage,10,PASS,de-Guide deckt Kernfunktionen
3455,k5_help_wiki,11,PASS,Wiki-Topic ok
3456,k6_text_quality,200,PASS,de: 40 Werte sauber
3457,k7_update_path,6,PASS,Update-Pfad ok
3458,k8_key_discipline,68,PASS,Schluesseldisziplin ok
3459,k9_dialog_invariants,3,PASS,database_management_dialog.py: Invarianten ok
3460,k10_regression_shield,14,PASS,Regressionsschild intakt
3461,k1_first_run_path,11,PASS,Erststartpfad ok
3462,k2_booking_lifecycle,11,PASS,Lebenszyklus ok
3463,k3_bundle_roundtrip,5,PASS,Bundle-Rundlauf ok
3464,k4_guide_coverage,10,PASS,en-Guide deckt Kernfunktionen
3465,k5_help_wiki,11,PASS,Wiki-Topic ok
3466,k6_text_quality,197,PASS,en: 40 Werte sauber
3467,k7_update_path,6,PASS,Update-Pfad ok
3468,k8_key_discipline,62,PASS,Schluesseldisziplin ok
3469,k9_dialog_invariants,3,PASS,export_dialog.py: Invarianten ok
3470,k10_regression_shield,14,PASS,Regressionsschild intakt
3471,k1_first_run_path,11,PASS,Erststartpfad ok
3472,k2_booking_lifecycle,11,PASS,Lebenszyklus ok
3473,k3_bundle_roundtrip,5,PASS,Bundle-Rundlauf ok
3474,k4_guide_coverage,10,PASS,fr-Guide deckt Kernfunktionen
3475,k5_help_wiki,11,PASS,Wiki-Topic ok
3476,k6_text_quality,200,PASS,fr: 40 Werte sauber
3477,k7_update_path,6,PASS,Update-Pfad ok
3478,k8_key_discipline,70,PASS,Schluesseldisziplin ok
3479,k9_dialog_invariants,3,PASS,favorites_dashboard_dialog.py: Invarianten ok
3480,k10_regression_shield,14,PASS,Regressionsschild intakt
3481,k1_first_run_path,11,PASS,Erststartpfad ok
3482,k2_booking_lifecycle,11,PASS,Lebenszyklus ok
3483,k3_bundle_roundtrip,5,PASS,Bundle-Rundlauf ok
3484,k4_guide_coverage,10,PASS,de-Guide deckt Kernfunktionen
3485,k5_help_wiki,11,PASS,Wiki-Topic ok
3486,k6_text_quality,197,PASS,de: 40 Werte sauber
3487,k7_update_path,6,PASS,Update-Pfad ok
3488,k8_key_discipline,60,PASS,Schluesseldisziplin ok
3489,k9_dialog_invariants,3,PASS,global_search_dialog.py: Invarianten ok
3490,k10_regression_shield,14,PASS,Regressionsschild intakt
3491,k1_first_run_path,11,PASS,Erststartpfad ok
3492,k2_booking_lifecycle,11,PASS,Lebenszyklus ok
3493,k3_bundle_roundtrip,5,PASS,Bundle-Rundlauf ok
3494,k4_guide_coverage,10,PASS,en-Guide deckt Kernfunktionen
3495,k5_help_wiki,11,PASS,Wiki-Topic ok
3496,k6_text_quality,197,PASS,en: 40 Werte sauber
3497,k7_update_path,6,PASS,Update-Pfad ok
3498,k8_key_discipline,60,PASS,Schluesseldisziplin ok
3499,k9_dialog_invariants,1,PASS,help_content.py: Invarianten ok
3500,k10_regression_shield,14,PASS,Regressionsschild intakt
3501,k1_first_run_path,11,PASS,Erststartpfad ok
3502,k2_booking_lifecycle,11,PASS,Lebenszyklus ok
3503,k3_bundle_roundtrip,5,PASS,Bundle-Rundlauf ok
3504,k4_guide_coverage,10,PASS,fr-Guide deckt Kernfunktionen
3505,k5_help_wiki,11,PASS,Wiki-Topic ok
3506,k6_text_quality,197,PASS,fr: 40 Werte sauber
3507,k7_update_path,6,PASS,Update-Pfad ok
3508,k8_key_discipline,60,PASS,Schluesseldisziplin ok
3509,k9_dialog_invariants,3,PASS,help_dialog.py: Invarianten ok
3510,k10_regression_shield,14,PASS,Regressionsschild intakt
3511,k1_first_run_path,11,PASS,Erststartpfad ok
3512,k2_booking_lifecycle,11,PASS,Lebenszyklus ok
3513,k3_bundle_roundtrip,5,PASS,Bundle-Rundlauf ok
3514,k4_guide_coverage,10,PASS,de-Guide deckt Kernfunktionen
3515,k5_help_wiki,11,PASS,Wiki-Topic ok
3516,k6_text_quality,185,PASS,de: 40 Werte sauber
3517,k7_update_path,6,PASS,Update-Pfad ok
3518,k8_key_discipline,65,PASS,Schluesseldisziplin ok
3519,k9_dialog_invariants,3,PASS,language_select_dialog.py: Invarianten ok
3520,k10_regression_shield,14,PASS,Regressionsschild intakt
3521,k1_first_run_path,11,PASS,Erststartpfad ok
3522,k2_booking_lifecycle,11,PASS,Lebenszyklus ok
3523,k3_bundle_roundtrip,5,PASS,Bundle-Rundlauf ok
3524,k4_guide_coverage,10,PASS,en-Guide deckt Kernfunktionen
3525,k5_help_wiki,11,PASS,Wiki-Topic ok
3526,k6_text_quality,197,PASS,en: 40 Werte sauber
3527,k7_update_path,6,PASS,Update-Pfad ok
3528,k8_key_discipline,60,PASS,Schluesseldisziplin ok
3529,k9_dialog_invariants,7,PASS,login_dialog.py: Invarianten ok
3530,k10_regression_shield,14,PASS,Regressionsschild intakt
3531,k1_first_run_path,11,PASS,Erststartpfad ok
3532,k2_booking_lifecycle,11,PASS,Lebenszyklus ok
3533,k3_bundle_roundtrip,5,PASS,Bundle-Rundlauf ok
3534,k4_guide_coverage,10,PASS,fr-Guide deckt Kernfunktionen
3535,k5_help_wiki,11,PASS,Wiki-Topic ok
3536,k6_text_quality,200,PASS,fr: 40 Werte sauber
3537,k7_update_path,6,PASS,Update-Pfad ok
3538,k8_key_discipline,62,PASS,Schluesseldisziplin ok
3539,k9_dialog_invariants,5,PASS,main_window.py: Invarianten ok
3540,k10_regression_shield,14,PASS,Regressionsschild intakt
3541,k1_first_run_path,11,PASS,Erststartpfad ok
3542,k2_booking_lifecycle,11,PASS,Lebenszyklus ok
3543,k3_bundle_roundtrip,5,PASS,Bundle-Rundlauf ok
3544,k4_guide_coverage,10,PASS,de-Guide deckt Kernfunktionen
3545,k5_help_wiki,11,PASS,Wiki-Topic ok
3546,k6_text_quality,200,PASS,de: 40 Werte sauber
3547,k7_update_path,6,PASS,Update-Pfad ok
3548,k8_key_discipline,60,PASS,Schluesseldisziplin ok
3549,k9_dialog_invariants,3,PASS,month_close_dialog.py: Invarianten ok
3550,k10_regression_shield,14,PASS,Regressionsschild intakt
3551,k1_first_run_path,11,PASS,Erststartpfad ok
3552,k2_booking_lifecycle,11,PASS,Lebenszyklus ok
3553,k3_bundle_roundtrip,5,PASS,Bundle-Rundlauf ok
3554,k4_guide_coverage,10,PASS,en-Guide deckt Kernfunktionen
3555,k5_help_wiki,11,PASS,Wiki-Topic ok
3556,k6_text_quality,197,PASS,en: 40 Werte sauber
3557,k7_update_path,6,PASS,Update-Pfad ok
3558,k8_key_discipline,62,PASS,Schluesseldisziplin ok
3559,k9_dialog_invariants,3,PASS,quick_add_dialog.py: Invarianten ok
3560,k10_regression_shield,14,PASS,Regressionsschild intakt
3561,k1_first_run_path,11,PASS,Erststartpfad ok
3562,k2_booking_lifecycle,11,PASS,Lebenszyklus ok
3563,k3_bundle_roundtrip,5,PASS,Bundle-Rundlauf ok
3564,k4_guide_coverage,10,PASS,fr-Guide deckt Kernfunktionen
3565,k5_help_wiki,11,PASS,Wiki-Topic ok
3566,k6_text_quality,200,PASS,fr: 40 Werte sauber
3567,k7_update_path,6,PASS,Update-Pfad ok
3568,k8_key_discipline,60,PASS,Schluesseldisziplin ok
3569,k9_dialog_invariants,1,PASS,reauth.py: Invarianten ok
3570,k10_regression_shield,14,PASS,Regressionsschild intakt
3571,k1_first_run_path,11,PASS,Erststartpfad ok
3572,k2_booking_lifecycle,11,PASS,Lebenszyklus ok
3573,k3_bundle_roundtrip,5,PASS,Bundle-Rundlauf ok
3574,k4_guide_coverage,10,PASS,de-Guide deckt Kernfunktionen
3575,k5_help_wiki,11,PASS,Wiki-Topic ok
3576,k6_text_quality,200,PASS,de: 40 Werte sauber
3577,k7_update_path,6,PASS,Update-Pfad ok
3578,k8_key_discipline,61,PASS,Schluesseldisziplin ok
3579,k9_dialog_invariants,3,PASS,recurring_bookings_dialog.py: Invarianten ok
3580,k10_regression_shield,14,PASS,Regressionsschild intakt
3581,k1_first_run_path,11,PASS,Erststartpfad ok
3582,k2_booking_lifecycle,11,PASS,Lebenszyklus ok
3583,k3_bundle_roundtrip,5,PASS,Bundle-Rundlauf ok
3584,k4_guide_coverage,10,PASS,en-Guide deckt Kernfunktionen
3585,k5_help_wiki,11,PASS,Wiki-Topic ok
3586,k6_text_quality,200,PASS,en: 40 Werte sauber
3587,k7_update_path,6,PASS,Update-Pfad ok
3588,k8_key_discipline,61,PASS,Schluesseldisziplin ok
3589,k9_dialog_invariants,3,PASS,restore_key_dialog.py: Invarianten ok
3590,k10_regression_shield,14,PASS,Regressionsschild intakt
3591,k1_first_run_path,11,PASS,Erststartpfad ok
3592,k2_booking_lifecycle,11,PASS,Lebenszyklus ok
3593,k3_bundle_roundtrip,5,PASS,Bundle-Rundlauf ok
3594,k4_guide_coverage,10,PASS,fr-Guide deckt Kernfunktionen
3595,k5_help_wiki,11,PASS,Wiki-Topic ok
3596,k6_text_quality,188,PASS,fr: 40 Werte sauber
3597,k7_update_path,6,PASS,Update-Pfad ok
3598,k8_key_discipline,60,PASS,Schluesseldisziplin ok
3599,k9_dialog_invariants,1,PASS,savings_goal_messages.py: Invarianten ok
3600,k10_regression_shield,14,PASS,Regressionsschild intakt
3601,k1_first_run_path,11,PASS,Erststartpfad ok
3602,k2_booking_lifecycle,11,PASS,Lebenszyklus ok
3603,k3_bundle_roundtrip,5,PASS,Bundle-Rundlauf ok
3604,k4_guide_coverage,10,PASS,de-Guide deckt Kernfunktionen
3605,k5_help_wiki,11,PASS,Wiki-Topic ok
3606,k6_text_quality,197,PASS,de: 40 Werte sauber
3607,k7_update_path,6,PASS,Update-Pfad ok
3608,k8_key_discipline,60,PASS,Schluesseldisziplin ok
3609,k9_dialog_invariants,7,PASS,savings_goals_dialog.py: Invarianten ok
3610,k10_regression_shield,14,PASS,Regressionsschild intakt
3611,k1_first_run_path,11,PASS,Erststartpfad ok
3612,k2_booking_lifecycle,11,PASS,Lebenszyklus ok
3613,k3_bundle_roundtrip,5,PASS,Bundle-Rundlauf ok
3614,k4_guide_coverage,10,PASS,en-Guide deckt Kernfunktionen
3615,k5_help_wiki,11,PASS,Wiki-Topic ok
3616,k6_text_quality,194,PASS,en: 40 Werte sauber
3617,k7_update_path,6,PASS,Update-Pfad ok
3618,k8_key_discipline,60,PASS,Schluesseldisziplin ok
3619,k9_dialog_invariants,3,PASS,setup_assistant_dialog.py: Invarianten ok
3620,k10_regression_shield,14,PASS,Regressionsschild intakt
3621,k1_first_run_path,11,PASS,Erststartpfad ok
3622,k2_booking_lifecycle,11,PASS,Lebenszyklus ok
3623,k3_bundle_roundtrip,5,PASS,Bundle-Rundlauf ok
3624,k4_guide_coverage,10,PASS,fr-Guide deckt Kernfunktionen
3625,k5_help_wiki,11,PASS,Wiki-Topic ok
3626,k6_text_quality,200,PASS,fr: 40 Werte sauber
3627,k7_update_path,6,PASS,Update-Pfad ok
3628,k8_key_discipline,60,PASS,Schluesseldisziplin ok
3629,k9_dialog_invariants,3,PASS,shortcuts_dialog.py: Invarianten ok
3630,k10_regression_shield,14,PASS,Regressionsschild intakt
3631,k1_first_run_path,11,PASS,Erststartpfad ok
3632,k2_booking_lifecycle,11,PASS,Lebenszyklus ok
3633,k3_bundle_roundtrip,5,PASS,Bundle-Rundlauf ok
3634,k4_guide_coverage,10,PASS,de-Guide deckt Kernfunktionen
3635,k5_help_wiki,11,PASS,Wiki-Topic ok
3636,k6_text_quality,200,PASS,de: 40 Werte sauber
3637,k7_update_path,6,PASS,Update-Pfad ok
3638,k8_key_discipline,62,PASS,Schluesseldisziplin ok
3639,k9_dialog_invariants,3,PASS,special_income_dialog.py: Invarianten ok
3640,k10_regression_shield,14,PASS,Regressionsschild intakt
3641,k1_first_run_path,11,PASS,Erststartpfad ok
3642,k2_booking_lifecycle,11,PASS,Lebenszyklus ok
3643,k3_bundle_roundtrip,5,PASS,Bundle-Rundlauf ok
3644,k4_guide_coverage,10,PASS,en-Guide deckt Kernfunktionen
3645,k5_help_wiki,11,PASS,Wiki-Topic ok
3646,k6_text_quality,200,PASS,en: 40 Werte sauber
3647,k7_update_path,6,PASS,Update-Pfad ok
3648,k8_key_discipline,68,PASS,Schluesseldisziplin ok
3649,k9_dialog_invariants,3,PASS,startup_wizard.py: Invarianten ok
3650,k10_regression_shield,14,PASS,Regressionsschild intakt
3651,k1_first_run_path,11,PASS,Erststartpfad ok
3652,k2_booking_lifecycle,11,PASS,Lebenszyklus ok
3653,k3_bundle_roundtrip,5,PASS,Bundle-Rundlauf ok
3654,k4_guide_coverage,10,PASS,fr-Guide deckt Kernfunktionen
3655,k5_help_wiki,11,PASS,Wiki-Topic ok
3656,k6_text_quality,173,PASS,fr: 40 Werte sauber
3657,k7_update_path,6,PASS,Update-Pfad ok
3658,k8_key_discipline,62,PASS,Schluesseldisziplin ok
3659,k9_dialog_invariants,3,PASS,tags_manager_dialog.py: Invarianten ok
3660,k10_regression_shield,14,PASS,Regressionsschild intakt
3661,k1_first_run_path,11,PASS,Erststartpfad ok
3662,k2_booking_lifecycle,11,PASS,Lebenszyklus ok
3663,k3_bundle_roundtrip,5,PASS,Bundle-Rundlauf ok
3664,k4_guide_coverage,10,PASS,de-Guide deckt Kernfunktionen
3665,k5_help_wiki,11,PASS,Wiki-Topic ok
3666,k6_text_quality,188,PASS,de: 40 Werte sauber
3667,k7_update_path,6,PASS,Update-Pfad ok
3668,k8_key_discipline,61,PASS,Schluesseldisziplin ok
3669,k9_dialog_invariants,3,PASS,theme_editor_dialog.py: Invarianten ok
3670,k10_regression_shield,14,PASS,Regressionsschild intakt
3671,k1_first_run_path,11,PASS,Erststartpfad ok
3672,k2_booking_lifecycle,11,PASS,Lebenszyklus ok
3673,k3_bundle_roundtrip,5,PASS,Bundle-Rundlauf ok
3674,k4_guide_coverage,10,PASS,en-Guide deckt Kernfunktionen
3675,k5_help_wiki,11,PASS,Wiki-Topic ok
3676,k6_text_quality,191,PASS,en: 40 Werte sauber
3677,k7_update_path,6,PASS,Update-Pfad ok
3678,k8_key_discipline,60,PASS,Schluesseldisziplin ok
3679,k9_dialog_invariants,1,PASS,type_color_helper.py: Invarianten ok
3680,k10_regression_shield,14,PASS,Regressionsschild intakt
3681,k1_first_run_path,11,PASS,Erststartpfad ok
3682,k2_booking_lifecycle,11,PASS,Lebenszyklus ok
3683,k3_bundle_roundtrip,5,PASS,Bundle-Rundlauf ok
3684,k4_guide_coverage,10,PASS,fr-Guide deckt Kernfunktionen
3685,k5_help_wiki,11,PASS,Wiki-Topic ok
3686,k6_text_quality,191,PASS,fr: 40 Werte sauber
3687,k7_update_path,6,PASS,Update-Pfad ok
3688,k8_key_discipline,60,PASS,Schluesseldisziplin ok
3689,k9_dialog_invariants,1,PASS,ui_colors.py: Invarianten ok
3690,k10_regression_shield,14,PASS,Regressionsschild intakt
3691,k1_first_run_path,11,PASS,Erststartpfad ok
3692,k2_booking_lifecycle,11,PASS,Lebenszyklus ok
3693,k3_bundle_roundtrip,5,PASS,Bundle-Rundlauf ok
3694,k4_guide_coverage,10,PASS,de-Guide deckt Kernfunktionen
3695,k5_help_wiki,11,PASS,Wiki-Topic ok
3696,k6_text_quality,200,PASS,de: 40 Werte sauber
3697,k7_update_path,6,PASS,Update-Pfad ok
3698,k8_key_discipline,60,PASS,Schluesseldisziplin ok
3699,k9_dialog_invariants,3,PASS,update_dialog.py: Invarianten ok
3700,k10_regression_shield,14,PASS,Regressionsschild intakt
3701,k1_first_run_path,11,PASS,Erststartpfad ok
3702,k2_booking_lifecycle,11,PASS,Lebenszyklus ok
3703,k3_bundle_roundtrip,5,PASS,Bundle-Rundlauf ok
3704,k4_guide_coverage,10,PASS,en-Guide deckt Kernfunktionen
3705,k5_help_wiki,11,PASS,Wiki-Topic ok
3706,k6_text_quality,200,PASS,en: 40 Werte sauber
3707,k7_update_path,6,PASS,Update-Pfad ok
3708,k8_key_discipline,60,PASS,Schluesseldisziplin ok
3709,k9_dialog_invariants,1,PASS,account_data_hub.py: Invarianten ok
3710,k10_regression_shield,14,PASS,Regressionsschild intakt
3711,k1_first_run_path,11,PASS,Erststartpfad ok
3712,k2_booking_lifecycle,11,PASS,Lebenszyklus ok
3713,k3_bundle_roundtrip,5,PASS,Bundle-Rundlauf ok
3714,k4_guide_coverage,10,PASS,fr-Guide deckt Kernfunktionen
3715,k5_help_wiki,11,PASS,Wiki-Topic ok
3716,k6_text_quality,200,PASS,fr: 40 Werte sauber
3717,k7_update_path,6,PASS,Update-Pfad ok
3718,k8_key_discipline,71,PASS,Schluesseldisziplin ok
3719,k9_dialog_invariants,3,PASS,account_management_dialog.py: Invarianten ok
3720,k10_regression_shield,14,PASS,Regressionsschild intakt
3721,k1_first_run_path,11,PASS,Erststartpfad ok
3722,k2_booking_lifecycle,11,PASS,Lebenszyklus ok
3723,k3_bundle_roundtrip,5,PASS,Bundle-Rundlauf ok
3724,k4_guide_coverage,10,PASS,de-Guide deckt Kernfunktionen
3725,k5_help_wiki,11,PASS,Wiki-Topic ok
3726,k6_text_quality,200,PASS,de: 40 Werte sauber
3727,k7_update_path,6,PASS,Update-Pfad ok
3728,k8_key_discipline,70,PASS,Schluesseldisziplin ok
3729,k9_dialog_invariants,3,PASS,backup_restore_dialog.py: Invarianten ok
3730,k10_regression_shield,14,PASS,Regressionsschild intakt
3731,k1_first_run_path,11,PASS,Erststartpfad ok
3732,k2_booking_lifecycle,11,PASS,Lebenszyklus ok
3733,k3_bundle_roundtrip,5,PASS,Bundle-Rundlauf ok
3734,k4_guide_coverage,10,PASS,en-Guide deckt Kernfunktionen
3735,k5_help_wiki,11,PASS,Wiki-Topic ok
3736,k6_text_quality,200,PASS,en: 40 Werte sauber
3737,k7_update_path,6,PASS,Update-Pfad ok
3738,k8_key_discipline,43,PASS,Schluesseldisziplin ok
3739,k9_dialog_invariants,5,PASS,budget_adjustment_dialog.py: Invarianten ok
3740,k10_regression_shield,14,PASS,Regressionsschild intakt
3741,k1_first_run_path,11,PASS,Erststartpfad ok
3742,k2_booking_lifecycle,11,PASS,Lebenszyklus ok
3743,k3_bundle_roundtrip,5,PASS,Bundle-Rundlauf ok
3744,k4_guide_coverage,10,PASS,fr-Guide deckt Kernfunktionen
3745,k5_help_wiki,11,PASS,Wiki-Topic ok
3746,k6_text_quality,200,PASS,fr: 40 Werte sauber
3747,k7_update_path,6,PASS,Update-Pfad ok
3748,k8_key_discipline,2,PASS,Schluesseldisziplin ok
3749,k9_dialog_invariants,5,PASS,budget_entry_dialog_extended.py: Invarianten ok
3750,k10_regression_shield,14,PASS,Regressionsschild intakt
3751,k1_first_run_path,11,PASS,Erststartpfad ok
3752,k2_booking_lifecycle,11,PASS,Lebenszyklus ok
3753,k3_bundle_roundtrip,5,PASS,Bundle-Rundlauf ok
3754,k4_guide_coverage,10,PASS,de-Guide deckt Kernfunktionen
3755,k5_help_wiki,11,PASS,Wiki-Topic ok
3756,k6_text_quality,15,PASS,de: 3 Werte sauber
3757,k7_update_path,6,PASS,Update-Pfad ok
3758,k8_key_discipline,61,PASS,Schluesseldisziplin ok
3759,k9_dialog_invariants,3,PASS,budget_fill_dialog.py: Invarianten ok
3760,k10_regression_shield,14,PASS,Regressionsschild intakt
3761,k1_first_run_path,11,PASS,Erststartpfad ok
3762,k2_booking_lifecycle,11,PASS,Lebenszyklus ok
3763,k3_bundle_roundtrip,5,PASS,Bundle-Rundlauf ok
3764,k4_guide_coverage,10,PASS,en-Guide deckt Kernfunktionen
3765,k5_help_wiki,11,PASS,Wiki-Topic ok
3766,k6_text_quality,200,PASS,en: 40 Werte sauber
3767,k7_update_path,6,PASS,Update-Pfad ok
3768,k8_key_discipline,78,PASS,Schluesseldisziplin ok
3769,k9_dialog_invariants,3,PASS,category_delete_dialog.py: Invarianten ok
3770,k10_regression_shield,14,PASS,Regressionsschild intakt
3771,k1_first_run_path,11,PASS,Erststartpfad ok
3772,k2_booking_lifecycle,11,PASS,Lebenszyklus ok
3773,k3_bundle_roundtrip,5,PASS,Bundle-Rundlauf ok
3774,k4_guide_coverage,10,PASS,fr-Guide deckt Kernfunktionen
3775,k5_help_wiki,11,PASS,Wiki-Topic ok
3776,k6_text_quality,194,PASS,fr: 40 Werte sauber
3777,k7_update_path,6,PASS,Update-Pfad ok
3778,k8_key_discipline,60,PASS,Schluesseldisziplin ok
3779,k9_dialog_invariants,1,PASS,category_excel_io.py: Invarianten ok
3780,k10_regression_shield,14,PASS,Regressionsschild intakt
3781,k1_first_run_path,11,PASS,Erststartpfad ok
3782,k2_booking_lifecycle,11,PASS,Lebenszyklus ok
3783,k3_bundle_roundtrip,5,PASS,Bundle-Rundlauf ok
3784,k4_guide_coverage,10,PASS,de-Guide deckt Kernfunktionen
3785,k5_help_wiki,11,PASS,Wiki-Topic ok
3786,k6_text_quality,194,PASS,de: 40 Werte sauber
3787,k7_update_path,6,PASS,Update-Pfad ok
3788,k8_key_discipline,60,PASS,Schluesseldisziplin ok
3789,k9_dialog_invariants,3,PASS,category_manager_dialog.py: Invarianten ok
3790,k10_regression_shield,14,PASS,Regressionsschild intakt
3791,k1_first_run_path,11,PASS,Erststartpfad ok
3792,k2_booking_lifecycle,11,PASS,Lebenszyklus ok
3793,k3_bundle_roundtrip,5,PASS,Bundle-Rundlauf ok
3794,k4_guide_coverage,10,PASS,en-Guide deckt Kernfunktionen
3795,k5_help_wiki,11,PASS,Wiki-Topic ok
3796,k6_text_quality,179,PASS,en: 40 Werte sauber
3797,k7_update_path,6,PASS,Update-Pfad ok
3798,k8_key_discipline,60,PASS,Schluesseldisziplin ok
3799,k9_dialog_invariants,1,PASS,category_picker.py: Invarianten ok
3800,k10_regression_shield,14,PASS,Regressionsschild intakt
3801,k1_first_run_path,11,PASS,Erststartpfad ok
3802,k2_booking_lifecycle,11,PASS,Lebenszyklus ok
3803,k3_bundle_roundtrip,5,PASS,Bundle-Rundlauf ok
3804,k4_guide_coverage,10,PASS,fr-Guide deckt Kernfunktionen
3805,k5_help_wiki,11,PASS,Wiki-Topic ok
3806,k6_text_quality,194,PASS,fr: 40 Werte sauber
3807,k7_update_path,6,PASS,Update-Pfad ok
3808,k8_key_discipline,60,PASS,Schluesseldisziplin ok
3809,k9_dialog_invariants,7,PASS,category_properties_dialog.py: Invarianten ok
3810,k10_regression_shield,14,PASS,Regressionsschild intakt
3811,k1_first_run_path,11,PASS,Erststartpfad ok
3812,k2_booking_lifecycle,11,PASS,Lebenszyklus ok
3813,k3_bundle_roundtrip,5,PASS,Bundle-Rundlauf ok
3814,k4_guide_coverage,10,PASS,de-Guide deckt Kernfunktionen
3815,k5_help_wiki,11,PASS,Wiki-Topic ok
3816,k6_text_quality,200,PASS,de: 40 Werte sauber
3817,k7_update_path,6,PASS,Update-Pfad ok
3818,k8_key_discipline,60,PASS,Schluesseldisziplin ok
3819,k9_dialog_invariants,3,PASS,copy_year_dialog.py: Invarianten ok
3820,k10_regression_shield,14,PASS,Regressionsschild intakt
3821,k1_first_run_path,11,PASS,Erststartpfad ok
3822,k2_booking_lifecycle,11,PASS,Lebenszyklus ok
3823,k3_bundle_roundtrip,5,PASS,Bundle-Rundlauf ok
3824,k4_guide_coverage,10,PASS,en-Guide deckt Kernfunktionen
3825,k5_help_wiki,11,PASS,Wiki-Topic ok
3826,k6_text_quality,191,PASS,en: 40 Werte sauber
3827,k7_update_path,6,PASS,Update-Pfad ok
3828,k8_key_discipline,60,PASS,Schluesseldisziplin ok
3829,k9_dialog_invariants,3,PASS,database_management_dialog.py: Invarianten ok
3830,k10_regression_shield,14,PASS,Regressionsschild intakt
3831,k1_first_run_path,11,PASS,Erststartpfad ok
3832,k2_booking_lifecycle,11,PASS,Lebenszyklus ok
3833,k3_bundle_roundtrip,5,PASS,Bundle-Rundlauf ok
3834,k4_guide_coverage,10,PASS,fr-Guide deckt Kernfunktionen
3835,k5_help_wiki,11,PASS,Wiki-Topic ok
3836,k6_text_quality,200,PASS,fr: 40 Werte sauber
3837,k7_update_path,6,PASS,Update-Pfad ok
3838,k8_key_discipline,60,PASS,Schluesseldisziplin ok
3839,k9_dialog_invariants,3,PASS,export_dialog.py: Invarianten ok
3840,k10_regression_shield,14,PASS,Regressionsschild intakt
3841,k1_first_run_path,11,PASS,Erststartpfad ok
3842,k2_booking_lifecycle,11,PASS,Lebenszyklus ok
3843,k3_bundle_roundtrip,5,PASS,Bundle-Rundlauf ok
3844,k4_guide_coverage,10,PASS,de-Guide deckt Kernfunktionen
3845,k5_help_wiki,11,PASS,Wiki-Topic ok
3846,k6_text_quality,200,PASS,de: 40 Werte sauber
3847,k7_update_path,6,PASS,Update-Pfad ok
3848,k8_key_discipline,60,PASS,Schluesseldisziplin ok
3849,k9_dialog_invariants,3,PASS,favorites_dashboard_dialog.py: Invarianten ok
3850,k10_regression_shield,14,PASS,Regressionsschild intakt
3851,k1_first_run_path,11,PASS,Erststartpfad ok
3852,k2_booking_lifecycle,11,PASS,Lebenszyklus ok
3853,k3_bundle_roundtrip,5,PASS,Bundle-Rundlauf ok
3854,k4_guide_coverage,10,PASS,en-Guide deckt Kernfunktionen
3855,k5_help_wiki,11,PASS,Wiki-Topic ok
3856,k6_text_quality,197,PASS,en: 40 Werte sauber
3857,k7_update_path,6,PASS,Update-Pfad ok
3858,k8_key_discipline,65,PASS,Schluesseldisziplin ok
3859,k9_dialog_invariants,3,PASS,global_search_dialog.py: Invarianten ok
3860,k10_regression_shield,14,PASS,Regressionsschild intakt
3861,k1_first_run_path,11,PASS,Erststartpfad ok
3862,k2_booking_lifecycle,11,PASS,Lebenszyklus ok
3863,k3_bundle_roundtrip,5,PASS,Bundle-Rundlauf ok
3864,k4_guide_coverage,10,PASS,fr-Guide deckt Kernfunktionen
3865,k5_help_wiki,11,PASS,Wiki-Topic ok
3866,k6_text_quality,200,PASS,fr: 40 Werte sauber
3867,k7_update_path,6,PASS,Update-Pfad ok
3868,k8_key_discipline,66,PASS,Schluesseldisziplin ok
3869,k9_dialog_invariants,1,PASS,help_content.py: Invarianten ok
3870,k10_regression_shield,14,PASS,Regressionsschild intakt
3871,k1_first_run_path,11,PASS,Erststartpfad ok
3872,k2_booking_lifecycle,11,PASS,Lebenszyklus ok
3873,k3_bundle_roundtrip,5,PASS,Bundle-Rundlauf ok
3874,k4_guide_coverage,10,PASS,de-Guide deckt Kernfunktionen
3875,k5_help_wiki,11,PASS,Wiki-Topic ok
3876,k6_text_quality,200,PASS,de: 40 Werte sauber
3877,k7_update_path,6,PASS,Update-Pfad ok
3878,k8_key_discipline,65,PASS,Schluesseldisziplin ok
3879,k9_dialog_invariants,3,PASS,help_dialog.py: Invarianten ok
3880,k10_regression_shield,14,PASS,Regressionsschild intakt
3881,k1_first_run_path,11,PASS,Erststartpfad ok
3882,k2_booking_lifecycle,11,PASS,Lebenszyklus ok
3883,k3_bundle_roundtrip,5,PASS,Bundle-Rundlauf ok
3884,k4_guide_coverage,10,PASS,en-Guide deckt Kernfunktionen
3885,k5_help_wiki,11,PASS,Wiki-Topic ok
3886,k6_text_quality,200,PASS,en: 40 Werte sauber
3887,k7_update_path,6,PASS,Update-Pfad ok
3888,k8_key_discipline,60,PASS,Schluesseldisziplin ok
3889,k9_dialog_invariants,3,PASS,language_select_dialog.py: Invarianten ok
3890,k10_regression_shield,14,PASS,Regressionsschild intakt
3891,k1_first_run_path,11,PASS,Erststartpfad ok
3892,k2_booking_lifecycle,11,PASS,Lebenszyklus ok
3893,k3_bundle_roundtrip,5,PASS,Bundle-Rundlauf ok
3894,k4_guide_coverage,10,PASS,fr-Guide deckt Kernfunktionen
3895,k5_help_wiki,11,PASS,Wiki-Topic ok
3896,k6_text_quality,200,PASS,fr: 40 Werte sauber
3897,k7_update_path,6,PASS,Update-Pfad ok
3898,k8_key_discipline,60,PASS,Schluesseldisziplin ok
3899,k9_dialog_invariants,7,PASS,login_dialog.py: Invarianten ok
3900,k10_regression_shield,14,PASS,Regressionsschild intakt
3901,k1_first_run_path,11,PASS,Erststartpfad ok
3902,k2_booking_lifecycle,11,PASS,Lebenszyklus ok
3903,k3_bundle_roundtrip,5,PASS,Bundle-Rundlauf ok
3904,k4_guide_coverage,10,PASS,de-Guide deckt Kernfunktionen
3905,k5_help_wiki,11,PASS,Wiki-Topic ok
3906,k6_text_quality,200,PASS,de: 40 Werte sauber
3907,k7_update_path,6,PASS,Update-Pfad ok
3908,k8_key_discipline,60,PASS,Schluesseldisziplin ok
3909,k9_dialog_invariants,5,PASS,main_window.py: Invarianten ok
3910,k10_regression_shield,14,PASS,Regressionsschild intakt
3911,k1_first_run_path,11,PASS,Erststartpfad ok
3912,k2_booking_lifecycle,11,PASS,Lebenszyklus ok
3913,k3_bundle_roundtrip,5,PASS,Bundle-Rundlauf ok
3914,k4_guide_coverage,10,PASS,en-Guide deckt Kernfunktionen
3915,k5_help_wiki,11,PASS,Wiki-Topic ok
3916,k6_text_quality,194,PASS,en: 40 Werte sauber
3917,k7_update_path,6,PASS,Update-Pfad ok
3918,k8_key_discipline,61,PASS,Schluesseldisziplin ok
3919,k9_dialog_invariants,3,PASS,month_close_dialog.py: Invarianten ok
3920,k10_regression_shield,14,PASS,Regressionsschild intakt
3921,k1_first_run_path,11,PASS,Erststartpfad ok
3922,k2_booking_lifecycle,11,PASS,Lebenszyklus ok
3923,k3_bundle_roundtrip,5,PASS,Bundle-Rundlauf ok
3924,k4_guide_coverage,10,PASS,fr-Guide deckt Kernfunktionen
3925,k5_help_wiki,11,PASS,Wiki-Topic ok
3926,k6_text_quality,200,PASS,fr: 40 Werte sauber
3927,k7_update_path,6,PASS,Update-Pfad ok
3928,k8_key_discipline,60,PASS,Schluesseldisziplin ok
3929,k9_dialog_invariants,3,PASS,quick_add_dialog.py: Invarianten ok
3930,k10_regression_shield,14,PASS,Regressionsschild intakt
3931,k1_first_run_path,11,PASS,Erststartpfad ok
3932,k2_booking_lifecycle,11,PASS,Lebenszyklus ok
3933,k3_bundle_roundtrip,5,PASS,Bundle-Rundlauf ok
3934,k4_guide_coverage,10,PASS,de-Guide deckt Kernfunktionen
3935,k5_help_wiki,11,PASS,Wiki-Topic ok
3936,k6_text_quality,200,PASS,de: 40 Werte sauber
3937,k7_update_path,6,PASS,Update-Pfad ok
3938,k8_key_discipline,66,PASS,Schluesseldisziplin ok
3939,k9_dialog_invariants,1,PASS,reauth.py: Invarianten ok
3940,k10_regression_shield,14,PASS,Regressionsschild intakt
3941,k1_first_run_path,11,PASS,Erststartpfad ok
3942,k2_booking_lifecycle,11,PASS,Lebenszyklus ok
3943,k3_bundle_roundtrip,5,PASS,Bundle-Rundlauf ok
3944,k4_guide_coverage,10,PASS,en-Guide deckt Kernfunktionen
3945,k5_help_wiki,11,PASS,Wiki-Topic ok
3946,k6_text_quality,194,PASS,en: 40 Werte sauber
3947,k7_update_path,6,PASS,Update-Pfad ok
3948,k8_key_discipline,68,PASS,Schluesseldisziplin ok
3949,k9_dialog_invariants,3,PASS,recurring_bookings_dialog.py: Invarianten ok
3950,k10_regression_shield,14,PASS,Regressionsschild intakt
3951,k1_first_run_path,11,PASS,Erststartpfad ok
3952,k2_booking_lifecycle,11,PASS,Lebenszyklus ok
3953,k3_bundle_roundtrip,5,PASS,Bundle-Rundlauf ok
3954,k4_guide_coverage,10,PASS,fr-Guide deckt Kernfunktionen
3955,k5_help_wiki,11,PASS,Wiki-Topic ok
3956,k6_text_quality,200,PASS,fr: 40 Werte sauber
3957,k7_update_path,6,PASS,Update-Pfad ok
3958,k8_key_discipline,62,PASS,Schluesseldisziplin ok
3959,k9_dialog_invariants,3,PASS,restore_key_dialog.py: Invarianten ok
3960,k10_regression_shield,14,PASS,Regressionsschild intakt
3961,k1_first_run_path,11,PASS,Erststartpfad ok
3962,k2_booking_lifecycle,11,PASS,Lebenszyklus ok
3963,k3_bundle_roundtrip,5,PASS,Bundle-Rundlauf ok
3964,k4_guide_coverage,10,PASS,de-Guide deckt Kernfunktionen
3965,k5_help_wiki,11,PASS,Wiki-Topic ok
3966,k6_text_quality,200,PASS,de: 40 Werte sauber
3967,k7_update_path,6,PASS,Update-Pfad ok
3968,k8_key_discipline,70,PASS,Schluesseldisziplin ok
3969,k9_dialog_invariants,1,PASS,savings_goal_messages.py: Invarianten ok
3970,k10_regression_shield,14,PASS,Regressionsschild intakt
3971,k1_first_run_path,11,PASS,Erststartpfad ok
3972,k2_booking_lifecycle,11,PASS,Lebenszyklus ok
3973,k3_bundle_roundtrip,5,PASS,Bundle-Rundlauf ok
3974,k4_guide_coverage,10,PASS,en-Guide deckt Kernfunktionen
3975,k5_help_wiki,11,PASS,Wiki-Topic ok
3976,k6_text_quality,200,PASS,en: 40 Werte sauber
3977,k7_update_path,6,PASS,Update-Pfad ok
3978,k8_key_discipline,60,PASS,Schluesseldisziplin ok
3979,k9_dialog_invariants,7,PASS,savings_goals_dialog.py: Invarianten ok
3980,k10_regression_shield,14,PASS,Regressionsschild intakt
3981,k1_first_run_path,11,PASS,Erststartpfad ok
3982,k2_booking_lifecycle,11,PASS,Lebenszyklus ok
3983,k3_bundle_roundtrip,5,PASS,Bundle-Rundlauf ok
3984,k4_guide_coverage,10,PASS,fr-Guide deckt Kernfunktionen
3985,k5_help_wiki,11,PASS,Wiki-Topic ok
3986,k6_text_quality,200,PASS,fr: 40 Werte sauber
3987,k7_update_path,6,PASS,Update-Pfad ok
3988,k8_key_discipline,60,PASS,Schluesseldisziplin ok
3989,k9_dialog_invariants,3,PASS,setup_assistant_dialog.py: Invarianten ok
3990,k10_regression_shield,14,PASS,Regressionsschild intakt
3991,k1_first_run_path,11,PASS,Erststartpfad ok
3992,k2_booking_lifecycle,11,PASS,Lebenszyklus ok
3993,k3_bundle_roundtrip,5,PASS,Bundle-Rundlauf ok
3994,k4_guide_coverage,10,PASS,de-Guide deckt Kernfunktionen
3995,k5_help_wiki,11,PASS,Wiki-Topic ok
3996,k6_text_quality,200,PASS,de: 40 Werte sauber
3997,k7_update_path,6,PASS,Update-Pfad ok
3998,k8_key_discipline,60,PASS,Schluesseldisziplin ok
3999,k9_dialog_invariants,3,PASS,shortcuts_dialog.py: Invarianten ok
4000,k10_regression_shield,14,PASS,Regressionsschild intakt
4001,k1_first_run_path,11,PASS,Erststartpfad ok
4002,k2_booking_lifecycle,11,PASS,Lebenszyklus ok
4003,k3_bundle_roundtrip,5,PASS,Bundle-Rundlauf ok
4004,k4_guide_coverage,10,PASS,en-Guide deckt Kernfunktionen
4005,k5_help_wiki,11,PASS,Wiki-Topic ok
4006,k6_text_quality,200,PASS,en: 40 Werte sauber
4007,k7_update_path,6,PASS,Update-Pfad ok
4008,k8_key_discipline,65,PASS,Schluesseldisziplin ok
4009,k9_dialog_invariants,3,PASS,special_income_dialog.py: Invarianten ok
4010,k10_regression_shield,14,PASS,Regressionsschild intakt
4011,k1_first_run_path,11,PASS,Erststartpfad ok
4012,k2_booking_lifecycle,11,PASS,Lebenszyklus ok
4013,k3_bundle_roundtrip,5,PASS,Bundle-Rundlauf ok
4014,k4_guide_coverage,10,PASS,fr-Guide deckt Kernfunktionen
4015,k5_help_wiki,11,PASS,Wiki-Topic ok
4016,k6_text_quality,194,PASS,fr: 40 Werte sauber
4017,k7_update_path,6,PASS,Update-Pfad ok
4018,k8_key_discipline,60,PASS,Schluesseldisziplin ok
4019,k9_dialog_invariants,3,PASS,startup_wizard.py: Invarianten ok
4020,k10_regression_shield,14,PASS,Regressionsschild intakt
4021,k1_first_run_path,11,PASS,Erststartpfad ok
4022,k2_booking_lifecycle,11,PASS,Lebenszyklus ok
4023,k3_bundle_roundtrip,5,PASS,Bundle-Rundlauf ok
4024,k4_guide_coverage,10,PASS,de-Guide deckt Kernfunktionen
4025,k5_help_wiki,11,PASS,Wiki-Topic ok
4026,k6_text_quality,194,PASS,de: 40 Werte sauber
4027,k7_update_path,6,PASS,Update-Pfad ok
4028,k8_key_discipline,62,PASS,Schluesseldisziplin ok
4029,k9_dialog_invariants,3,PASS,tags_manager_dialog.py: Invarianten ok
4030,k10_regression_shield,14,PASS,Regressionsschild intakt
4031,k1_first_run_path,11,PASS,Erststartpfad ok
4032,k2_booking_lifecycle,11,PASS,Lebenszyklus ok
4033,k3_bundle_roundtrip,5,PASS,Bundle-Rundlauf ok
4034,k4_guide_coverage,10,PASS,en-Guide deckt Kernfunktionen
4035,k5_help_wiki,11,PASS,Wiki-Topic ok
4036,k6_text_quality,191,PASS,en: 40 Werte sauber
4037,k7_update_path,6,PASS,Update-Pfad ok
4038,k8_key_discipline,60,PASS,Schluesseldisziplin ok
4039,k9_dialog_invariants,3,PASS,theme_editor_dialog.py: Invarianten ok
4040,k10_regression_shield,14,PASS,Regressionsschild intakt
4041,k1_first_run_path,11,PASS,Erststartpfad ok
4042,k2_booking_lifecycle,11,PASS,Lebenszyklus ok
4043,k3_bundle_roundtrip,5,PASS,Bundle-Rundlauf ok
4044,k4_guide_coverage,10,PASS,fr-Guide deckt Kernfunktionen
4045,k5_help_wiki,11,PASS,Wiki-Topic ok
4046,k6_text_quality,191,PASS,fr: 40 Werte sauber
4047,k7_update_path,6,PASS,Update-Pfad ok
4048,k8_key_discipline,62,PASS,Schluesseldisziplin ok
4049,k9_dialog_invariants,1,PASS,type_color_helper.py: Invarianten ok
4050,k10_regression_shield,14,PASS,Regressionsschild intakt
4051,k1_first_run_path,11,PASS,Erststartpfad ok
4052,k2_booking_lifecycle,11,PASS,Lebenszyklus ok
4053,k3_bundle_roundtrip,5,PASS,Bundle-Rundlauf ok
4054,k4_guide_coverage,10,PASS,de-Guide deckt Kernfunktionen
4055,k5_help_wiki,11,PASS,Wiki-Topic ok
4056,k6_text_quality,197,PASS,de: 40 Werte sauber
4057,k7_update_path,6,PASS,Update-Pfad ok
4058,k8_key_discipline,60,PASS,Schluesseldisziplin ok
4059,k9_dialog_invariants,1,PASS,ui_colors.py: Invarianten ok
4060,k10_regression_shield,14,PASS,Regressionsschild intakt
4061,k1_first_run_path,11,PASS,Erststartpfad ok
4062,k2_booking_lifecycle,11,PASS,Lebenszyklus ok
4063,k3_bundle_roundtrip,5,PASS,Bundle-Rundlauf ok
4064,k4_guide_coverage,10,PASS,en-Guide deckt Kernfunktionen
4065,k5_help_wiki,11,PASS,Wiki-Topic ok
4066,k6_text_quality,191,PASS,en: 40 Werte sauber
4067,k7_update_path,6,PASS,Update-Pfad ok
4068,k8_key_discipline,61,PASS,Schluesseldisziplin ok
4069,k9_dialog_invariants,3,PASS,update_dialog.py: Invarianten ok
4070,k10_regression_shield,14,PASS,Regressionsschild intakt
4071,k1_first_run_path,11,PASS,Erststartpfad ok
4072,k2_booking_lifecycle,11,PASS,Lebenszyklus ok
4073,k3_bundle_roundtrip,5,PASS,Bundle-Rundlauf ok
4074,k4_guide_coverage,10,PASS,fr-Guide deckt Kernfunktionen
4075,k5_help_wiki,11,PASS,Wiki-Topic ok
4076,k6_text_quality,200,PASS,fr: 40 Werte sauber
4077,k7_update_path,6,PASS,Update-Pfad ok
4078,k8_key_discipline,61,PASS,Schluesseldisziplin ok
4079,k9_dialog_invariants,1,PASS,account_data_hub.py: Invarianten ok
4080,k10_regression_shield,14,PASS,Regressionsschild intakt
4081,k1_first_run_path,11,PASS,Erststartpfad ok
4082,k2_booking_lifecycle,11,PASS,Lebenszyklus ok
4083,k3_bundle_roundtrip,5,PASS,Bundle-Rundlauf ok
4084,k4_guide_coverage,10,PASS,de-Guide deckt Kernfunktionen
4085,k5_help_wiki,11,PASS,Wiki-Topic ok
4086,k6_text_quality,197,PASS,de: 40 Werte sauber
4087,k7_update_path,6,PASS,Update-Pfad ok
4088,k8_key_discipline,60,PASS,Schluesseldisziplin ok
4089,k9_dialog_invariants,3,PASS,account_management_dialog.py: Invarianten ok
4090,k10_regression_shield,14,PASS,Regressionsschild intakt
4091,k1_first_run_path,11,PASS,Erststartpfad ok
4092,k2_booking_lifecycle,11,PASS,Lebenszyklus ok
4093,k3_bundle_roundtrip,5,PASS,Bundle-Rundlauf ok
4094,k4_guide_coverage,10,PASS,en-Guide deckt Kernfunktionen
4095,k5_help_wiki,11,PASS,Wiki-Topic ok
4096,k6_text_quality,200,PASS,en: 40 Werte sauber
4097,k7_update_path,6,PASS,Update-Pfad ok
4098,k8_key_discipline,60,PASS,Schluesseldisziplin ok
4099,k9_dialog_invariants,3,PASS,backup_restore_dialog.py: Invarianten ok
4100,k10_regression_shield,14,PASS,Regressionsschild intakt
4101,k1_first_run_path,11,PASS,Erststartpfad ok
4102,k2_booking_lifecycle,11,PASS,Lebenszyklus ok
4103,k3_bundle_roundtrip,5,PASS,Bundle-Rundlauf ok
4104,k4_guide_coverage,10,PASS,fr-Guide deckt Kernfunktionen
4105,k5_help_wiki,11,PASS,Wiki-Topic ok
4106,k6_text_quality,197,PASS,fr: 40 Werte sauber
4107,k7_update_path,6,PASS,Update-Pfad ok
4108,k8_key_discipline,60,PASS,Schluesseldisziplin ok
4109,k9_dialog_invariants,5,PASS,budget_adjustment_dialog.py: Invarianten ok
4110,k10_regression_shield,14,PASS,Regressionsschild intakt
4111,k1_first_run_path,11,PASS,Erststartpfad ok
4112,k2_booking_lifecycle,11,PASS,Lebenszyklus ok
4113,k3_bundle_roundtrip,5,PASS,Bundle-Rundlauf ok
4114,k4_guide_coverage,10,PASS,de-Guide deckt Kernfunktionen
4115,k5_help_wiki,11,PASS,Wiki-Topic ok
4116,k6_text_quality,197,PASS,de: 40 Werte sauber
4117,k7_update_path,6,PASS,Update-Pfad ok
4118,k8_key_discipline,60,PASS,Schluesseldisziplin ok
4119,k9_dialog_invariants,5,PASS,budget_entry_dialog_extended.py: Invarianten ok
4120,k10_regression_shield,14,PASS,Regressionsschild intakt
4121,k1_first_run_path,11,PASS,Erststartpfad ok
4122,k2_booking_lifecycle,11,PASS,Lebenszyklus ok
4123,k3_bundle_roundtrip,5,PASS,Bundle-Rundlauf ok
4124,k4_guide_coverage,10,PASS,en-Guide deckt Kernfunktionen
4125,k5_help_wiki,11,PASS,Wiki-Topic ok
4126,k6_text_quality,197,PASS,en: 40 Werte sauber
4127,k7_update_path,6,PASS,Update-Pfad ok
4128,k8_key_discipline,62,PASS,Schluesseldisziplin ok
4129,k9_dialog_invariants,3,PASS,budget_fill_dialog.py: Invarianten ok
4130,k10_regression_shield,14,PASS,Regressionsschild intakt
4131,k1_first_run_path,11,PASS,Erststartpfad ok
4132,k2_booking_lifecycle,11,PASS,Lebenszyklus ok
4133,k3_bundle_roundtrip,5,PASS,Bundle-Rundlauf ok
4134,k4_guide_coverage,10,PASS,fr-Guide deckt Kernfunktionen
4135,k5_help_wiki,11,PASS,Wiki-Topic ok
4136,k6_text_quality,194,PASS,fr: 40 Werte sauber
4137,k7_update_path,6,PASS,Update-Pfad ok
4138,k8_key_discipline,68,PASS,Schluesseldisziplin ok
4139,k9_dialog_invariants,3,PASS,category_delete_dialog.py: Invarianten ok
4140,k10_regression_shield,14,PASS,Regressionsschild intakt
4141,k1_first_run_path,11,PASS,Erststartpfad ok
4142,k2_booking_lifecycle,11,PASS,Lebenszyklus ok
4143,k3_bundle_roundtrip,5,PASS,Bundle-Rundlauf ok
4144,k4_guide_coverage,10,PASS,de-Guide deckt Kernfunktionen
4145,k5_help_wiki,11,PASS,Wiki-Topic ok
4146,k6_text_quality,188,PASS,de: 40 Werte sauber
4147,k7_update_path,6,PASS,Update-Pfad ok
4148,k8_key_discipline,62,PASS,Schluesseldisziplin ok
4149,k9_dialog_invariants,1,PASS,category_excel_io.py: Invarianten ok
4150,k10_regression_shield,14,PASS,Regressionsschild intakt
4151,k1_first_run_path,11,PASS,Erststartpfad ok
4152,k2_booking_lifecycle,11,PASS,Lebenszyklus ok
4153,k3_bundle_roundtrip,5,PASS,Bundle-Rundlauf ok
4154,k4_guide_coverage,10,PASS,en-Guide deckt Kernfunktionen
4155,k5_help_wiki,11,PASS,Wiki-Topic ok
4156,k6_text_quality,200,PASS,en: 40 Werte sauber
4157,k7_update_path,6,PASS,Update-Pfad ok
4158,k8_key_discipline,61,PASS,Schluesseldisziplin ok
4159,k9_dialog_invariants,3,PASS,category_manager_dialog.py: Invarianten ok
4160,k10_regression_shield,14,PASS,Regressionsschild intakt
4161,k1_first_run_path,11,PASS,Erststartpfad ok
4162,k2_booking_lifecycle,11,PASS,Lebenszyklus ok
4163,k3_bundle_roundtrip,5,PASS,Bundle-Rundlauf ok
4164,k4_guide_coverage,10,PASS,fr-Guide deckt Kernfunktionen
4165,k5_help_wiki,11,PASS,Wiki-Topic ok
4166,k6_text_quality,200,PASS,fr: 40 Werte sauber
4167,k7_update_path,6,PASS,Update-Pfad ok
4168,k8_key_discipline,60,PASS,Schluesseldisziplin ok
4169,k9_dialog_invariants,1,PASS,category_picker.py: Invarianten ok
4170,k10_regression_shield,14,PASS,Regressionsschild intakt
4171,k1_first_run_path,11,PASS,Erststartpfad ok
4172,k2_booking_lifecycle,11,PASS,Lebenszyklus ok
4173,k3_bundle_roundtrip,5,PASS,Bundle-Rundlauf ok
4174,k4_guide_coverage,10,PASS,de-Guide deckt Kernfunktionen
4175,k5_help_wiki,11,PASS,Wiki-Topic ok
4176,k6_text_quality,200,PASS,de: 40 Werte sauber
4177,k7_update_path,6,PASS,Update-Pfad ok
4178,k8_key_discipline,60,PASS,Schluesseldisziplin ok
4179,k9_dialog_invariants,7,PASS,category_properties_dialog.py: Invarianten ok
4180,k10_regression_shield,14,PASS,Regressionsschild intakt
4181,k1_first_run_path,11,PASS,Erststartpfad ok
4182,k2_booking_lifecycle,11,PASS,Lebenszyklus ok
4183,k3_bundle_roundtrip,5,PASS,Bundle-Rundlauf ok
4184,k4_guide_coverage,10,PASS,en-Guide deckt Kernfunktionen
4185,k5_help_wiki,11,PASS,Wiki-Topic ok
4186,k6_text_quality,197,PASS,en: 40 Werte sauber
4187,k7_update_path,6,PASS,Update-Pfad ok
4188,k8_key_discipline,60,PASS,Schluesseldisziplin ok
4189,k9_dialog_invariants,3,PASS,copy_year_dialog.py: Invarianten ok
4190,k10_regression_shield,14,PASS,Regressionsschild intakt
4191,k1_first_run_path,11,PASS,Erststartpfad ok
4192,k2_booking_lifecycle,11,PASS,Lebenszyklus ok
4193,k3_bundle_roundtrip,5,PASS,Bundle-Rundlauf ok
4194,k4_guide_coverage,10,PASS,fr-Guide deckt Kernfunktionen
4195,k5_help_wiki,11,PASS,Wiki-Topic ok
4196,k6_text_quality,200,PASS,fr: 40 Werte sauber
4197,k7_update_path,6,PASS,Update-Pfad ok
4198,k8_key_discipline,60,PASS,Schluesseldisziplin ok
4199,k9_dialog_invariants,3,PASS,database_management_dialog.py: Invarianten ok
4200,k10_regression_shield,14,PASS,Regressionsschild intakt
4201,k1_first_run_path,11,PASS,Erststartpfad ok
4202,k2_booking_lifecycle,11,PASS,Lebenszyklus ok
4203,k3_bundle_roundtrip,5,PASS,Bundle-Rundlauf ok
4204,k4_guide_coverage,10,PASS,de-Guide deckt Kernfunktionen
4205,k5_help_wiki,11,PASS,Wiki-Topic ok
4206,k6_text_quality,200,PASS,de: 40 Werte sauber
4207,k7_update_path,6,PASS,Update-Pfad ok
4208,k8_key_discipline,71,PASS,Schluesseldisziplin ok
4209,k9_dialog_invariants,3,PASS,export_dialog.py: Invarianten ok
4210,k10_regression_shield,14,PASS,Regressionsschild intakt
4211,k1_first_run_path,11,PASS,Erststartpfad ok
4212,k2_booking_lifecycle,11,PASS,Lebenszyklus ok
4213,k3_bundle_roundtrip,5,PASS,Bundle-Rundlauf ok
4214,k4_guide_coverage,10,PASS,en-Guide deckt Kernfunktionen
4215,k5_help_wiki,11,PASS,Wiki-Topic ok
4216,k6_text_quality,194,PASS,en: 40 Werte sauber
4217,k7_update_path,6,PASS,Update-Pfad ok
4218,k8_key_discipline,70,PASS,Schluesseldisziplin ok
4219,k9_dialog_invariants,3,PASS,favorites_dashboard_dialog.py: Invarianten ok
4220,k10_regression_shield,14,PASS,Regressionsschild intakt
4221,k1_first_run_path,11,PASS,Erststartpfad ok
4222,k2_booking_lifecycle,11,PASS,Lebenszyklus ok
4223,k3_bundle_roundtrip,5,PASS,Bundle-Rundlauf ok
4224,k4_guide_coverage,10,PASS,fr-Guide deckt Kernfunktionen
4225,k5_help_wiki,11,PASS,Wiki-Topic ok
4226,k6_text_quality,185,PASS,fr: 40 Werte sauber
4227,k7_update_path,6,PASS,Update-Pfad ok
4228,k8_key_discipline,60,PASS,Schluesseldisziplin ok
4229,k9_dialog_invariants,3,PASS,global_search_dialog.py: Invarianten ok
4230,k10_regression_shield,14,PASS,Regressionsschild intakt
4231,k1_first_run_path,11,PASS,Erststartpfad ok
4232,k2_booking_lifecycle,11,PASS,Lebenszyklus ok
4233,k3_bundle_roundtrip,5,PASS,Bundle-Rundlauf ok
4234,k4_guide_coverage,10,PASS,de-Guide deckt Kernfunktionen
4235,k5_help_wiki,11,PASS,Wiki-Topic ok
4236,k6_text_quality,194,PASS,de: 40 Werte sauber
4237,k7_update_path,6,PASS,Update-Pfad ok
4238,k8_key_discipline,60,PASS,Schluesseldisziplin ok
4239,k9_dialog_invariants,1,PASS,help_content.py: Invarianten ok
4240,k10_regression_shield,14,PASS,Regressionsschild intakt
4241,k1_first_run_path,11,PASS,Erststartpfad ok
4242,k2_booking_lifecycle,11,PASS,Lebenszyklus ok
4243,k3_bundle_roundtrip,5,PASS,Bundle-Rundlauf ok
4244,k4_guide_coverage,10,PASS,en-Guide deckt Kernfunktionen
4245,k5_help_wiki,11,PASS,Wiki-Topic ok
4246,k6_text_quality,200,PASS,en: 40 Werte sauber
4247,k7_update_path,6,PASS,Update-Pfad ok
4248,k8_key_discipline,61,PASS,Schluesseldisziplin ok
4249,k9_dialog_invariants,3,PASS,help_dialog.py: Invarianten ok
4250,k10_regression_shield,14,PASS,Regressionsschild intakt
4251,k1_first_run_path,11,PASS,Erststartpfad ok
4252,k2_booking_lifecycle,11,PASS,Lebenszyklus ok
4253,k3_bundle_roundtrip,5,PASS,Bundle-Rundlauf ok
4254,k4_guide_coverage,10,PASS,fr-Guide deckt Kernfunktionen
4255,k5_help_wiki,11,PASS,Wiki-Topic ok
4256,k6_text_quality,200,PASS,fr: 40 Werte sauber
4257,k7_update_path,6,PASS,Update-Pfad ok
4258,k8_key_discipline,78,PASS,Schluesseldisziplin ok
4259,k9_dialog_invariants,3,PASS,language_select_dialog.py: Invarianten ok
4260,k10_regression_shield,14,PASS,Regressionsschild intakt
4261,k1_first_run_path,11,PASS,Erststartpfad ok
4262,k2_booking_lifecycle,11,PASS,Lebenszyklus ok
4263,k3_bundle_roundtrip,5,PASS,Bundle-Rundlauf ok
4264,k4_guide_coverage,10,PASS,de-Guide deckt Kernfunktionen
4265,k5_help_wiki,11,PASS,Wiki-Topic ok
4266,k6_text_quality,200,PASS,de: 40 Werte sauber
4267,k7_update_path,6,PASS,Update-Pfad ok
4268,k8_key_discipline,60,PASS,Schluesseldisziplin ok
4269,k9_dialog_invariants,7,PASS,login_dialog.py: Invarianten ok
4270,k10_regression_shield,14,PASS,Regressionsschild intakt
4271,k1_first_run_path,11,PASS,Erststartpfad ok
4272,k2_booking_lifecycle,11,PASS,Lebenszyklus ok
4273,k3_bundle_roundtrip,5,PASS,Bundle-Rundlauf ok
4274,k4_guide_coverage,10,PASS,en-Guide deckt Kernfunktionen
4275,k5_help_wiki,11,PASS,Wiki-Topic ok
4276,k6_text_quality,194,PASS,en: 40 Werte sauber
4277,k7_update_path,6,PASS,Update-Pfad ok
4278,k8_key_discipline,60,PASS,Schluesseldisziplin ok
4279,k9_dialog_invariants,5,PASS,main_window.py: Invarianten ok
4280,k10_regression_shield,14,PASS,Regressionsschild intakt
4281,k1_first_run_path,11,PASS,Erststartpfad ok
4282,k2_booking_lifecycle,11,PASS,Lebenszyklus ok
4283,k3_bundle_roundtrip,5,PASS,Bundle-Rundlauf ok
4284,k4_guide_coverage,10,PASS,fr-Guide deckt Kernfunktionen
4285,k5_help_wiki,11,PASS,Wiki-Topic ok
4286,k6_text_quality,170,PASS,fr: 40 Werte sauber
4287,k7_update_path,6,PASS,Update-Pfad ok
4288,k8_key_discipline,60,PASS,Schluesseldisziplin ok
4289,k9_dialog_invariants,3,PASS,month_close_dialog.py: Invarianten ok
4290,k10_regression_shield,14,PASS,Regressionsschild intakt
4291,k1_first_run_path,11,PASS,Erststartpfad ok
4292,k2_booking_lifecycle,11,PASS,Lebenszyklus ok
4293,k3_bundle_roundtrip,5,PASS,Bundle-Rundlauf ok
4294,k4_guide_coverage,10,PASS,de-Guide deckt Kernfunktionen
4295,k5_help_wiki,11,PASS,Wiki-Topic ok
4296,k6_text_quality,200,PASS,de: 40 Werte sauber
4297,k7_update_path,6,PASS,Update-Pfad ok
4298,k8_key_discipline,60,PASS,Schluesseldisziplin ok
4299,k9_dialog_invariants,3,PASS,quick_add_dialog.py: Invarianten ok
4300,k10_regression_shield,14,PASS,Regressionsschild intakt
4301,k1_first_run_path,11,PASS,Erststartpfad ok
4302,k2_booking_lifecycle,11,PASS,Lebenszyklus ok
4303,k3_bundle_roundtrip,5,PASS,Bundle-Rundlauf ok
4304,k4_guide_coverage,10,PASS,en-Guide deckt Kernfunktionen
4305,k5_help_wiki,11,PASS,Wiki-Topic ok
4306,k6_text_quality,182,PASS,en: 40 Werte sauber
4307,k7_update_path,6,PASS,Update-Pfad ok
4308,k8_key_discipline,60,PASS,Schluesseldisziplin ok
4309,k9_dialog_invariants,1,PASS,reauth.py: Invarianten ok
4310,k10_regression_shield,14,PASS,Regressionsschild intakt
4311,k1_first_run_path,11,PASS,Erststartpfad ok
4312,k2_booking_lifecycle,11,PASS,Lebenszyklus ok
4313,k3_bundle_roundtrip,5,PASS,Bundle-Rundlauf ok
4314,k4_guide_coverage,10,PASS,fr-Guide deckt Kernfunktionen
4315,k5_help_wiki,11,PASS,Wiki-Topic ok
4316,k6_text_quality,200,PASS,fr: 40 Werte sauber
4317,k7_update_path,6,PASS,Update-Pfad ok
4318,k8_key_discipline,60,PASS,Schluesseldisziplin ok
4319,k9_dialog_invariants,3,PASS,recurring_bookings_dialog.py: Invarianten ok
4320,k10_regression_shield,14,PASS,Regressionsschild intakt
4321,k1_first_run_path,11,PASS,Erststartpfad ok
4322,k2_booking_lifecycle,11,PASS,Lebenszyklus ok
4323,k3_bundle_roundtrip,5,PASS,Bundle-Rundlauf ok
4324,k4_guide_coverage,10,PASS,de-Guide deckt Kernfunktionen
4325,k5_help_wiki,11,PASS,Wiki-Topic ok
4326,k6_text_quality,200,PASS,de: 40 Werte sauber
4327,k7_update_path,6,PASS,Update-Pfad ok
4328,k8_key_discipline,60,PASS,Schluesseldisziplin ok
4329,k9_dialog_invariants,3,PASS,restore_key_dialog.py: Invarianten ok
4330,k10_regression_shield,14,PASS,Regressionsschild intakt
4331,k1_first_run_path,11,PASS,Erststartpfad ok
4332,k2_booking_lifecycle,11,PASS,Lebenszyklus ok
4333,k3_bundle_roundtrip,5,PASS,Bundle-Rundlauf ok
4334,k4_guide_coverage,10,PASS,en-Guide deckt Kernfunktionen
4335,k5_help_wiki,11,PASS,Wiki-Topic ok
4336,k6_text_quality,200,PASS,en: 40 Werte sauber
4337,k7_update_path,6,PASS,Update-Pfad ok
4338,k8_key_discipline,60,PASS,Schluesseldisziplin ok
4339,k9_dialog_invariants,1,PASS,savings_goal_messages.py: Invarianten ok
4340,k10_regression_shield,14,PASS,Regressionsschild intakt
4341,k1_first_run_path,11,PASS,Erststartpfad ok
4342,k2_booking_lifecycle,11,PASS,Lebenszyklus ok
4343,k3_bundle_roundtrip,5,PASS,Bundle-Rundlauf ok
4344,k4_guide_coverage,10,PASS,fr-Guide deckt Kernfunktionen
4345,k5_help_wiki,11,PASS,Wiki-Topic ok
4346,k6_text_quality,200,PASS,fr: 40 Werte sauber
4347,k7_update_path,6,PASS,Update-Pfad ok
4348,k8_key_discipline,65,PASS,Schluesseldisziplin ok
4349,k9_dialog_invariants,7,PASS,savings_goals_dialog.py: Invarianten ok
4350,k10_regression_shield,14,PASS,Regressionsschild intakt
4351,k1_first_run_path,11,PASS,Erststartpfad ok
4352,k2_booking_lifecycle,11,PASS,Lebenszyklus ok
4353,k3_bundle_roundtrip,5,PASS,Bundle-Rundlauf ok
4354,k4_guide_coverage,10,PASS,de-Guide deckt Kernfunktionen
4355,k5_help_wiki,11,PASS,Wiki-Topic ok
4356,k6_text_quality,200,PASS,de: 40 Werte sauber
4357,k7_update_path,6,PASS,Update-Pfad ok
4358,k8_key_discipline,63,PASS,Schluesseldisziplin ok
4359,k9_dialog_invariants,3,PASS,setup_assistant_dialog.py: Invarianten ok
4360,k10_regression_shield,14,PASS,Regressionsschild intakt
4361,k1_first_run_path,11,PASS,Erststartpfad ok
4362,k2_booking_lifecycle,11,PASS,Lebenszyklus ok
4363,k3_bundle_roundtrip,5,PASS,Bundle-Rundlauf ok
4364,k4_guide_coverage,10,PASS,en-Guide deckt Kernfunktionen
4365,k5_help_wiki,11,PASS,Wiki-Topic ok
4366,k6_text_quality,200,PASS,en: 40 Werte sauber
4367,k7_update_path,6,PASS,Update-Pfad ok
4368,k8_key_discipline,21,PASS,Schluesseldisziplin ok
4369,k9_dialog_invariants,3,PASS,shortcuts_dialog.py: Invarianten ok
4370,k10_regression_shield,14,PASS,Regressionsschild intakt
4371,k1_first_run_path,11,PASS,Erststartpfad ok
4372,k2_booking_lifecycle,11,PASS,Lebenszyklus ok
4373,k3_bundle_roundtrip,5,PASS,Bundle-Rundlauf ok
4374,k4_guide_coverage,10,PASS,fr-Guide deckt Kernfunktionen
4375,k5_help_wiki,11,PASS,Wiki-Topic ok
4376,k6_text_quality,110,PASS,fr: 22 Werte sauber
4377,k7_update_path,6,PASS,Update-Pfad ok
4378,k8_key_discipline,60,PASS,Schluesseldisziplin ok
4379,k9_dialog_invariants,3,PASS,special_income_dialog.py: Invarianten ok
4380,k10_regression_shield,14,PASS,Regressionsschild intakt
4381,k1_first_run_path,11,PASS,Erststartpfad ok
4382,k2_booking_lifecycle,11,PASS,Lebenszyklus ok
4383,k3_bundle_roundtrip,5,PASS,Bundle-Rundlauf ok
4384,k4_guide_coverage,10,PASS,de-Guide deckt Kernfunktionen
4385,k5_help_wiki,11,PASS,Wiki-Topic ok
4386,k6_text_quality,200,PASS,de: 40 Werte sauber
4387,k7_update_path,6,PASS,Update-Pfad ok
4388,k8_key_discipline,60,PASS,Schluesseldisziplin ok
4389,k9_dialog_invariants,3,PASS,startup_wizard.py: Invarianten ok
4390,k10_regression_shield,14,PASS,Regressionsschild intakt
4391,k1_first_run_path,11,PASS,Erststartpfad ok
4392,k2_booking_lifecycle,11,PASS,Lebenszyklus ok
4393,k3_bundle_roundtrip,5,PASS,Bundle-Rundlauf ok
4394,k4_guide_coverage,10,PASS,en-Guide deckt Kernfunktionen
4395,k5_help_wiki,11,PASS,Wiki-Topic ok
4396,k6_text_quality,194,PASS,en: 40 Werte sauber
4397,k7_update_path,6,PASS,Update-Pfad ok
4398,k8_key_discipline,60,PASS,Schluesseldisziplin ok
4399,k9_dialog_invariants,3,PASS,tags_manager_dialog.py: Invarianten ok
4400,k10_regression_shield,14,PASS,Regressionsschild intakt
4401,k1_first_run_path,11,PASS,Erststartpfad ok
4402,k2_booking_lifecycle,11,PASS,Lebenszyklus ok
4403,k3_bundle_roundtrip,5,PASS,Bundle-Rundlauf ok
4404,k4_guide_coverage,10,PASS,fr-Guide deckt Kernfunktionen
4405,k5_help_wiki,11,PASS,Wiki-Topic ok
4406,k6_text_quality,197,PASS,fr: 40 Werte sauber
4407,k7_update_path,6,PASS,Update-Pfad ok
4408,k8_key_discipline,61,PASS,Schluesseldisziplin ok
4409,k9_dialog_invariants,3,PASS,theme_editor_dialog.py: Invarianten ok
4410,k10_regression_shield,14,PASS,Regressionsschild intakt
4411,k1_first_run_path,11,PASS,Erststartpfad ok
4412,k2_booking_lifecycle,11,PASS,Lebenszyklus ok
4413,k3_bundle_roundtrip,5,PASS,Bundle-Rundlauf ok
4414,k4_guide_coverage,10,PASS,de-Guide deckt Kernfunktionen
4415,k5_help_wiki,11,PASS,Wiki-Topic ok
4416,k6_text_quality,185,PASS,de: 40 Werte sauber
4417,k7_update_path,6,PASS,Update-Pfad ok
4418,k8_key_discipline,60,PASS,Schluesseldisziplin ok
4419,k9_dialog_invariants,1,PASS,type_color_helper.py: Invarianten ok
4420,k10_regression_shield,14,PASS,Regressionsschild intakt
4421,k1_first_run_path,11,PASS,Erststartpfad ok
4422,k2_booking_lifecycle,11,PASS,Lebenszyklus ok
4423,k3_bundle_roundtrip,5,PASS,Bundle-Rundlauf ok
4424,k4_guide_coverage,10,PASS,en-Guide deckt Kernfunktionen
4425,k5_help_wiki,11,PASS,Wiki-Topic ok
4426,k6_text_quality,179,PASS,en: 40 Werte sauber
4427,k7_update_path,6,PASS,Update-Pfad ok
4428,k8_key_discipline,66,PASS,Schluesseldisziplin ok
4429,k9_dialog_invariants,1,PASS,ui_colors.py: Invarianten ok
4430,k10_regression_shield,14,PASS,Regressionsschild intakt
4431,k1_first_run_path,11,PASS,Erststartpfad ok
4432,k2_booking_lifecycle,11,PASS,Lebenszyklus ok
4433,k3_bundle_roundtrip,5,PASS,Bundle-Rundlauf ok
4434,k4_guide_coverage,10,PASS,fr-Guide deckt Kernfunktionen
4435,k5_help_wiki,11,PASS,Wiki-Topic ok
4436,k6_text_quality,200,PASS,fr: 40 Werte sauber
4437,k7_update_path,6,PASS,Update-Pfad ok
4438,k8_key_discipline,68,PASS,Schluesseldisziplin ok
4439,k9_dialog_invariants,3,PASS,update_dialog.py: Invarianten ok
4440,k10_regression_shield,14,PASS,Regressionsschild intakt
4441,k1_first_run_path,11,PASS,Erststartpfad ok
4442,k2_booking_lifecycle,11,PASS,Lebenszyklus ok
4443,k3_bundle_roundtrip,5,PASS,Bundle-Rundlauf ok
4444,k4_guide_coverage,10,PASS,de-Guide deckt Kernfunktionen
4445,k5_help_wiki,11,PASS,Wiki-Topic ok
4446,k6_text_quality,191,PASS,de: 40 Werte sauber
4447,k7_update_path,6,PASS,Update-Pfad ok
4448,k8_key_discipline,62,PASS,Schluesseldisziplin ok
4449,k9_dialog_invariants,1,PASS,account_data_hub.py: Invarianten ok
4450,k10_regression_shield,14,PASS,Regressionsschild intakt
4451,k1_first_run_path,11,PASS,Erststartpfad ok
4452,k2_booking_lifecycle,11,PASS,Lebenszyklus ok
4453,k3_bundle_roundtrip,5,PASS,Bundle-Rundlauf ok
4454,k4_guide_coverage,10,PASS,en-Guide deckt Kernfunktionen
4455,k5_help_wiki,11,PASS,Wiki-Topic ok
4456,k6_text_quality,200,PASS,en: 40 Werte sauber
4457,k7_update_path,6,PASS,Update-Pfad ok
4458,k8_key_discipline,70,PASS,Schluesseldisziplin ok
4459,k9_dialog_invariants,3,PASS,account_management_dialog.py: Invarianten ok
4460,k10_regression_shield,14,PASS,Regressionsschild intakt
4461,k1_first_run_path,11,PASS,Erststartpfad ok
4462,k2_booking_lifecycle,11,PASS,Lebenszyklus ok
4463,k3_bundle_roundtrip,5,PASS,Bundle-Rundlauf ok
4464,k4_guide_coverage,10,PASS,fr-Guide deckt Kernfunktionen
4465,k5_help_wiki,11,PASS,Wiki-Topic ok
4466,k6_text_quality,200,PASS,fr: 40 Werte sauber
4467,k7_update_path,6,PASS,Update-Pfad ok
4468,k8_key_discipline,60,PASS,Schluesseldisziplin ok
4469,k9_dialog_invariants,3,PASS,backup_restore_dialog.py: Invarianten ok
4470,k10_regression_shield,14,PASS,Regressionsschild intakt
4471,k1_first_run_path,11,PASS,Erststartpfad ok
4472,k2_booking_lifecycle,11,PASS,Lebenszyklus ok
4473,k3_bundle_roundtrip,5,PASS,Bundle-Rundlauf ok
4474,k4_guide_coverage,10,PASS,de-Guide deckt Kernfunktionen
4475,k5_help_wiki,11,PASS,Wiki-Topic ok
4476,k6_text_quality,200,PASS,de: 40 Werte sauber
4477,k7_update_path,6,PASS,Update-Pfad ok
4478,k8_key_discipline,60,PASS,Schluesseldisziplin ok
4479,k9_dialog_invariants,5,PASS,budget_adjustment_dialog.py: Invarianten ok
4480,k10_regression_shield,14,PASS,Regressionsschild intakt
4481,k1_first_run_path,11,PASS,Erststartpfad ok
4482,k2_booking_lifecycle,11,PASS,Lebenszyklus ok
4483,k3_bundle_roundtrip,5,PASS,Bundle-Rundlauf ok
4484,k4_guide_coverage,10,PASS,en-Guide deckt Kernfunktionen
4485,k5_help_wiki,11,PASS,Wiki-Topic ok
4486,k6_text_quality,197,PASS,en: 40 Werte sauber
4487,k7_update_path,6,PASS,Update-Pfad ok
4488,k8_key_discipline,60,PASS,Schluesseldisziplin ok
4489,k9_dialog_invariants,5,PASS,budget_entry_dialog_extended.py: Invarianten ok
4490,k10_regression_shield,14,PASS,Regressionsschild intakt
4491,k1_first_run_path,11,PASS,Erststartpfad ok
4492,k2_booking_lifecycle,11,PASS,Lebenszyklus ok
4493,k3_bundle_roundtrip,5,PASS,Bundle-Rundlauf ok
4494,k4_guide_coverage,10,PASS,fr-Guide deckt Kernfunktionen
4495,k5_help_wiki,11,PASS,Wiki-Topic ok
4496,k6_text_quality,200,PASS,fr: 40 Werte sauber
4497,k7_update_path,6,PASS,Update-Pfad ok
4498,k8_key_discipline,65,PASS,Schluesseldisziplin ok
4499,k9_dialog_invariants,3,PASS,budget_fill_dialog.py: Invarianten ok
4500,k10_regression_shield,14,PASS,Regressionsschild intakt
4501,k1_first_run_path,11,PASS,Erststartpfad ok
4502,k2_booking_lifecycle,11,PASS,Lebenszyklus ok
4503,k3_bundle_roundtrip,5,PASS,Bundle-Rundlauf ok
4504,k4_guide_coverage,10,PASS,de-Guide deckt Kernfunktionen
4505,k5_help_wiki,11,PASS,Wiki-Topic ok
4506,k6_text_quality,200,PASS,de: 40 Werte sauber
4507,k7_update_path,6,PASS,Update-Pfad ok
4508,k8_key_discipline,60,PASS,Schluesseldisziplin ok
4509,k9_dialog_invariants,3,PASS,category_delete_dialog.py: Invarianten ok
4510,k10_regression_shield,14,PASS,Regressionsschild intakt
4511,k1_first_run_path,11,PASS,Erststartpfad ok
4512,k2_booking_lifecycle,11,PASS,Lebenszyklus ok
4513,k3_bundle_roundtrip,5,PASS,Bundle-Rundlauf ok
4514,k4_guide_coverage,10,PASS,en-Guide deckt Kernfunktionen
4515,k5_help_wiki,11,PASS,Wiki-Topic ok
4516,k6_text_quality,200,PASS,en: 40 Werte sauber
4517,k7_update_path,6,PASS,Update-Pfad ok
4518,k8_key_discipline,62,PASS,Schluesseldisziplin ok
4519,k9_dialog_invariants,1,PASS,category_excel_io.py: Invarianten ok
4520,k10_regression_shield,14,PASS,Regressionsschild intakt
4521,k1_first_run_path,11,PASS,Erststartpfad ok
4522,k2_booking_lifecycle,11,PASS,Lebenszyklus ok
4523,k3_bundle_roundtrip,5,PASS,Bundle-Rundlauf ok
4524,k4_guide_coverage,10,PASS,fr-Guide deckt Kernfunktionen
4525,k5_help_wiki,11,PASS,Wiki-Topic ok
4526,k6_text_quality,200,PASS,fr: 40 Werte sauber
4527,k7_update_path,6,PASS,Update-Pfad ok
4528,k8_key_discipline,60,PASS,Schluesseldisziplin ok
4529,k9_dialog_invariants,3,PASS,category_manager_dialog.py: Invarianten ok
4530,k10_regression_shield,14,PASS,Regressionsschild intakt
4531,k1_first_run_path,11,PASS,Erststartpfad ok
4532,k2_booking_lifecycle,11,PASS,Lebenszyklus ok
4533,k3_bundle_roundtrip,5,PASS,Bundle-Rundlauf ok
4534,k4_guide_coverage,10,PASS,de-Guide deckt Kernfunktionen
4535,k5_help_wiki,11,PASS,Wiki-Topic ok
4536,k6_text_quality,194,PASS,de: 40 Werte sauber
4537,k7_update_path,6,PASS,Update-Pfad ok
4538,k8_key_discipline,62,PASS,Schluesseldisziplin ok
4539,k9_dialog_invariants,1,PASS,category_picker.py: Invarianten ok
4540,k10_regression_shield,14,PASS,Regressionsschild intakt
4541,k1_first_run_path,11,PASS,Erststartpfad ok
4542,k2_booking_lifecycle,11,PASS,Lebenszyklus ok
4543,k3_bundle_roundtrip,5,PASS,Bundle-Rundlauf ok
4544,k4_guide_coverage,10,PASS,en-Guide deckt Kernfunktionen
4545,k5_help_wiki,11,PASS,Wiki-Topic ok
4546,k6_text_quality,200,PASS,en: 40 Werte sauber
4547,k7_update_path,6,PASS,Update-Pfad ok
4548,k8_key_discipline,60,PASS,Schluesseldisziplin ok
4549,k9_dialog_invariants,7,PASS,category_properties_dialog.py: Invarianten ok
4550,k10_regression_shield,14,PASS,Regressionsschild intakt
4551,k1_first_run_path,11,PASS,Erststartpfad ok
4552,k2_booking_lifecycle,11,PASS,Lebenszyklus ok
4553,k3_bundle_roundtrip,5,PASS,Bundle-Rundlauf ok
4554,k4_guide_coverage,10,PASS,fr-Guide deckt Kernfunktionen
4555,k5_help_wiki,11,PASS,Wiki-Topic ok
4556,k6_text_quality,200,PASS,fr: 40 Werte sauber
4557,k7_update_path,6,PASS,Update-Pfad ok
4558,k8_key_discipline,61,PASS,Schluesseldisziplin ok
4559,k9_dialog_invariants,3,PASS,copy_year_dialog.py: Invarianten ok
4560,k10_regression_shield,14,PASS,Regressionsschild intakt
4561,k1_first_run_path,11,PASS,Erststartpfad ok
4562,k2_booking_lifecycle,11,PASS,Lebenszyklus ok
4563,k3_bundle_roundtrip,5,PASS,Bundle-Rundlauf ok
4564,k4_guide_coverage,10,PASS,de-Guide deckt Kernfunktionen
4565,k5_help_wiki,11,PASS,Wiki-Topic ok
4566,k6_text_quality,200,PASS,de: 40 Werte sauber
4567,k7_update_path,6,PASS,Update-Pfad ok
4568,k8_key_discipline,61,PASS,Schluesseldisziplin ok
4569,k9_dialog_invariants,3,PASS,database_management_dialog.py: Invarianten ok
4570,k10_regression_shield,14,PASS,Regressionsschild intakt
4571,k1_first_run_path,11,PASS,Erststartpfad ok
4572,k2_booking_lifecycle,11,PASS,Lebenszyklus ok
4573,k3_bundle_roundtrip,5,PASS,Bundle-Rundlauf ok
4574,k4_guide_coverage,10,PASS,en-Guide deckt Kernfunktionen
4575,k5_help_wiki,11,PASS,Wiki-Topic ok
4576,k6_text_quality,194,PASS,en: 40 Werte sauber
4577,k7_update_path,6,PASS,Update-Pfad ok
4578,k8_key_discipline,60,PASS,Schluesseldisziplin ok
4579,k9_dialog_invariants,3,PASS,export_dialog.py: Invarianten ok
4580,k10_regression_shield,14,PASS,Regressionsschild intakt
4581,k1_first_run_path,11,PASS,Erststartpfad ok
4582,k2_booking_lifecycle,11,PASS,Lebenszyklus ok
4583,k3_bundle_roundtrip,5,PASS,Bundle-Rundlauf ok
4584,k4_guide_coverage,10,PASS,fr-Guide deckt Kernfunktionen
4585,k5_help_wiki,11,PASS,Wiki-Topic ok
4586,k6_text_quality,200,PASS,fr: 40 Werte sauber
4587,k7_update_path,6,PASS,Update-Pfad ok
4588,k8_key_discipline,60,PASS,Schluesseldisziplin ok
4589,k9_dialog_invariants,3,PASS,favorites_dashboard_dialog.py: Invarianten ok
4590,k10_regression_shield,14,PASS,Regressionsschild intakt
4591,k1_first_run_path,11,PASS,Erststartpfad ok
4592,k2_booking_lifecycle,11,PASS,Lebenszyklus ok
4593,k3_bundle_roundtrip,5,PASS,Bundle-Rundlauf ok
4594,k4_guide_coverage,10,PASS,de-Guide deckt Kernfunktionen
4595,k5_help_wiki,11,PASS,Wiki-Topic ok
4596,k6_text_quality,200,PASS,de: 40 Werte sauber
4597,k7_update_path,6,PASS,Update-Pfad ok
4598,k8_key_discipline,60,PASS,Schluesseldisziplin ok
4599,k9_dialog_invariants,3,PASS,global_search_dialog.py: Invarianten ok
4600,k10_regression_shield,14,PASS,Regressionsschild intakt
4601,k1_first_run_path,11,PASS,Erststartpfad ok
4602,k2_booking_lifecycle,11,PASS,Lebenszyklus ok
4603,k3_bundle_roundtrip,5,PASS,Bundle-Rundlauf ok
4604,k4_guide_coverage,10,PASS,en-Guide deckt Kernfunktionen
4605,k5_help_wiki,11,PASS,Wiki-Topic ok
4606,k6_text_quality,200,PASS,en: 40 Werte sauber
4607,k7_update_path,6,PASS,Update-Pfad ok
4608,k8_key_discipline,60,PASS,Schluesseldisziplin ok
4609,k9_dialog_invariants,1,PASS,help_content.py: Invarianten ok
4610,k10_regression_shield,14,PASS,Regressionsschild intakt
4611,k1_first_run_path,11,PASS,Erststartpfad ok
4612,k2_booking_lifecycle,11,PASS,Lebenszyklus ok
4613,k3_bundle_roundtrip,5,PASS,Bundle-Rundlauf ok
4614,k4_guide_coverage,10,PASS,fr-Guide deckt Kernfunktionen
4615,k5_help_wiki,11,PASS,Wiki-Topic ok
4616,k6_text_quality,200,PASS,fr: 40 Werte sauber
4617,k7_update_path,6,PASS,Update-Pfad ok
4618,k8_key_discipline,62,PASS,Schluesseldisziplin ok
4619,k9_dialog_invariants,3,PASS,help_dialog.py: Invarianten ok
4620,k10_regression_shield,14,PASS,Regressionsschild intakt
4621,k1_first_run_path,11,PASS,Erststartpfad ok
4622,k2_booking_lifecycle,11,PASS,Lebenszyklus ok
4623,k3_bundle_roundtrip,5,PASS,Bundle-Rundlauf ok
4624,k4_guide_coverage,10,PASS,de-Guide deckt Kernfunktionen
4625,k5_help_wiki,11,PASS,Wiki-Topic ok
4626,k6_text_quality,200,PASS,de: 40 Werte sauber
4627,k7_update_path,6,PASS,Update-Pfad ok
4628,k8_key_discipline,68,PASS,Schluesseldisziplin ok
4629,k9_dialog_invariants,3,PASS,language_select_dialog.py: Invarianten ok
4630,k10_regression_shield,14,PASS,Regressionsschild intakt
4631,k1_first_run_path,11,PASS,Erststartpfad ok
4632,k2_booking_lifecycle,11,PASS,Lebenszyklus ok
4633,k3_bundle_roundtrip,5,PASS,Bundle-Rundlauf ok
4634,k4_guide_coverage,10,PASS,en-Guide deckt Kernfunktionen
4635,k5_help_wiki,11,PASS,Wiki-Topic ok
4636,k6_text_quality,200,PASS,en: 40 Werte sauber
4637,k7_update_path,6,PASS,Update-Pfad ok
4638,k8_key_discipline,62,PASS,Schluesseldisziplin ok
4639,k9_dialog_invariants,7,PASS,login_dialog.py: Invarianten ok
4640,k10_regression_shield,14,PASS,Regressionsschild intakt
4641,k1_first_run_path,11,PASS,Erststartpfad ok
4642,k2_booking_lifecycle,11,PASS,Lebenszyklus ok
4643,k3_bundle_roundtrip,5,PASS,Bundle-Rundlauf ok
4644,k4_guide_coverage,10,PASS,fr-Guide deckt Kernfunktionen
4645,k5_help_wiki,11,PASS,Wiki-Topic ok
4646,k6_text_quality,194,PASS,fr: 40 Werte sauber
4647,k7_update_path,6,PASS,Update-Pfad ok
4648,k8_key_discipline,61,PASS,Schluesseldisziplin ok
4649,k9_dialog_invariants,5,PASS,main_window.py: Invarianten ok
4650,k10_regression_shield,14,PASS,Regressionsschild intakt
4651,k1_first_run_path,11,PASS,Erststartpfad ok
4652,k2_booking_lifecycle,11,PASS,Lebenszyklus ok
4653,k3_bundle_roundtrip,5,PASS,Bundle-Rundlauf ok
4654,k4_guide_coverage,10,PASS,de-Guide deckt Kernfunktionen
4655,k5_help_wiki,11,PASS,Wiki-Topic ok
4656,k6_text_quality,188,PASS,de: 40 Werte sauber
4657,k7_update_path,6,PASS,Update-Pfad ok
4658,k8_key_discipline,60,PASS,Schluesseldisziplin ok
4659,k9_dialog_invariants,3,PASS,month_close_dialog.py: Invarianten ok
4660,k10_regression_shield,14,PASS,Regressionsschild intakt
4661,k1_first_run_path,11,PASS,Erststartpfad ok
4662,k2_booking_lifecycle,11,PASS,Lebenszyklus ok
4663,k3_bundle_roundtrip,5,PASS,Bundle-Rundlauf ok
4664,k4_guide_coverage,10,PASS,en-Guide deckt Kernfunktionen
4665,k5_help_wiki,11,PASS,Wiki-Topic ok
4666,k6_text_quality,188,PASS,en: 40 Werte sauber
4667,k7_update_path,6,PASS,Update-Pfad ok
4668,k8_key_discipline,60,PASS,Schluesseldisziplin ok
4669,k9_dialog_invariants,3,PASS,quick_add_dialog.py: Invarianten ok
4670,k10_regression_shield,14,PASS,Regressionsschild intakt
4671,k1_first_run_path,11,PASS,Erststartpfad ok
4672,k2_booking_lifecycle,11,PASS,Lebenszyklus ok
4673,k3_bundle_roundtrip,5,PASS,Bundle-Rundlauf ok
4674,k4_guide_coverage,10,PASS,fr-Guide deckt Kernfunktionen
4675,k5_help_wiki,11,PASS,Wiki-Topic ok
4676,k6_text_quality,200,PASS,fr: 40 Werte sauber
4677,k7_update_path,6,PASS,Update-Pfad ok
4678,k8_key_discipline,60,PASS,Schluesseldisziplin ok
4679,k9_dialog_invariants,1,PASS,reauth.py: Invarianten ok
4680,k10_regression_shield,14,PASS,Regressionsschild intakt
4681,k1_first_run_path,11,PASS,Erststartpfad ok
4682,k2_booking_lifecycle,11,PASS,Lebenszyklus ok
4683,k3_bundle_roundtrip,5,PASS,Bundle-Rundlauf ok
4684,k4_guide_coverage,10,PASS,de-Guide deckt Kernfunktionen
4685,k5_help_wiki,11,PASS,Wiki-Topic ok
4686,k6_text_quality,197,PASS,de: 40 Werte sauber
4687,k7_update_path,6,PASS,Update-Pfad ok
4688,k8_key_discipline,60,PASS,Schluesseldisziplin ok
4689,k9_dialog_invariants,3,PASS,recurring_bookings_dialog.py: Invarianten ok
4690,k10_regression_shield,14,PASS,Regressionsschild intakt
4691,k1_first_run_path,11,PASS,Erststartpfad ok
4692,k2_booking_lifecycle,11,PASS,Lebenszyklus ok
4693,k3_bundle_roundtrip,5,PASS,Bundle-Rundlauf ok
4694,k4_guide_coverage,10,PASS,en-Guide deckt Kernfunktionen
4695,k5_help_wiki,11,PASS,Wiki-Topic ok
4696,k6_text_quality,191,PASS,en: 40 Werte sauber
4697,k7_update_path,6,PASS,Update-Pfad ok
4698,k8_key_discipline,71,PASS,Schluesseldisziplin ok
4699,k9_dialog_invariants,3,PASS,restore_key_dialog.py: Invarianten ok
4700,k10_regression_shield,14,PASS,Regressionsschild intakt
4701,k1_first_run_path,11,PASS,Erststartpfad ok
4702,k2_booking_lifecycle,11,PASS,Lebenszyklus ok
4703,k3_bundle_roundtrip,5,PASS,Bundle-Rundlauf ok
4704,k4_guide_coverage,10,PASS,fr-Guide deckt Kernfunktionen
4705,k5_help_wiki,11,PASS,Wiki-Topic ok
4706,k6_text_quality,200,PASS,fr: 40 Werte sauber
4707,k7_update_path,6,PASS,Update-Pfad ok
4708,k8_key_discipline,70,PASS,Schluesseldisziplin ok
4709,k9_dialog_invariants,1,PASS,savings_goal_messages.py: Invarianten ok
4710,k10_regression_shield,14,PASS,Regressionsschild intakt
4711,k1_first_run_path,11,PASS,Erststartpfad ok
4712,k2_booking_lifecycle,11,PASS,Lebenszyklus ok
4713,k3_bundle_roundtrip,5,PASS,Bundle-Rundlauf ok
4714,k4_guide_coverage,10,PASS,de-Guide deckt Kernfunktionen
4715,k5_help_wiki,11,PASS,Wiki-Topic ok
4716,k6_text_quality,197,PASS,de: 40 Werte sauber
4717,k7_update_path,6,PASS,Update-Pfad ok
4718,k8_key_discipline,60,PASS,Schluesseldisziplin ok
4719,k9_dialog_invariants,7,PASS,savings_goals_dialog.py: Invarianten ok
4720,k10_regression_shield,14,PASS,Regressionsschild intakt
4721,k1_first_run_path,11,PASS,Erststartpfad ok
4722,k2_booking_lifecycle,11,PASS,Lebenszyklus ok
4723,k3_bundle_roundtrip,5,PASS,Bundle-Rundlauf ok
4724,k4_guide_coverage,10,PASS,en-Guide deckt Kernfunktionen
4725,k5_help_wiki,11,PASS,Wiki-Topic ok
4726,k6_text_quality,200,PASS,en: 40 Werte sauber
4727,k7_update_path,6,PASS,Update-Pfad ok
4728,k8_key_discipline,60,PASS,Schluesseldisziplin ok
4729,k9_dialog_invariants,3,PASS,setup_assistant_dialog.py: Invarianten ok
4730,k10_regression_shield,14,PASS,Regressionsschild intakt
4731,k1_first_run_path,11,PASS,Erststartpfad ok
4732,k2_booking_lifecycle,11,PASS,Lebenszyklus ok
4733,k3_bundle_roundtrip,5,PASS,Bundle-Rundlauf ok
4734,k4_guide_coverage,10,PASS,fr-Guide deckt Kernfunktionen
4735,k5_help_wiki,11,PASS,Wiki-Topic ok
4736,k6_text_quality,197,PASS,fr: 40 Werte sauber
4737,k7_update_path,6,PASS,Update-Pfad ok
4738,k8_key_discipline,61,PASS,Schluesseldisziplin ok
4739,k9_dialog_invariants,3,PASS,shortcuts_dialog.py: Invarianten ok
4740,k10_regression_shield,14,PASS,Regressionsschild intakt
4741,k1_first_run_path,11,PASS,Erststartpfad ok
4742,k2_booking_lifecycle,11,PASS,Lebenszyklus ok
4743,k3_bundle_roundtrip,5,PASS,Bundle-Rundlauf ok
4744,k4_guide_coverage,10,PASS,de-Guide deckt Kernfunktionen
4745,k5_help_wiki,11,PASS,Wiki-Topic ok
4746,k6_text_quality,200,PASS,de: 40 Werte sauber
4747,k7_update_path,6,PASS,Update-Pfad ok
4748,k8_key_discipline,78,PASS,Schluesseldisziplin ok
4749,k9_dialog_invariants,3,PASS,special_income_dialog.py: Invarianten ok
4750,k10_regression_shield,14,PASS,Regressionsschild intakt
4751,k1_first_run_path,11,PASS,Erststartpfad ok
4752,k2_booking_lifecycle,11,PASS,Lebenszyklus ok
4753,k3_bundle_roundtrip,5,PASS,Bundle-Rundlauf ok
4754,k4_guide_coverage,10,PASS,en-Guide deckt Kernfunktionen
4755,k5_help_wiki,11,PASS,Wiki-Topic ok
4756,k6_text_quality,197,PASS,en: 40 Werte sauber
4757,k7_update_path,6,PASS,Update-Pfad ok
4758,k8_key_discipline,60,PASS,Schluesseldisziplin ok
4759,k9_dialog_invariants,3,PASS,startup_wizard.py: Invarianten ok
4760,k10_regression_shield,14,PASS,Regressionsschild intakt
4761,k1_first_run_path,11,PASS,Erststartpfad ok
4762,k2_booking_lifecycle,11,PASS,Lebenszyklus ok
4763,k3_bundle_roundtrip,5,PASS,Bundle-Rundlauf ok
4764,k4_guide_coverage,10,PASS,fr-Guide deckt Kernfunktionen
4765,k5_help_wiki,11,PASS,Wiki-Topic ok
4766,k6_text_quality,185,PASS,fr: 40 Werte sauber
4767,k7_update_path,6,PASS,Update-Pfad ok
4768,k8_key_discipline,60,PASS,Schluesseldisziplin ok
4769,k9_dialog_invariants,3,PASS,tags_manager_dialog.py: Invarianten ok
4770,k10_regression_shield,14,PASS,Regressionsschild intakt
4771,k1_first_run_path,11,PASS,Erststartpfad ok
4772,k2_booking_lifecycle,11,PASS,Lebenszyklus ok
4773,k3_bundle_roundtrip,5,PASS,Bundle-Rundlauf ok
4774,k4_guide_coverage,10,PASS,de-Guide deckt Kernfunktionen
4775,k5_help_wiki,11,PASS,Wiki-Topic ok
4776,k6_text_quality,197,PASS,de: 40 Werte sauber
4777,k7_update_path,6,PASS,Update-Pfad ok
4778,k8_key_discipline,60,PASS,Schluesseldisziplin ok
4779,k9_dialog_invariants,3,PASS,theme_editor_dialog.py: Invarianten ok
4780,k10_regression_shield,14,PASS,Regressionsschild intakt
4781,k1_first_run_path,11,PASS,Erststartpfad ok
4782,k2_booking_lifecycle,11,PASS,Lebenszyklus ok
4783,k3_bundle_roundtrip,5,PASS,Bundle-Rundlauf ok
4784,k4_guide_coverage,10,PASS,en-Guide deckt Kernfunktionen
4785,k5_help_wiki,11,PASS,Wiki-Topic ok
4786,k6_text_quality,200,PASS,en: 40 Werte sauber
4787,k7_update_path,6,PASS,Update-Pfad ok
4788,k8_key_discipline,60,PASS,Schluesseldisziplin ok
4789,k9_dialog_invariants,1,PASS,type_color_helper.py: Invarianten ok
4790,k10_regression_shield,14,PASS,Regressionsschild intakt
4791,k1_first_run_path,11,PASS,Erststartpfad ok
4792,k2_booking_lifecycle,11,PASS,Lebenszyklus ok
4793,k3_bundle_roundtrip,5,PASS,Bundle-Rundlauf ok
4794,k4_guide_coverage,10,PASS,fr-Guide deckt Kernfunktionen
4795,k5_help_wiki,11,PASS,Wiki-Topic ok
4796,k6_text_quality,200,PASS,fr: 40 Werte sauber
4797,k7_update_path,6,PASS,Update-Pfad ok
4798,k8_key_discipline,60,PASS,Schluesseldisziplin ok
4799,k9_dialog_invariants,1,PASS,ui_colors.py: Invarianten ok
4800,k10_regression_shield,14,PASS,Regressionsschild intakt
4801,k1_first_run_path,11,PASS,Erststartpfad ok
4802,k2_booking_lifecycle,11,PASS,Lebenszyklus ok
4803,k3_bundle_roundtrip,5,PASS,Bundle-Rundlauf ok
4804,k4_guide_coverage,10,PASS,de-Guide deckt Kernfunktionen
4805,k5_help_wiki,11,PASS,Wiki-Topic ok
4806,k6_text_quality,197,PASS,de: 40 Werte sauber
4807,k7_update_path,6,PASS,Update-Pfad ok
4808,k8_key_discipline,60,PASS,Schluesseldisziplin ok
4809,k9_dialog_invariants,3,PASS,update_dialog.py: Invarianten ok
4810,k10_regression_shield,14,PASS,Regressionsschild intakt
4811,k1_first_run_path,11,PASS,Erststartpfad ok
4812,k2_booking_lifecycle,11,PASS,Lebenszyklus ok
4813,k3_bundle_roundtrip,5,PASS,Bundle-Rundlauf ok
4814,k4_guide_coverage,10,PASS,en-Guide deckt Kernfunktionen
4815,k5_help_wiki,11,PASS,Wiki-Topic ok
4816,k6_text_quality,200,PASS,en: 40 Werte sauber
4817,k7_update_path,6,PASS,Update-Pfad ok
4818,k8_key_discipline,60,PASS,Schluesseldisziplin ok
4819,k9_dialog_invariants,1,PASS,account_data_hub.py: Invarianten ok
4820,k10_regression_shield,14,PASS,Regressionsschild intakt
4821,k1_first_run_path,11,PASS,Erststartpfad ok
4822,k2_booking_lifecycle,11,PASS,Lebenszyklus ok
4823,k3_bundle_roundtrip,5,PASS,Bundle-Rundlauf ok
4824,k4_guide_coverage,10,PASS,fr-Guide deckt Kernfunktionen
4825,k5_help_wiki,11,PASS,Wiki-Topic ok
4826,k6_text_quality,200,PASS,fr: 40 Werte sauber
4827,k7_update_path,6,PASS,Update-Pfad ok
4828,k8_key_discipline,60,PASS,Schluesseldisziplin ok
4829,k9_dialog_invariants,3,PASS,account_management_dialog.py: Invarianten ok
4830,k10_regression_shield,14,PASS,Regressionsschild intakt
4831,k1_first_run_path,11,PASS,Erststartpfad ok
4832,k2_booking_lifecycle,11,PASS,Lebenszyklus ok
4833,k3_bundle_roundtrip,5,PASS,Bundle-Rundlauf ok
4834,k4_guide_coverage,10,PASS,de-Guide deckt Kernfunktionen
4835,k5_help_wiki,11,PASS,Wiki-Topic ok
4836,k6_text_quality,200,PASS,de: 40 Werte sauber
4837,k7_update_path,6,PASS,Update-Pfad ok
4838,k8_key_discipline,65,PASS,Schluesseldisziplin ok
4839,k9_dialog_invariants,3,PASS,backup_restore_dialog.py: Invarianten ok
4840,k10_regression_shield,14,PASS,Regressionsschild intakt
4841,k1_first_run_path,11,PASS,Erststartpfad ok
4842,k2_booking_lifecycle,11,PASS,Lebenszyklus ok
4843,k3_bundle_roundtrip,5,PASS,Bundle-Rundlauf ok
4844,k4_guide_coverage,10,PASS,en-Guide deckt Kernfunktionen
4845,k5_help_wiki,11,PASS,Wiki-Topic ok
4846,k6_text_quality,188,PASS,en: 40 Werte sauber
4847,k7_update_path,6,PASS,Update-Pfad ok
4848,k8_key_discipline,66,PASS,Schluesseldisziplin ok
4849,k9_dialog_invariants,5,PASS,budget_adjustment_dialog.py: Invarianten ok
4850,k10_regression_shield,14,PASS,Regressionsschild intakt
4851,k1_first_run_path,11,PASS,Erststartpfad ok
4852,k2_booking_lifecycle,11,PASS,Lebenszyklus ok
4853,k3_bundle_roundtrip,5,PASS,Bundle-Rundlauf ok
4854,k4_guide_coverage,10,PASS,fr-Guide deckt Kernfunktionen
4855,k5_help_wiki,11,PASS,Wiki-Topic ok
4856,k6_text_quality,197,PASS,fr: 40 Werte sauber
4857,k7_update_path,6,PASS,Update-Pfad ok
4858,k8_key_discipline,65,PASS,Schluesseldisziplin ok
4859,k9_dialog_invariants,5,PASS,budget_entry_dialog_extended.py: Invarianten ok
4860,k10_regression_shield,14,PASS,Regressionsschild intakt
4861,k1_first_run_path,11,PASS,Erststartpfad ok
4862,k2_booking_lifecycle,11,PASS,Lebenszyklus ok
4863,k3_bundle_roundtrip,5,PASS,Bundle-Rundlauf ok
4864,k4_guide_coverage,10,PASS,de-Guide deckt Kernfunktionen
4865,k5_help_wiki,11,PASS,Wiki-Topic ok
4866,k6_text_quality,194,PASS,de: 40 Werte sauber
4867,k7_update_path,6,PASS,Update-Pfad ok
4868,k8_key_discipline,60,PASS,Schluesseldisziplin ok
4869,k9_dialog_invariants,3,PASS,budget_fill_dialog.py: Invarianten ok
4870,k10_regression_shield,14,PASS,Regressionsschild intakt
4871,k1_first_run_path,11,PASS,Erststartpfad ok
4872,k2_booking_lifecycle,11,PASS,Lebenszyklus ok
4873,k3_bundle_roundtrip,5,PASS,Bundle-Rundlauf ok
4874,k4_guide_coverage,10,PASS,en-Guide deckt Kernfunktionen
4875,k5_help_wiki,11,PASS,Wiki-Topic ok
4876,k6_text_quality,200,PASS,en: 40 Werte sauber
4877,k7_update_path,6,PASS,Update-Pfad ok
4878,k8_key_discipline,60,PASS,Schluesseldisziplin ok
4879,k9_dialog_invariants,3,PASS,category_delete_dialog.py: Invarianten ok
4880,k10_regression_shield,14,PASS,Regressionsschild intakt
4881,k1_first_run_path,11,PASS,Erststartpfad ok
4882,k2_booking_lifecycle,11,PASS,Lebenszyklus ok
4883,k3_bundle_roundtrip,5,PASS,Bundle-Rundlauf ok
4884,k4_guide_coverage,10,PASS,fr-Guide deckt Kernfunktionen
4885,k5_help_wiki,11,PASS,Wiki-Topic ok
4886,k6_text_quality,200,PASS,fr: 40 Werte sauber
4887,k7_update_path,6,PASS,Update-Pfad ok
4888,k8_key_discipline,60,PASS,Schluesseldisziplin ok
4889,k9_dialog_invariants,1,PASS,category_excel_io.py: Invarianten ok
4890,k10_regression_shield,14,PASS,Regressionsschild intakt
4891,k1_first_run_path,11,PASS,Erststartpfad ok
4892,k2_booking_lifecycle,11,PASS,Lebenszyklus ok
4893,k3_bundle_roundtrip,5,PASS,Bundle-Rundlauf ok
4894,k4_guide_coverage,10,PASS,de-Guide deckt Kernfunktionen
4895,k5_help_wiki,11,PASS,Wiki-Topic ok
4896,k6_text_quality,200,PASS,de: 40 Werte sauber
4897,k7_update_path,6,PASS,Update-Pfad ok
4898,k8_key_discipline,61,PASS,Schluesseldisziplin ok
4899,k9_dialog_invariants,3,PASS,category_manager_dialog.py: Invarianten ok
4900,k10_regression_shield,14,PASS,Regressionsschild intakt
4901,k1_first_run_path,11,PASS,Erststartpfad ok
4902,k2_booking_lifecycle,11,PASS,Lebenszyklus ok
4903,k3_bundle_roundtrip,5,PASS,Bundle-Rundlauf ok
4904,k4_guide_coverage,10,PASS,en-Guide deckt Kernfunktionen
4905,k5_help_wiki,11,PASS,Wiki-Topic ok
4906,k6_text_quality,176,PASS,en: 40 Werte sauber
4907,k7_update_path,6,PASS,Update-Pfad ok
4908,k8_key_discipline,60,PASS,Schluesseldisziplin ok
4909,k9_dialog_invariants,1,PASS,category_picker.py: Invarianten ok
4910,k10_regression_shield,14,PASS,Regressionsschild intakt
4911,k1_first_run_path,11,PASS,Erststartpfad ok
4912,k2_booking_lifecycle,11,PASS,Lebenszyklus ok
4913,k3_bundle_roundtrip,5,PASS,Bundle-Rundlauf ok
4914,k4_guide_coverage,10,PASS,fr-Guide deckt Kernfunktionen
4915,k5_help_wiki,11,PASS,Wiki-Topic ok
4916,k6_text_quality,188,PASS,fr: 40 Werte sauber
4917,k7_update_path,6,PASS,Update-Pfad ok
4918,k8_key_discipline,66,PASS,Schluesseldisziplin ok
4919,k9_dialog_invariants,7,PASS,category_properties_dialog.py: Invarianten ok
4920,k10_regression_shield,14,PASS,Regressionsschild intakt
4921,k1_first_run_path,11,PASS,Erststartpfad ok
4922,k2_booking_lifecycle,11,PASS,Lebenszyklus ok
4923,k3_bundle_roundtrip,5,PASS,Bundle-Rundlauf ok
4924,k4_guide_coverage,10,PASS,de-Guide deckt Kernfunktionen
4925,k5_help_wiki,11,PASS,Wiki-Topic ok
4926,k6_text_quality,191,PASS,de: 40 Werte sauber
4927,k7_update_path,6,PASS,Update-Pfad ok
4928,k8_key_discipline,68,PASS,Schluesseldisziplin ok
4929,k9_dialog_invariants,3,PASS,copy_year_dialog.py: Invarianten ok
4930,k10_regression_shield,14,PASS,Regressionsschild intakt
4931,k1_first_run_path,11,PASS,Erststartpfad ok
4932,k2_booking_lifecycle,11,PASS,Lebenszyklus ok
4933,k3_bundle_roundtrip,5,PASS,Bundle-Rundlauf ok
4934,k4_guide_coverage,10,PASS,en-Guide deckt Kernfunktionen
4935,k5_help_wiki,11,PASS,Wiki-Topic ok
4936,k6_text_quality,191,PASS,en: 40 Werte sauber
4937,k7_update_path,6,PASS,Update-Pfad ok
4938,k8_key_discipline,62,PASS,Schluesseldisziplin ok
4939,k9_dialog_invariants,3,PASS,database_management_dialog.py: Invarianten ok
4940,k10_regression_shield,14,PASS,Regressionsschild intakt
4941,k1_first_run_path,11,PASS,Erststartpfad ok
4942,k2_booking_lifecycle,11,PASS,Lebenszyklus ok
4943,k3_bundle_roundtrip,5,PASS,Bundle-Rundlauf ok
4944,k4_guide_coverage,10,PASS,fr-Guide deckt Kernfunktionen
4945,k5_help_wiki,11,PASS,Wiki-Topic ok
4946,k6_text_quality,200,PASS,fr: 40 Werte sauber
4947,k7_update_path,6,PASS,Update-Pfad ok
4948,k8_key_discipline,70,PASS,Schluesseldisziplin ok
4949,k9_dialog_invariants,3,PASS,export_dialog.py: Invarianten ok
4950,k10_regression_shield,14,PASS,Regressionsschild intakt
4951,k1_first_run_path,11,PASS,Erststartpfad ok
4952,k2_booking_lifecycle,11,PASS,Lebenszyklus ok
4953,k3_bundle_roundtrip,5,PASS,Bundle-Rundlauf ok
4954,k4_guide_coverage,10,PASS,de-Guide deckt Kernfunktionen
4955,k5_help_wiki,11,PASS,Wiki-Topic ok
4956,k6_text_quality,200,PASS,de: 40 Werte sauber
4957,k7_update_path,6,PASS,Update-Pfad ok
4958,k8_key_discipline,60,PASS,Schluesseldisziplin ok
4959,k9_dialog_invariants,3,PASS,favorites_dashboard_dialog.py: Invarianten ok
4960,k10_regression_shield,14,PASS,Regressionsschild intakt
4961,k1_first_run_path,11,PASS,Erststartpfad ok
4962,k2_booking_lifecycle,11,PASS,Lebenszyklus ok
4963,k3_bundle_roundtrip,5,PASS,Bundle-Rundlauf ok
4964,k4_guide_coverage,10,PASS,en-Guide deckt Kernfunktionen
4965,k5_help_wiki,11,PASS,Wiki-Topic ok
4966,k6_text_quality,200,PASS,en: 40 Werte sauber
4967,k7_update_path,6,PASS,Update-Pfad ok
4968,k8_key_discipline,60,PASS,Schluesseldisziplin ok
4969,k9_dialog_invariants,3,PASS,global_search_dialog.py: Invarianten ok
4970,k10_regression_shield,14,PASS,Regressionsschild intakt
4971,k1_first_run_path,11,PASS,Erststartpfad ok
4972,k2_booking_lifecycle,11,PASS,Lebenszyklus ok
4973,k3_bundle_roundtrip,5,PASS,Bundle-Rundlauf ok
4974,k4_guide_coverage,10,PASS,fr-Guide deckt Kernfunktionen
4975,k5_help_wiki,11,PASS,Wiki-Topic ok
4976,k6_text_quality,200,PASS,fr: 40 Werte sauber
4977,k7_update_path,6,PASS,Update-Pfad ok
4978,k8_key_discipline,60,PASS,Schluesseldisziplin ok
4979,k9_dialog_invariants,1,PASS,help_content.py: Invarianten ok
4980,k10_regression_shield,14,PASS,Regressionsschild intakt
4981,k1_first_run_path,11,PASS,Erststartpfad ok
4982,k2_booking_lifecycle,11,PASS,Lebenszyklus ok
4983,k3_bundle_roundtrip,5,PASS,Bundle-Rundlauf ok
4984,k4_guide_coverage,10,PASS,de-Guide deckt Kernfunktionen
4985,k5_help_wiki,11,PASS,Wiki-Topic ok
4986,k6_text_quality,200,PASS,de: 40 Werte sauber
4987,k7_update_path,6,PASS,Update-Pfad ok
4988,k8_key_discipline,35,PASS,Schluesseldisziplin ok
4989,k9_dialog_invariants,3,PASS,help_dialog.py: Invarianten ok
4990,k10_regression_shield,14,PASS,Regressionsschild intakt
4991,k1_first_run_path,11,PASS,Erststartpfad ok
4992,k2_booking_lifecycle,11,PASS,Lebenszyklus ok
4993,k3_bundle_roundtrip,5,PASS,Bundle-Rundlauf ok
4994,k4_guide_coverage,10,PASS,en-Guide deckt Kernfunktionen
4995,k5_help_wiki,11,PASS,Wiki-Topic ok
4996,k6_text_quality,200,PASS,en: 40 Werte sauber
4997,k7_update_path,6,PASS,Update-Pfad ok
4998,k8_key_discipline,60,PASS,Schluesseldisziplin ok
4999,k9_dialog_invariants,3,PASS,language_select_dialog.py: Invarianten ok
5000,k10_regression_shield,14,PASS,Regressionsschild intakt
5001,k1_first_run_path,11,PASS,Erststartpfad ok
5002,k2_booking_lifecycle,11,PASS,Lebenszyklus ok
5003,k3_bundle_roundtrip,5,PASS,Bundle-Rundlauf ok
5004,k4_guide_coverage,10,PASS,fr-Guide deckt Kernfunktionen
5005,k5_help_wiki,11,PASS,Wiki-Topic ok
5006,k6_text_quality,20,PASS,fr: 4 Werte sauber
5007,k7_update_path,6,PASS,Update-Pfad ok
5008,k8_key_discipline,62,PASS,Schluesseldisziplin ok
5009,k9_dialog_invariants,7,PASS,login_dialog.py: Invarianten ok
5010,k10_regression_shield,14,PASS,Regressionsschild intakt
5011,k1_first_run_path,11,PASS,Erststartpfad ok
5012,k2_booking_lifecycle,11,PASS,Lebenszyklus ok
5013,k3_bundle_roundtrip,5,PASS,Bundle-Rundlauf ok
5014,k4_guide_coverage,10,PASS,de-Guide deckt Kernfunktionen
5015,k5_help_wiki,11,PASS,Wiki-Topic ok
5016,k6_text_quality,200,PASS,de: 40 Werte sauber
5017,k7_update_path,6,PASS,Update-Pfad ok
5018,k8_key_discipline,60,PASS,Schluesseldisziplin ok
5019,k9_dialog_invariants,5,PASS,main_window.py: Invarianten ok
5020,k10_regression_shield,14,PASS,Regressionsschild intakt
5021,k1_first_run_path,11,PASS,Erststartpfad ok
5022,k2_booking_lifecycle,11,PASS,Lebenszyklus ok
5023,k3_bundle_roundtrip,5,PASS,Bundle-Rundlauf ok
5024,k4_guide_coverage,10,PASS,en-Guide deckt Kernfunktionen
5025,k5_help_wiki,11,PASS,Wiki-Topic ok
5026,k6_text_quality,194,PASS,en: 40 Werte sauber
5027,k7_update_path,6,PASS,Update-Pfad ok
5028,k8_key_discipline,62,PASS,Schluesseldisziplin ok
5029,k9_dialog_invariants,3,PASS,month_close_dialog.py: Invarianten ok
5030,k10_regression_shield,14,PASS,Regressionsschild intakt
5031,k1_first_run_path,11,PASS,Erststartpfad ok
5032,k2_booking_lifecycle,11,PASS,Lebenszyklus ok
5033,k3_bundle_roundtrip,5,PASS,Bundle-Rundlauf ok
5034,k4_guide_coverage,10,PASS,fr-Guide deckt Kernfunktionen
5035,k5_help_wiki,11,PASS,Wiki-Topic ok
5036,k6_text_quality,194,PASS,fr: 40 Werte sauber
5037,k7_update_path,6,PASS,Update-Pfad ok
5038,k8_key_discipline,60,PASS,Schluesseldisziplin ok
5039,k9_dialog_invariants,3,PASS,quick_add_dialog.py: Invarianten ok
5040,k10_regression_shield,14,PASS,Regressionsschild intakt
5041,k1_first_run_path,11,PASS,Erststartpfad ok
5042,k2_booking_lifecycle,11,PASS,Lebenszyklus ok
5043,k3_bundle_roundtrip,5,PASS,Bundle-Rundlauf ok
5044,k4_guide_coverage,10,PASS,de-Guide deckt Kernfunktionen
5045,k5_help_wiki,11,PASS,Wiki-Topic ok
5046,k6_text_quality,179,PASS,de: 40 Werte sauber
5047,k7_update_path,6,PASS,Update-Pfad ok
5048,k8_key_discipline,61,PASS,Schluesseldisziplin ok
5049,k9_dialog_invariants,1,PASS,reauth.py: Invarianten ok
5050,k10_regression_shield,14,PASS,Regressionsschild intakt
5051,k1_first_run_path,11,PASS,Erststartpfad ok
5052,k2_booking_lifecycle,11,PASS,Lebenszyklus ok
5053,k3_bundle_roundtrip,5,PASS,Bundle-Rundlauf ok
5054,k4_guide_coverage,10,PASS,en-Guide deckt Kernfunktionen
5055,k5_help_wiki,11,PASS,Wiki-Topic ok
5056,k6_text_quality,194,PASS,en: 40 Werte sauber
5057,k7_update_path,6,PASS,Update-Pfad ok
5058,k8_key_discipline,61,PASS,Schluesseldisziplin ok
5059,k9_dialog_invariants,3,PASS,recurring_bookings_dialog.py: Invarianten ok
5060,k10_regression_shield,14,PASS,Regressionsschild intakt
5061,k1_first_run_path,11,PASS,Erststartpfad ok
5062,k2_booking_lifecycle,11,PASS,Lebenszyklus ok
5063,k3_bundle_roundtrip,5,PASS,Bundle-Rundlauf ok
5064,k4_guide_coverage,10,PASS,fr-Guide deckt Kernfunktionen
5065,k5_help_wiki,11,PASS,Wiki-Topic ok
5066,k6_text_quality,200,PASS,fr: 40 Werte sauber
5067,k7_update_path,6,PASS,Update-Pfad ok
5068,k8_key_discipline,60,PASS,Schluesseldisziplin ok
5069,k9_dialog_invariants,3,PASS,restore_key_dialog.py: Invarianten ok
5070,k10_regression_shield,14,PASS,Regressionsschild intakt
5071,k1_first_run_path,11,PASS,Erststartpfad ok
5072,k2_booking_lifecycle,11,PASS,Lebenszyklus ok
5073,k3_bundle_roundtrip,5,PASS,Bundle-Rundlauf ok
5074,k4_guide_coverage,10,PASS,de-Guide deckt Kernfunktionen
5075,k5_help_wiki,11,PASS,Wiki-Topic ok
5076,k6_text_quality,191,PASS,de: 40 Werte sauber
5077,k7_update_path,6,PASS,Update-Pfad ok
5078,k8_key_discipline,60,PASS,Schluesseldisziplin ok
5079,k9_dialog_invariants,1,PASS,savings_goal_messages.py: Invarianten ok
5080,k10_regression_shield,14,PASS,Regressionsschild intakt
5081,k1_first_run_path,11,PASS,Erststartpfad ok
5082,k2_booking_lifecycle,11,PASS,Lebenszyklus ok
5083,k3_bundle_roundtrip,5,PASS,Bundle-Rundlauf ok
5084,k4_guide_coverage,10,PASS,en-Guide deckt Kernfunktionen
5085,k5_help_wiki,11,PASS,Wiki-Topic ok
5086,k6_text_quality,200,PASS,en: 40 Werte sauber
5087,k7_update_path,6,PASS,Update-Pfad ok
5088,k8_key_discipline,60,PASS,Schluesseldisziplin ok
5089,k9_dialog_invariants,7,PASS,savings_goals_dialog.py: Invarianten ok
5090,k10_regression_shield,14,PASS,Regressionsschild intakt
5091,k1_first_run_path,11,PASS,Erststartpfad ok
5092,k2_booking_lifecycle,11,PASS,Lebenszyklus ok
5093,k3_bundle_roundtrip,5,PASS,Bundle-Rundlauf ok
5094,k4_guide_coverage,10,PASS,fr-Guide deckt Kernfunktionen
5095,k5_help_wiki,11,PASS,Wiki-Topic ok
5096,k6_text_quality,200,PASS,fr: 40 Werte sauber
5097,k7_update_path,6,PASS,Update-Pfad ok
5098,k8_key_discipline,60,PASS,Schluesseldisziplin ok
5099,k9_dialog_invariants,3,PASS,setup_assistant_dialog.py: Invarianten ok
5100,k10_regression_shield,14,PASS,Regressionsschild intakt
5101,k1_first_run_path,11,PASS,Erststartpfad ok
5102,k2_booking_lifecycle,11,PASS,Lebenszyklus ok
5103,k3_bundle_roundtrip,5,PASS,Bundle-Rundlauf ok
5104,k4_guide_coverage,10,PASS,de-Guide deckt Kernfunktionen
5105,k5_help_wiki,11,PASS,Wiki-Topic ok
5106,k6_text_quality,197,PASS,de: 40 Werte sauber
5107,k7_update_path,6,PASS,Update-Pfad ok
5108,k8_key_discipline,62,PASS,Schluesseldisziplin ok
5109,k9_dialog_invariants,3,PASS,shortcuts_dialog.py: Invarianten ok
5110,k10_regression_shield,14,PASS,Regressionsschild intakt
5111,k1_first_run_path,11,PASS,Erststartpfad ok
5112,k2_booking_lifecycle,11,PASS,Lebenszyklus ok
5113,k3_bundle_roundtrip,5,PASS,Bundle-Rundlauf ok
5114,k4_guide_coverage,10,PASS,en-Guide deckt Kernfunktionen
5115,k5_help_wiki,11,PASS,Wiki-Topic ok
5116,k6_text_quality,197,PASS,en: 40 Werte sauber
5117,k7_update_path,6,PASS,Update-Pfad ok
5118,k8_key_discipline,68,PASS,Schluesseldisziplin ok
5119,k9_dialog_invariants,3,PASS,special_income_dialog.py: Invarianten ok
5120,k10_regression_shield,14,PASS,Regressionsschild intakt
5121,k1_first_run_path,11,PASS,Erststartpfad ok
5122,k2_booking_lifecycle,11,PASS,Lebenszyklus ok
5123,k3_bundle_roundtrip,5,PASS,Bundle-Rundlauf ok
5124,k4_guide_coverage,10,PASS,fr-Guide deckt Kernfunktionen
5125,k5_help_wiki,11,PASS,Wiki-Topic ok
5126,k6_text_quality,200,PASS,fr: 40 Werte sauber
5127,k7_update_path,6,PASS,Update-Pfad ok
5128,k8_key_discipline,62,PASS,Schluesseldisziplin ok
5129,k9_dialog_invariants,3,PASS,startup_wizard.py: Invarianten ok
5130,k10_regression_shield,14,PASS,Regressionsschild intakt
5131,k1_first_run_path,11,PASS,Erststartpfad ok
5132,k2_booking_lifecycle,11,PASS,Lebenszyklus ok
5133,k3_bundle_roundtrip,5,PASS,Bundle-Rundlauf ok
5134,k4_guide_coverage,10,PASS,de-Guide deckt Kernfunktionen
5135,k5_help_wiki,11,PASS,Wiki-Topic ok
5136,k6_text_quality,200,PASS,de: 40 Werte sauber
5137,k7_update_path,6,PASS,Update-Pfad ok
5138,k8_key_discipline,61,PASS,Schluesseldisziplin ok
5139,k9_dialog_invariants,3,PASS,tags_manager_dialog.py: Invarianten ok
5140,k10_regression_shield,14,PASS,Regressionsschild intakt
5141,k1_first_run_path,11,PASS,Erststartpfad ok
5142,k2_booking_lifecycle,11,PASS,Lebenszyklus ok
5143,k3_bundle_roundtrip,5,PASS,Bundle-Rundlauf ok
5144,k4_guide_coverage,10,PASS,en-Guide deckt Kernfunktionen
5145,k5_help_wiki,11,PASS,Wiki-Topic ok
5146,k6_text_quality,200,PASS,en: 40 Werte sauber
5147,k7_update_path,6,PASS,Update-Pfad ok
5148,k8_key_discipline,60,PASS,Schluesseldisziplin ok
5149,k9_dialog_invariants,3,PASS,theme_editor_dialog.py: Invarianten ok
5150,k10_regression_shield,14,PASS,Regressionsschild intakt
5151,k1_first_run_path,11,PASS,Erststartpfad ok
5152,k2_booking_lifecycle,11,PASS,Lebenszyklus ok
5153,k3_bundle_roundtrip,5,PASS,Bundle-Rundlauf ok
5154,k4_guide_coverage,10,PASS,fr-Guide deckt Kernfunktionen
5155,k5_help_wiki,11,PASS,Wiki-Topic ok
5156,k6_text_quality,200,PASS,fr: 40 Werte sauber
5157,k7_update_path,6,PASS,Update-Pfad ok
5158,k8_key_discipline,60,PASS,Schluesseldisziplin ok
5159,k9_dialog_invariants,1,PASS,type_color_helper.py: Invarianten ok
5160,k10_regression_shield,14,PASS,Regressionsschild intakt
5161,k1_first_run_path,11,PASS,Erststartpfad ok
5162,k2_booking_lifecycle,11,PASS,Lebenszyklus ok
5163,k3_bundle_roundtrip,5,PASS,Bundle-Rundlauf ok
5164,k4_guide_coverage,10,PASS,de-Guide deckt Kernfunktionen
5165,k5_help_wiki,11,PASS,Wiki-Topic ok
5166,k6_text_quality,194,PASS,de: 40 Werte sauber
5167,k7_update_path,6,PASS,Update-Pfad ok
5168,k8_key_discipline,60,PASS,Schluesseldisziplin ok
5169,k9_dialog_invariants,1,PASS,ui_colors.py: Invarianten ok
5170,k10_regression_shield,14,PASS,Regressionsschild intakt
5171,k1_first_run_path,11,PASS,Erststartpfad ok
5172,k2_booking_lifecycle,11,PASS,Lebenszyklus ok
5173,k3_bundle_roundtrip,5,PASS,Bundle-Rundlauf ok
5174,k4_guide_coverage,10,PASS,en-Guide deckt Kernfunktionen
5175,k5_help_wiki,11,PASS,Wiki-Topic ok
5176,k6_text_quality,200,PASS,en: 40 Werte sauber
5177,k7_update_path,6,PASS,Update-Pfad ok
5178,k8_key_discipline,60,PASS,Schluesseldisziplin ok
5179,k9_dialog_invariants,3,PASS,update_dialog.py: Invarianten ok
5180,k10_regression_shield,14,PASS,Regressionsschild intakt
5181,k1_first_run_path,11,PASS,Erststartpfad ok
5182,k2_booking_lifecycle,11,PASS,Lebenszyklus ok
5183,k3_bundle_roundtrip,5,PASS,Bundle-Rundlauf ok
5184,k4_guide_coverage,10,PASS,fr-Guide deckt Kernfunktionen
5185,k5_help_wiki,11,PASS,Wiki-Topic ok
5186,k6_text_quality,200,PASS,fr: 40 Werte sauber
5187,k7_update_path,6,PASS,Update-Pfad ok
5188,k8_key_discipline,71,PASS,Schluesseldisziplin ok
5189,k9_dialog_invariants,1,PASS,account_data_hub.py: Invarianten ok
5190,k10_regression_shield,14,PASS,Regressionsschild intakt
5191,k1_first_run_path,11,PASS,Erststartpfad ok
5192,k2_booking_lifecycle,11,PASS,Lebenszyklus ok
5193,k3_bundle_roundtrip,5,PASS,Bundle-Rundlauf ok
5194,k4_guide_coverage,10,PASS,de-Guide deckt Kernfunktionen
5195,k5_help_wiki,11,PASS,Wiki-Topic ok
5196,k6_text_quality,194,PASS,de: 40 Werte sauber
5197,k7_update_path,6,PASS,Update-Pfad ok
5198,k8_key_discipline,70,PASS,Schluesseldisziplin ok
5199,k9_dialog_invariants,3,PASS,account_management_dialog.py: Invarianten ok
5200,k10_regression_shield,14,PASS,Regressionsschild intakt
5201,k1_first_run_path,11,PASS,Erststartpfad ok
5202,k2_booking_lifecycle,11,PASS,Lebenszyklus ok
5203,k3_bundle_roundtrip,5,PASS,Bundle-Rundlauf ok
5204,k4_guide_coverage,10,PASS,en-Guide deckt Kernfunktionen
5205,k5_help_wiki,11,PASS,Wiki-Topic ok
5206,k6_text_quality,200,PASS,en: 40 Werte sauber
5207,k7_update_path,6,PASS,Update-Pfad ok
5208,k8_key_discipline,60,PASS,Schluesseldisziplin ok
5209,k9_dialog_invariants,3,PASS,backup_restore_dialog.py: Invarianten ok
5210,k10_regression_shield,14,PASS,Regressionsschild intakt
5211,k1_first_run_path,11,PASS,Erststartpfad ok
5212,k2_booking_lifecycle,11,PASS,Lebenszyklus ok
5213,k3_bundle_roundtrip,5,PASS,Bundle-Rundlauf ok
5214,k4_guide_coverage,10,PASS,fr-Guide deckt Kernfunktionen
5215,k5_help_wiki,11,PASS,Wiki-Topic ok
5216,k6_text_quality,200,PASS,fr: 40 Werte sauber
5217,k7_update_path,6,PASS,Update-Pfad ok
5218,k8_key_discipline,60,PASS,Schluesseldisziplin ok
5219,k9_dialog_invariants,5,PASS,budget_adjustment_dialog.py: Invarianten ok
5220,k10_regression_shield,14,PASS,Regressionsschild intakt
5221,k1_first_run_path,11,PASS,Erststartpfad ok
5222,k2_booking_lifecycle,11,PASS,Lebenszyklus ok
5223,k3_bundle_roundtrip,5,PASS,Bundle-Rundlauf ok
5224,k4_guide_coverage,10,PASS,de-Guide deckt Kernfunktionen
5225,k5_help_wiki,11,PASS,Wiki-Topic ok
5226,k6_text_quality,200,PASS,de: 40 Werte sauber
5227,k7_update_path,6,PASS,Update-Pfad ok
5228,k8_key_discipline,61,PASS,Schluesseldisziplin ok
5229,k9_dialog_invariants,5,PASS,budget_entry_dialog_extended.py: Invarianten ok
5230,k10_regression_shield,14,PASS,Regressionsschild intakt
5231,k1_first_run_path,11,PASS,Erststartpfad ok
5232,k2_booking_lifecycle,11,PASS,Lebenszyklus ok
5233,k3_bundle_roundtrip,5,PASS,Bundle-Rundlauf ok
5234,k4_guide_coverage,10,PASS,en-Guide deckt Kernfunktionen
5235,k5_help_wiki,11,PASS,Wiki-Topic ok
5236,k6_text_quality,200,PASS,en: 40 Werte sauber
5237,k7_update_path,6,PASS,Update-Pfad ok
5238,k8_key_discipline,78,PASS,Schluesseldisziplin ok
5239,k9_dialog_invariants,3,PASS,budget_fill_dialog.py: Invarianten ok
5240,k10_regression_shield,14,PASS,Regressionsschild intakt
5241,k1_first_run_path,11,PASS,Erststartpfad ok
5242,k2_booking_lifecycle,11,PASS,Lebenszyklus ok
5243,k3_bundle_roundtrip,5,PASS,Bundle-Rundlauf ok
5244,k4_guide_coverage,10,PASS,fr-Guide deckt Kernfunktionen
5245,k5_help_wiki,11,PASS,Wiki-Topic ok
5246,k6_text_quality,200,PASS,fr: 40 Werte sauber
5247,k7_update_path,6,PASS,Update-Pfad ok
5248,k8_key_discipline,60,PASS,Schluesseldisziplin ok
5249,k9_dialog_invariants,3,PASS,category_delete_dialog.py: Invarianten ok
5250,k10_regression_shield,14,PASS,Regressionsschild intakt
5251,k1_first_run_path,11,PASS,Erststartpfad ok
5252,k2_booking_lifecycle,11,PASS,Lebenszyklus ok
5253,k3_bundle_roundtrip,5,PASS,Bundle-Rundlauf ok
5254,k4_guide_coverage,10,PASS,de-Guide deckt Kernfunktionen
5255,k5_help_wiki,11,PASS,Wiki-Topic ok
5256,k6_text_quality,200,PASS,de: 40 Werte sauber
5257,k7_update_path,6,PASS,Update-Pfad ok
5258,k8_key_discipline,60,PASS,Schluesseldisziplin ok
5259,k9_dialog_invariants,1,PASS,category_excel_io.py: Invarianten ok
5260,k10_regression_shield,14,PASS,Regressionsschild intakt
5261,k1_first_run_path,11,PASS,Erststartpfad ok
5262,k2_booking_lifecycle,11,PASS,Lebenszyklus ok
5263,k3_bundle_roundtrip,5,PASS,Bundle-Rundlauf ok
5264,k4_guide_coverage,10,PASS,en-Guide deckt Kernfunktionen
5265,k5_help_wiki,11,PASS,Wiki-Topic ok
5266,k6_text_quality,194,PASS,en: 40 Werte sauber
5267,k7_update_path,6,PASS,Update-Pfad ok
5268,k8_key_discipline,60,PASS,Schluesseldisziplin ok
5269,k9_dialog_invariants,3,PASS,category_manager_dialog.py: Invarianten ok
5270,k10_regression_shield,14,PASS,Regressionsschild intakt
5271,k1_first_run_path,11,PASS,Erststartpfad ok
5272,k2_booking_lifecycle,11,PASS,Lebenszyklus ok
5273,k3_bundle_roundtrip,5,PASS,Bundle-Rundlauf ok
5274,k4_guide_coverage,10,PASS,fr-Guide deckt Kernfunktionen
5275,k5_help_wiki,11,PASS,Wiki-Topic ok
5276,k6_text_quality,194,PASS,fr: 40 Werte sauber
5277,k7_update_path,6,PASS,Update-Pfad ok
5278,k8_key_discipline,60,PASS,Schluesseldisziplin ok
5279,k9_dialog_invariants,1,PASS,category_picker.py: Invarianten ok
5280,k10_regression_shield,14,PASS,Regressionsschild intakt
5281,k1_first_run_path,11,PASS,Erststartpfad ok
5282,k2_booking_lifecycle,11,PASS,Lebenszyklus ok
5283,k3_bundle_roundtrip,5,PASS,Bundle-Rundlauf ok
5284,k4_guide_coverage,10,PASS,de-Guide deckt Kernfunktionen
5285,k5_help_wiki,11,PASS,Wiki-Topic ok
5286,k6_text_quality,191,PASS,de: 40 Werte sauber
5287,k7_update_path,6,PASS,Update-Pfad ok
5288,k8_key_discipline,60,PASS,Schluesseldisziplin ok
5289,k9_dialog_invariants,7,PASS,category_properties_dialog.py: Invarianten ok
5290,k10_regression_shield,14,PASS,Regressionsschild intakt
5291,k1_first_run_path,11,PASS,Erststartpfad ok
5292,k2_booking_lifecycle,11,PASS,Lebenszyklus ok
5293,k3_bundle_roundtrip,5,PASS,Bundle-Rundlauf ok
5294,k4_guide_coverage,10,PASS,en-Guide deckt Kernfunktionen
5295,k5_help_wiki,11,PASS,Wiki-Topic ok
5296,k6_text_quality,191,PASS,en: 40 Werte sauber
5297,k7_update_path,6,PASS,Update-Pfad ok
5298,k8_key_discipline,60,PASS,Schluesseldisziplin ok
5299,k9_dialog_invariants,3,PASS,copy_year_dialog.py: Invarianten ok
5300,k10_regression_shield,14,PASS,Regressionsschild intakt
5301,k1_first_run_path,11,PASS,Erststartpfad ok
5302,k2_booking_lifecycle,11,PASS,Lebenszyklus ok
5303,k3_bundle_roundtrip,5,PASS,Bundle-Rundlauf ok
5304,k4_guide_coverage,10,PASS,fr-Guide deckt Kernfunktionen
5305,k5_help_wiki,11,PASS,Wiki-Topic ok
5306,k6_text_quality,197,PASS,fr: 40 Werte sauber
5307,k7_update_path,6,PASS,Update-Pfad ok
5308,k8_key_discipline,60,PASS,Schluesseldisziplin ok
5309,k9_dialog_invariants,3,PASS,database_management_dialog.py: Invarianten ok
5310,k10_regression_shield,14,PASS,Regressionsschild intakt
5311,k1_first_run_path,11,PASS,Erststartpfad ok
5312,k2_booking_lifecycle,11,PASS,Lebenszyklus ok
5313,k3_bundle_roundtrip,5,PASS,Bundle-Rundlauf ok
5314,k4_guide_coverage,10,PASS,de-Guide deckt Kernfunktionen
5315,k5_help_wiki,11,PASS,Wiki-Topic ok
5316,k6_text_quality,191,PASS,de: 40 Werte sauber
5317,k7_update_path,6,PASS,Update-Pfad ok
5318,k8_key_discipline,60,PASS,Schluesseldisziplin ok
5319,k9_dialog_invariants,3,PASS,export_dialog.py: Invarianten ok
5320,k10_regression_shield,14,PASS,Regressionsschild intakt
5321,k1_first_run_path,11,PASS,Erststartpfad ok
5322,k2_booking_lifecycle,11,PASS,Lebenszyklus ok
5323,k3_bundle_roundtrip,5,PASS,Bundle-Rundlauf ok
5324,k4_guide_coverage,10,PASS,en-Guide deckt Kernfunktionen
5325,k5_help_wiki,11,PASS,Wiki-Topic ok
5326,k6_text_quality,200,PASS,en: 40 Werte sauber
5327,k7_update_path,6,PASS,Update-Pfad ok
5328,k8_key_discipline,65,PASS,Schluesseldisziplin ok
5329,k9_dialog_invariants,3,PASS,favorites_dashboard_dialog.py: Invarianten ok
5330,k10_regression_shield,14,PASS,Regressionsschild intakt
5331,k1_first_run_path,11,PASS,Erststartpfad ok
5332,k2_booking_lifecycle,11,PASS,Lebenszyklus ok
5333,k3_bundle_roundtrip,5,PASS,Bundle-Rundlauf ok
5334,k4_guide_coverage,10,PASS,fr-Guide deckt Kernfunktionen
5335,k5_help_wiki,11,PASS,Wiki-Topic ok
5336,k6_text_quality,197,PASS,fr: 40 Werte sauber
5337,k7_update_path,6,PASS,Update-Pfad ok
5338,k8_key_discipline,66,PASS,Schluesseldisziplin ok
5339,k9_dialog_invariants,3,PASS,global_search_dialog.py: Invarianten ok
5340,k10_regression_shield,14,PASS,Regressionsschild intakt
5341,k1_first_run_path,11,PASS,Erststartpfad ok
5342,k2_booking_lifecycle,11,PASS,Lebenszyklus ok
5343,k3_bundle_roundtrip,5,PASS,Bundle-Rundlauf ok
5344,k4_guide_coverage,10,PASS,de-Guide deckt Kernfunktionen
5345,k5_help_wiki,11,PASS,Wiki-Topic ok
5346,k6_text_quality,200,PASS,de: 40 Werte sauber
5347,k7_update_path,6,PASS,Update-Pfad ok
5348,k8_key_discipline,65,PASS,Schluesseldisziplin ok
5349,k9_dialog_invariants,1,PASS,help_content.py: Invarianten ok
5350,k10_regression_shield,14,PASS,Regressionsschild intakt
5351,k1_first_run_path,11,PASS,Erststartpfad ok
5352,k2_booking_lifecycle,11,PASS,Lebenszyklus ok
5353,k3_bundle_roundtrip,5,PASS,Bundle-Rundlauf ok
5354,k4_guide_coverage,10,PASS,en-Guide deckt Kernfunktionen
5355,k5_help_wiki,11,PASS,Wiki-Topic ok
5356,k6_text_quality,200,PASS,en: 40 Werte sauber
5357,k7_update_path,6,PASS,Update-Pfad ok
5358,k8_key_discipline,60,PASS,Schluesseldisziplin ok
5359,k9_dialog_invariants,3,PASS,help_dialog.py: Invarianten ok
5360,k10_regression_shield,14,PASS,Regressionsschild intakt
5361,k1_first_run_path,11,PASS,Erststartpfad ok
5362,k2_booking_lifecycle,11,PASS,Lebenszyklus ok
5363,k3_bundle_roundtrip,5,PASS,Bundle-Rundlauf ok
5364,k4_guide_coverage,10,PASS,fr-Guide deckt Kernfunktionen
5365,k5_help_wiki,11,PASS,Wiki-Topic ok
5366,k6_text_quality,197,PASS,fr: 40 Werte sauber
5367,k7_update_path,6,PASS,Update-Pfad ok
5368,k8_key_discipline,60,PASS,Schluesseldisziplin ok
5369,k9_dialog_invariants,3,PASS,language_select_dialog.py: Invarianten ok
5370,k10_regression_shield,14,PASS,Regressionsschild intakt
5371,k1_first_run_path,11,PASS,Erststartpfad ok
5372,k2_booking_lifecycle,11,PASS,Lebenszyklus ok
5373,k3_bundle_roundtrip,5,PASS,Bundle-Rundlauf ok
5374,k4_guide_coverage,10,PASS,de-Guide deckt Kernfunktionen
5375,k5_help_wiki,11,PASS,Wiki-Topic ok
5376,k6_text_quality,197,PASS,de: 40 Werte sauber
5377,k7_update_path,6,PASS,Update-Pfad ok
5378,k8_key_discipline,60,PASS,Schluesseldisziplin ok
5379,k9_dialog_invariants,7,PASS,login_dialog.py: Invarianten ok
5380,k10_regression_shield,14,PASS,Regressionsschild intakt
5381,k1_first_run_path,11,PASS,Erststartpfad ok
5382,k2_booking_lifecycle,11,PASS,Lebenszyklus ok
5383,k3_bundle_roundtrip,5,PASS,Bundle-Rundlauf ok
5384,k4_guide_coverage,10,PASS,en-Guide deckt Kernfunktionen
5385,k5_help_wiki,11,PASS,Wiki-Topic ok
5386,k6_text_quality,194,PASS,en: 40 Werte sauber
5387,k7_update_path,6,PASS,Update-Pfad ok
5388,k8_key_discipline,61,PASS,Schluesseldisziplin ok
5389,k9_dialog_invariants,5,PASS,main_window.py: Invarianten ok
5390,k10_regression_shield,14,PASS,Regressionsschild intakt
5391,k1_first_run_path,11,PASS,Erststartpfad ok
5392,k2_booking_lifecycle,11,PASS,Lebenszyklus ok
5393,k3_bundle_roundtrip,5,PASS,Bundle-Rundlauf ok
5394,k4_guide_coverage,10,PASS,fr-Guide deckt Kernfunktionen
5395,k5_help_wiki,11,PASS,Wiki-Topic ok
5396,k6_text_quality,188,PASS,fr: 40 Werte sauber
5397,k7_update_path,6,PASS,Update-Pfad ok
5398,k8_key_discipline,60,PASS,Schluesseldisziplin ok
5399,k9_dialog_invariants,3,PASS,month_close_dialog.py: Invarianten ok
5400,k10_regression_shield,14,PASS,Regressionsschild intakt
5401,k1_first_run_path,11,PASS,Erststartpfad ok
5402,k2_booking_lifecycle,11,PASS,Lebenszyklus ok
5403,k3_bundle_roundtrip,5,PASS,Bundle-Rundlauf ok
5404,k4_guide_coverage,10,PASS,de-Guide deckt Kernfunktionen
5405,k5_help_wiki,11,PASS,Wiki-Topic ok
5406,k6_text_quality,200,PASS,de: 40 Werte sauber
5407,k7_update_path,6,PASS,Update-Pfad ok
5408,k8_key_discipline,66,PASS,Schluesseldisziplin ok
5409,k9_dialog_invariants,3,PASS,quick_add_dialog.py: Invarianten ok
5410,k10_regression_shield,14,PASS,Regressionsschild intakt
5411,k1_first_run_path,11,PASS,Erststartpfad ok
5412,k2_booking_lifecycle,11,PASS,Lebenszyklus ok
5413,k3_bundle_roundtrip,5,PASS,Bundle-Rundlauf ok
5414,k4_guide_coverage,10,PASS,en-Guide deckt Kernfunktionen
5415,k5_help_wiki,11,PASS,Wiki-Topic ok
5416,k6_text_quality,200,PASS,en: 40 Werte sauber
5417,k7_update_path,6,PASS,Update-Pfad ok
5418,k8_key_discipline,68,PASS,Schluesseldisziplin ok
5419,k9_dialog_invariants,1,PASS,reauth.py: Invarianten ok
5420,k10_regression_shield,14,PASS,Regressionsschild intakt
5421,k1_first_run_path,11,PASS,Erststartpfad ok
5422,k2_booking_lifecycle,11,PASS,Lebenszyklus ok
5423,k3_bundle_roundtrip,5,PASS,Bundle-Rundlauf ok
5424,k4_guide_coverage,10,PASS,fr-Guide deckt Kernfunktionen
5425,k5_help_wiki,11,PASS,Wiki-Topic ok
5426,k6_text_quality,200,PASS,fr: 40 Werte sauber
5427,k7_update_path,6,PASS,Update-Pfad ok
5428,k8_key_discipline,62,PASS,Schluesseldisziplin ok
5429,k9_dialog_invariants,3,PASS,recurring_bookings_dialog.py: Invarianten ok
5430,k10_regression_shield,14,PASS,Regressionsschild intakt
5431,k1_first_run_path,11,PASS,Erststartpfad ok
5432,k2_booking_lifecycle,11,PASS,Lebenszyklus ok
5433,k3_bundle_roundtrip,5,PASS,Bundle-Rundlauf ok
5434,k4_guide_coverage,10,PASS,de-Guide deckt Kernfunktionen
5435,k5_help_wiki,11,PASS,Wiki-Topic ok
5436,k6_text_quality,197,PASS,de: 40 Werte sauber
5437,k7_update_path,6,PASS,Update-Pfad ok
5438,k8_key_discipline,70,PASS,Schluesseldisziplin ok
5439,k9_dialog_invariants,3,PASS,restore_key_dialog.py: Invarianten ok
5440,k10_regression_shield,14,PASS,Regressionsschild intakt
5441,k1_first_run_path,11,PASS,Erststartpfad ok
5442,k2_booking_lifecycle,11,PASS,Lebenszyklus ok
5443,k3_bundle_roundtrip,5,PASS,Bundle-Rundlauf ok
5444,k4_guide_coverage,10,PASS,en-Guide deckt Kernfunktionen
5445,k5_help_wiki,11,PASS,Wiki-Topic ok
5446,k6_text_quality,200,PASS,en: 40 Werte sauber
5447,k7_update_path,6,PASS,Update-Pfad ok
5448,k8_key_discipline,60,PASS,Schluesseldisziplin ok
5449,k9_dialog_invariants,1,PASS,savings_goal_messages.py: Invarianten ok
5450,k10_regression_shield,14,PASS,Regressionsschild intakt
5451,k1_first_run_path,11,PASS,Erststartpfad ok
5452,k2_booking_lifecycle,11,PASS,Lebenszyklus ok
5453,k3_bundle_roundtrip,5,PASS,Bundle-Rundlauf ok
5454,k4_guide_coverage,10,PASS,fr-Guide deckt Kernfunktionen
5455,k5_help_wiki,11,PASS,Wiki-Topic ok
5456,k6_text_quality,200,PASS,fr: 40 Werte sauber
5457,k7_update_path,6,PASS,Update-Pfad ok
5458,k8_key_discipline,60,PASS,Schluesseldisziplin ok
5459,k9_dialog_invariants,7,PASS,savings_goals_dialog.py: Invarianten ok
5460,k10_regression_shield,14,PASS,Regressionsschild intakt
5461,k1_first_run_path,11,PASS,Erststartpfad ok
5462,k2_booking_lifecycle,11,PASS,Lebenszyklus ok
5463,k3_bundle_roundtrip,5,PASS,Bundle-Rundlauf ok
5464,k4_guide_coverage,10,PASS,de-Guide deckt Kernfunktionen
5465,k5_help_wiki,11,PASS,Wiki-Topic ok
5466,k6_text_quality,194,PASS,de: 40 Werte sauber
5467,k7_update_path,6,PASS,Update-Pfad ok
5468,k8_key_discipline,60,PASS,Schluesseldisziplin ok
5469,k9_dialog_invariants,3,PASS,setup_assistant_dialog.py: Invarianten ok
5470,k10_regression_shield,14,PASS,Regressionsschild intakt
5471,k1_first_run_path,11,PASS,Erststartpfad ok
5472,k2_booking_lifecycle,11,PASS,Lebenszyklus ok
5473,k3_bundle_roundtrip,5,PASS,Bundle-Rundlauf ok
5474,k4_guide_coverage,10,PASS,en-Guide deckt Kernfunktionen
5475,k5_help_wiki,11,PASS,Wiki-Topic ok
5476,k6_text_quality,185,PASS,en: 40 Werte sauber
5477,k7_update_path,6,PASS,Update-Pfad ok
5478,k8_key_discipline,65,PASS,Schluesseldisziplin ok
5479,k9_dialog_invariants,3,PASS,shortcuts_dialog.py: Invarianten ok
5480,k10_regression_shield,14,PASS,Regressionsschild intakt
5481,k1_first_run_path,11,PASS,Erststartpfad ok
5482,k2_booking_lifecycle,11,PASS,Lebenszyklus ok
5483,k3_bundle_roundtrip,5,PASS,Bundle-Rundlauf ok
5484,k4_guide_coverage,10,PASS,fr-Guide deckt Kernfunktionen
5485,k5_help_wiki,11,PASS,Wiki-Topic ok
5486,k6_text_quality,194,PASS,fr: 40 Werte sauber
5487,k7_update_path,6,PASS,Update-Pfad ok
5488,k8_key_discipline,60,PASS,Schluesseldisziplin ok
5489,k9_dialog_invariants,3,PASS,special_income_dialog.py: Invarianten ok
5490,k10_regression_shield,14,PASS,Regressionsschild intakt
5491,k1_first_run_path,11,PASS,Erststartpfad ok
5492,k2_booking_lifecycle,11,PASS,Lebenszyklus ok
5493,k3_bundle_roundtrip,5,PASS,Bundle-Rundlauf ok
5494,k4_guide_coverage,10,PASS,de-Guide deckt Kernfunktionen
5495,k5_help_wiki,11,PASS,Wiki-Topic ok
5496,k6_text_quality,200,PASS,de: 40 Werte sauber
5497,k7_update_path,6,PASS,Update-Pfad ok
5498,k8_key_discipline,62,PASS,Schluesseldisziplin ok
5499,k9_dialog_invariants,3,PASS,startup_wizard.py: Invarianten ok
5500,k10_regression_shield,14,PASS,Regressionsschild intakt
5501,k1_first_run_path,11,PASS,Erststartpfad ok
5502,k2_booking_lifecycle,11,PASS,Lebenszyklus ok
5503,k3_bundle_roundtrip,5,PASS,Bundle-Rundlauf ok
5504,k4_guide_coverage,10,PASS,en-Guide deckt Kernfunktionen
5505,k5_help_wiki,11,PASS,Wiki-Topic ok
5506,k6_text_quality,200,PASS,en: 40 Werte sauber
5507,k7_update_path,6,PASS,Update-Pfad ok
5508,k8_key_discipline,60,PASS,Schluesseldisziplin ok
5509,k9_dialog_invariants,3,PASS,tags_manager_dialog.py: Invarianten ok
5510,k10_regression_shield,14,PASS,Regressionsschild intakt
5511,k1_first_run_path,11,PASS,Erststartpfad ok
5512,k2_booking_lifecycle,11,PASS,Lebenszyklus ok
5513,k3_bundle_roundtrip,5,PASS,Bundle-Rundlauf ok
5514,k4_guide_coverage,10,PASS,fr-Guide deckt Kernfunktionen
5515,k5_help_wiki,11,PASS,Wiki-Topic ok
5516,k6_text_quality,200,PASS,fr: 40 Werte sauber
5517,k7_update_path,6,PASS,Update-Pfad ok
5518,k8_key_discipline,62,PASS,Schluesseldisziplin ok
5519,k9_dialog_invariants,3,PASS,theme_editor_dialog.py: Invarianten ok
5520,k10_regression_shield,14,PASS,Regressionsschild intakt
5521,k1_first_run_path,11,PASS,Erststartpfad ok
5522,k2_booking_lifecycle,11,PASS,Lebenszyklus ok
5523,k3_bundle_roundtrip,5,PASS,Bundle-Rundlauf ok
5524,k4_guide_coverage,10,PASS,de-Guide deckt Kernfunktionen
5525,k5_help_wiki,11,PASS,Wiki-Topic ok
5526,k6_text_quality,194,PASS,de: 40 Werte sauber
5527,k7_update_path,6,PASS,Update-Pfad ok
5528,k8_key_discipline,60,PASS,Schluesseldisziplin ok
5529,k9_dialog_invariants,1,PASS,type_color_helper.py: Invarianten ok
5530,k10_regression_shield,14,PASS,Regressionsschild intakt
5531,k1_first_run_path,11,PASS,Erststartpfad ok
5532,k2_booking_lifecycle,11,PASS,Lebenszyklus ok
5533,k3_bundle_roundtrip,5,PASS,Bundle-Rundlauf ok
5534,k4_guide_coverage,10,PASS,en-Guide deckt Kernfunktionen
5535,k5_help_wiki,11,PASS,Wiki-Topic ok
5536,k6_text_quality,167,PASS,en: 40 Werte sauber
5537,k7_update_path,6,PASS,Update-Pfad ok
5538,k8_key_discipline,61,PASS,Schluesseldisziplin ok
5539,k9_dialog_invariants,1,PASS,ui_colors.py: Invarianten ok
5540,k10_regression_shield,14,PASS,Regressionsschild intakt
5541,k1_first_run_path,11,PASS,Erststartpfad ok
5542,k2_booking_lifecycle,11,PASS,Lebenszyklus ok
5543,k3_bundle_roundtrip,5,PASS,Bundle-Rundlauf ok
5544,k4_guide_coverage,10,PASS,fr-Guide deckt Kernfunktionen
5545,k5_help_wiki,11,PASS,Wiki-Topic ok
5546,k6_text_quality,200,PASS,fr: 40 Werte sauber
5547,k7_update_path,6,PASS,Update-Pfad ok
5548,k8_key_discipline,61,PASS,Schluesseldisziplin ok
5549,k9_dialog_invariants,3,PASS,update_dialog.py: Invarianten ok
5550,k10_regression_shield,14,PASS,Regressionsschild intakt
5551,k1_first_run_path,11,PASS,Erststartpfad ok
5552,k2_booking_lifecycle,11,PASS,Lebenszyklus ok
5553,k3_bundle_roundtrip,5,PASS,Bundle-Rundlauf ok
5554,k4_guide_coverage,10,PASS,de-Guide deckt Kernfunktionen
5555,k5_help_wiki,11,PASS,Wiki-Topic ok
5556,k6_text_quality,182,PASS,de: 40 Werte sauber
5557,k7_update_path,6,PASS,Update-Pfad ok
5558,k8_key_discipline,60,PASS,Schluesseldisziplin ok
5559,k9_dialog_invariants,1,PASS,account_data_hub.py: Invarianten ok
5560,k10_regression_shield,14,PASS,Regressionsschild intakt
5561,k1_first_run_path,11,PASS,Erststartpfad ok
5562,k2_booking_lifecycle,11,PASS,Lebenszyklus ok
5563,k3_bundle_roundtrip,5,PASS,Bundle-Rundlauf ok
5564,k4_guide_coverage,10,PASS,en-Guide deckt Kernfunktionen
5565,k5_help_wiki,11,PASS,Wiki-Topic ok
5566,k6_text_quality,200,PASS,en: 40 Werte sauber
5567,k7_update_path,6,PASS,Update-Pfad ok
5568,k8_key_discipline,60,PASS,Schluesseldisziplin ok
5569,k9_dialog_invariants,3,PASS,account_management_dialog.py: Invarianten ok
5570,k10_regression_shield,14,PASS,Regressionsschild intakt
5571,k1_first_run_path,11,PASS,Erststartpfad ok
5572,k2_booking_lifecycle,11,PASS,Lebenszyklus ok
5573,k3_bundle_roundtrip,5,PASS,Bundle-Rundlauf ok
5574,k4_guide_coverage,10,PASS,fr-Guide deckt Kernfunktionen
5575,k5_help_wiki,11,PASS,Wiki-Topic ok
5576,k6_text_quality,200,PASS,fr: 40 Werte sauber
5577,k7_update_path,6,PASS,Update-Pfad ok
5578,k8_key_discipline,60,PASS,Schluesseldisziplin ok
5579,k9_dialog_invariants,3,PASS,backup_restore_dialog.py: Invarianten ok
5580,k10_regression_shield,14,PASS,Regressionsschild intakt
5581,k1_first_run_path,11,PASS,Erststartpfad ok
5582,k2_booking_lifecycle,11,PASS,Lebenszyklus ok
5583,k3_bundle_roundtrip,5,PASS,Bundle-Rundlauf ok
5584,k4_guide_coverage,10,PASS,de-Guide deckt Kernfunktionen
5585,k5_help_wiki,11,PASS,Wiki-Topic ok
5586,k6_text_quality,200,PASS,de: 40 Werte sauber
5587,k7_update_path,6,PASS,Update-Pfad ok
5588,k8_key_discipline,60,PASS,Schluesseldisziplin ok
5589,k9_dialog_invariants,5,PASS,budget_adjustment_dialog.py: Invarianten ok
5590,k10_regression_shield,14,PASS,Regressionsschild intakt
5591,k1_first_run_path,11,PASS,Erststartpfad ok
5592,k2_booking_lifecycle,11,PASS,Lebenszyklus ok
5593,k3_bundle_roundtrip,5,PASS,Bundle-Rundlauf ok
5594,k4_guide_coverage,10,PASS,en-Guide deckt Kernfunktionen
5595,k5_help_wiki,11,PASS,Wiki-Topic ok
5596,k6_text_quality,200,PASS,en: 40 Werte sauber
5597,k7_update_path,6,PASS,Update-Pfad ok
5598,k8_key_discipline,62,PASS,Schluesseldisziplin ok
5599,k9_dialog_invariants,5,PASS,budget_entry_dialog_extended.py: Invarianten ok
5600,k10_regression_shield,14,PASS,Regressionsschild intakt
5601,k1_first_run_path,11,PASS,Erststartpfad ok
5602,k2_booking_lifecycle,11,PASS,Lebenszyklus ok
5603,k3_bundle_roundtrip,5,PASS,Bundle-Rundlauf ok
5604,k4_guide_coverage,10,PASS,fr-Guide deckt Kernfunktionen
5605,k5_help_wiki,11,PASS,Wiki-Topic ok
5606,k6_text_quality,200,PASS,fr: 40 Werte sauber
5607,k7_update_path,6,PASS,Update-Pfad ok
5608,k8_key_discipline,52,PASS,Schluesseldisziplin ok
5609,k9_dialog_invariants,3,PASS,budget_fill_dialog.py: Invarianten ok
5610,k10_regression_shield,14,PASS,Regressionsschild intakt
5611,k1_first_run_path,11,PASS,Erststartpfad ok
5612,k2_booking_lifecycle,11,PASS,Lebenszyklus ok
5613,k3_bundle_roundtrip,5,PASS,Bundle-Rundlauf ok
5614,k4_guide_coverage,10,PASS,de-Guide deckt Kernfunktionen
5615,k5_help_wiki,11,PASS,Wiki-Topic ok
5616,k6_text_quality,200,PASS,de: 40 Werte sauber
5617,k7_update_path,6,PASS,Update-Pfad ok
5618,k8_key_discipline,5,PASS,Schluesseldisziplin ok
5619,k9_dialog_invariants,3,PASS,category_delete_dialog.py: Invarianten ok
5620,k10_regression_shield,14,PASS,Regressionsschild intakt
5621,k1_first_run_path,11,PASS,Erststartpfad ok
5622,k2_booking_lifecycle,11,PASS,Lebenszyklus ok
5623,k3_bundle_roundtrip,5,PASS,Bundle-Rundlauf ok
5624,k4_guide_coverage,10,PASS,en-Guide deckt Kernfunktionen
5625,k5_help_wiki,11,PASS,Wiki-Topic ok
5626,k6_text_quality,115,PASS,en: 23 Werte sauber
5627,k7_update_path,6,PASS,Update-Pfad ok
5628,k8_key_discipline,61,PASS,Schluesseldisziplin ok
5629,k9_dialog_invariants,1,PASS,category_excel_io.py: Invarianten ok
5630,k10_regression_shield,14,PASS,Regressionsschild intakt
5631,k1_first_run_path,11,PASS,Erststartpfad ok
5632,k2_booking_lifecycle,11,PASS,Lebenszyklus ok
5633,k3_bundle_roundtrip,5,PASS,Bundle-Rundlauf ok
5634,k4_guide_coverage,10,PASS,fr-Guide deckt Kernfunktionen
5635,k5_help_wiki,11,PASS,Wiki-Topic ok
5636,k6_text_quality,200,PASS,fr: 40 Werte sauber
5637,k7_update_path,6,PASS,Update-Pfad ok
5638,k8_key_discipline,60,PASS,Schluesseldisziplin ok
5639,k9_dialog_invariants,3,PASS,category_manager_dialog.py: Invarianten ok
5640,k10_regression_shield,14,PASS,Regressionsschild intakt
5641,k1_first_run_path,11,PASS,Erststartpfad ok
5642,k2_booking_lifecycle,11,PASS,Lebenszyklus ok
5643,k3_bundle_roundtrip,5,PASS,Bundle-Rundlauf ok
5644,k4_guide_coverage,10,PASS,de-Guide deckt Kernfunktionen
5645,k5_help_wiki,11,PASS,Wiki-Topic ok
5646,k6_text_quality,194,PASS,de: 40 Werte sauber
5647,k7_update_path,6,PASS,Update-Pfad ok
5648,k8_key_discipline,60,PASS,Schluesseldisziplin ok
5649,k9_dialog_invariants,1,PASS,category_picker.py: Invarianten ok
5650,k10_regression_shield,14,PASS,Regressionsschild intakt
5651,k1_first_run_path,11,PASS,Erststartpfad ok
5652,k2_booking_lifecycle,11,PASS,Lebenszyklus ok
5653,k3_bundle_roundtrip,5,PASS,Bundle-Rundlauf ok
5654,k4_guide_coverage,10,PASS,en-Guide deckt Kernfunktionen
5655,k5_help_wiki,11,PASS,Wiki-Topic ok
5656,k6_text_quality,197,PASS,en: 40 Werte sauber
5657,k7_update_path,6,PASS,Update-Pfad ok
5658,k8_key_discipline,60,PASS,Schluesseldisziplin ok
5659,k9_dialog_invariants,7,PASS,category_properties_dialog.py: Invarianten ok
5660,k10_regression_shield,14,PASS,Regressionsschild intakt
5661,k1_first_run_path,11,PASS,Erststartpfad ok
5662,k2_booking_lifecycle,11,PASS,Lebenszyklus ok
5663,k3_bundle_roundtrip,5,PASS,Bundle-Rundlauf ok
5664,k4_guide_coverage,10,PASS,fr-Guide deckt Kernfunktionen
5665,k5_help_wiki,11,PASS,Wiki-Topic ok
5666,k6_text_quality,185,PASS,fr: 40 Werte sauber
5667,k7_update_path,6,PASS,Update-Pfad ok
5668,k8_key_discipline,60,PASS,Schluesseldisziplin ok
5669,k9_dialog_invariants,3,PASS,copy_year_dialog.py: Invarianten ok
5670,k10_regression_shield,14,PASS,Regressionsschild intakt
5671,k1_first_run_path,11,PASS,Erststartpfad ok
5672,k2_booking_lifecycle,11,PASS,Lebenszyklus ok
5673,k3_bundle_roundtrip,5,PASS,Bundle-Rundlauf ok
5674,k4_guide_coverage,10,PASS,de-Guide deckt Kernfunktionen
5675,k5_help_wiki,11,PASS,Wiki-Topic ok
5676,k6_text_quality,179,PASS,de: 40 Werte sauber
5677,k7_update_path,6,PASS,Update-Pfad ok
5678,k8_key_discipline,71,PASS,Schluesseldisziplin ok
5679,k9_dialog_invariants,3,PASS,database_management_dialog.py: Invarianten ok
5680,k10_regression_shield,14,PASS,Regressionsschild intakt
5681,k1_first_run_path,11,PASS,Erststartpfad ok
5682,k2_booking_lifecycle,11,PASS,Lebenszyklus ok
5683,k3_bundle_roundtrip,5,PASS,Bundle-Rundlauf ok
5684,k4_guide_coverage,10,PASS,en-Guide deckt Kernfunktionen
5685,k5_help_wiki,11,PASS,Wiki-Topic ok
5686,k6_text_quality,200,PASS,en: 40 Werte sauber
5687,k7_update_path,6,PASS,Update-Pfad ok
5688,k8_key_discipline,70,PASS,Schluesseldisziplin ok
5689,k9_dialog_invariants,3,PASS,export_dialog.py: Invarianten ok
5690,k10_regression_shield,14,PASS,Regressionsschild intakt
5691,k1_first_run_path,11,PASS,Erststartpfad ok
5692,k2_booking_lifecycle,11,PASS,Lebenszyklus ok
5693,k3_bundle_roundtrip,5,PASS,Bundle-Rundlauf ok
5694,k4_guide_coverage,10,PASS,fr-Guide deckt Kernfunktionen
5695,k5_help_wiki,11,PASS,Wiki-Topic ok
5696,k6_text_quality,191,PASS,fr: 40 Werte sauber
5697,k7_update_path,6,PASS,Update-Pfad ok
5698,k8_key_discipline,60,PASS,Schluesseldisziplin ok
5699,k9_dialog_invariants,3,PASS,favorites_dashboard_dialog.py: Invarianten ok
5700,k10_regression_shield,14,PASS,Regressionsschild intakt
5701,k1_first_run_path,11,PASS,Erststartpfad ok
5702,k2_booking_lifecycle,11,PASS,Lebenszyklus ok
5703,k3_bundle_roundtrip,5,PASS,Bundle-Rundlauf ok
5704,k4_guide_coverage,10,PASS,de-Guide deckt Kernfunktionen
5705,k5_help_wiki,11,PASS,Wiki-Topic ok
5706,k6_text_quality,197,PASS,de: 40 Werte sauber
5707,k7_update_path,6,PASS,Update-Pfad ok
5708,k8_key_discipline,60,PASS,Schluesseldisziplin ok
5709,k9_dialog_invariants,3,PASS,global_search_dialog.py: Invarianten ok
5710,k10_regression_shield,14,PASS,Regressionsschild intakt
5711,k1_first_run_path,11,PASS,Erststartpfad ok
5712,k2_booking_lifecycle,11,PASS,Lebenszyklus ok
5713,k3_bundle_roundtrip,5,PASS,Bundle-Rundlauf ok
5714,k4_guide_coverage,10,PASS,en-Guide deckt Kernfunktionen
5715,k5_help_wiki,11,PASS,Wiki-Topic ok
5716,k6_text_quality,200,PASS,en: 40 Werte sauber
5717,k7_update_path,6,PASS,Update-Pfad ok
5718,k8_key_discipline,61,PASS,Schluesseldisziplin ok
5719,k9_dialog_invariants,1,PASS,help_content.py: Invarianten ok
5720,k10_regression_shield,14,PASS,Regressionsschild intakt
5721,k1_first_run_path,11,PASS,Erststartpfad ok
5722,k2_booking_lifecycle,11,PASS,Lebenszyklus ok
5723,k3_bundle_roundtrip,5,PASS,Bundle-Rundlauf ok
5724,k4_guide_coverage,10,PASS,fr-Guide deckt Kernfunktionen
5725,k5_help_wiki,11,PASS,Wiki-Topic ok
5726,k6_text_quality,200,PASS,fr: 40 Werte sauber
5727,k7_update_path,6,PASS,Update-Pfad ok
5728,k8_key_discipline,78,PASS,Schluesseldisziplin ok
5729,k9_dialog_invariants,3,PASS,help_dialog.py: Invarianten ok
5730,k10_regression_shield,14,PASS,Regressionsschild intakt
5731,k1_first_run_path,11,PASS,Erststartpfad ok
5732,k2_booking_lifecycle,11,PASS,Lebenszyklus ok
5733,k3_bundle_roundtrip,5,PASS,Bundle-Rundlauf ok
5734,k4_guide_coverage,10,PASS,de-Guide deckt Kernfunktionen
5735,k5_help_wiki,11,PASS,Wiki-Topic ok
5736,k6_text_quality,197,PASS,de: 40 Werte sauber
5737,k7_update_path,6,PASS,Update-Pfad ok
5738,k8_key_discipline,60,PASS,Schluesseldisziplin ok
5739,k9_dialog_invariants,3,PASS,language_select_dialog.py: Invarianten ok
5740,k10_regression_shield,14,PASS,Regressionsschild intakt
5741,k1_first_run_path,11,PASS,Erststartpfad ok
5742,k2_booking_lifecycle,11,PASS,Lebenszyklus ok
5743,k3_bundle_roundtrip,5,PASS,Bundle-Rundlauf ok
5744,k4_guide_coverage,10,PASS,en-Guide deckt Kernfunktionen
5745,k5_help_wiki,11,PASS,Wiki-Topic ok
5746,k6_text_quality,200,PASS,en: 40 Werte sauber
5747,k7_update_path,6,PASS,Update-Pfad ok
5748,k8_key_discipline,60,PASS,Schluesseldisziplin ok
5749,k9_dialog_invariants,7,PASS,login_dialog.py: Invarianten ok
5750,k10_regression_shield,14,PASS,Regressionsschild intakt
5751,k1_first_run_path,11,PASS,Erststartpfad ok
5752,k2_booking_lifecycle,11,PASS,Lebenszyklus ok
5753,k3_bundle_roundtrip,5,PASS,Bundle-Rundlauf ok
5754,k4_guide_coverage,10,PASS,fr-Guide deckt Kernfunktionen
5755,k5_help_wiki,11,PASS,Wiki-Topic ok
5756,k6_text_quality,200,PASS,fr: 40 Werte sauber
5757,k7_update_path,6,PASS,Update-Pfad ok
5758,k8_key_discipline,60,PASS,Schluesseldisziplin ok
5759,k9_dialog_invariants,5,PASS,main_window.py: Invarianten ok
5760,k10_regression_shield,14,PASS,Regressionsschild intakt
5761,k1_first_run_path,11,PASS,Erststartpfad ok
5762,k2_booking_lifecycle,11,PASS,Lebenszyklus ok
5763,k3_bundle_roundtrip,5,PASS,Bundle-Rundlauf ok
5764,k4_guide_coverage,10,PASS,de-Guide deckt Kernfunktionen
5765,k5_help_wiki,11,PASS,Wiki-Topic ok
5766,k6_text_quality,200,PASS,de: 40 Werte sauber
5767,k7_update_path,6,PASS,Update-Pfad ok
5768,k8_key_discipline,60,PASS,Schluesseldisziplin ok
5769,k9_dialog_invariants,3,PASS,month_close_dialog.py: Invarianten ok
5770,k10_regression_shield,14,PASS,Regressionsschild intakt
5771,k1_first_run_path,11,PASS,Erststartpfad ok
5772,k2_booking_lifecycle,11,PASS,Lebenszyklus ok
5773,k3_bundle_roundtrip,5,PASS,Bundle-Rundlauf ok
5774,k4_guide_coverage,10,PASS,en-Guide deckt Kernfunktionen
5775,k5_help_wiki,11,PASS,Wiki-Topic ok
5776,k6_text_quality,200,PASS,en: 40 Werte sauber
5777,k7_update_path,6,PASS,Update-Pfad ok
5778,k8_key_discipline,60,PASS,Schluesseldisziplin ok
5779,k9_dialog_invariants,3,PASS,quick_add_dialog.py: Invarianten ok
5780,k10_regression_shield,14,PASS,Regressionsschild intakt
5781,k1_first_run_path,11,PASS,Erststartpfad ok
5782,k2_booking_lifecycle,11,PASS,Lebenszyklus ok
5783,k3_bundle_roundtrip,5,PASS,Bundle-Rundlauf ok
5784,k4_guide_coverage,10,PASS,fr-Guide deckt Kernfunktionen
5785,k5_help_wiki,11,PASS,Wiki-Topic ok
5786,k6_text_quality,194,PASS,fr: 40 Werte sauber
5787,k7_update_path,6,PASS,Update-Pfad ok
5788,k8_key_discipline,60,PASS,Schluesseldisziplin ok
5789,k9_dialog_invariants,1,PASS,reauth.py: Invarianten ok
5790,k10_regression_shield,14,PASS,Regressionsschild intakt
5791,k1_first_run_path,11,PASS,Erststartpfad ok
5792,k2_booking_lifecycle,11,PASS,Lebenszyklus ok
5793,k3_bundle_roundtrip,5,PASS,Bundle-Rundlauf ok
5794,k4_guide_coverage,10,PASS,de-Guide deckt Kernfunktionen
5795,k5_help_wiki,11,PASS,Wiki-Topic ok
5796,k6_text_quality,200,PASS,de: 40 Werte sauber
5797,k7_update_path,6,PASS,Update-Pfad ok
5798,k8_key_discipline,60,PASS,Schluesseldisziplin ok
5799,k9_dialog_invariants,3,PASS,recurring_bookings_dialog.py: Invarianten ok
5800,k10_regression_shield,14,PASS,Regressionsschild intakt
5801,k1_first_run_path,11,PASS,Erststartpfad ok
5802,k2_booking_lifecycle,11,PASS,Lebenszyklus ok
5803,k3_bundle_roundtrip,5,PASS,Bundle-Rundlauf ok
5804,k4_guide_coverage,10,PASS,en-Guide deckt Kernfunktionen
5805,k5_help_wiki,11,PASS,Wiki-Topic ok
5806,k6_text_quality,200,PASS,en: 40 Werte sauber
5807,k7_update_path,6,PASS,Update-Pfad ok
5808,k8_key_discipline,60,PASS,Schluesseldisziplin ok
5809,k9_dialog_invariants,3,PASS,restore_key_dialog.py: Invarianten ok
5810,k10_regression_shield,14,PASS,Regressionsschild intakt
5811,k1_first_run_path,11,PASS,Erststartpfad ok
5812,k2_booking_lifecycle,11,PASS,Lebenszyklus ok
5813,k3_bundle_roundtrip,5,PASS,Bundle-Rundlauf ok
5814,k4_guide_coverage,10,PASS,fr-Guide deckt Kernfunktionen
5815,k5_help_wiki,11,PASS,Wiki-Topic ok
5816,k6_text_quality,200,PASS,fr: 40 Werte sauber
5817,k7_update_path,6,PASS,Update-Pfad ok
5818,k8_key_discipline,65,PASS,Schluesseldisziplin ok
5819,k9_dialog_invariants,1,PASS,savings_goal_messages.py: Invarianten ok
5820,k10_regression_shield,14,PASS,Regressionsschild intakt
5821,k1_first_run_path,11,PASS,Erststartpfad ok
5822,k2_booking_lifecycle,11,PASS,Lebenszyklus ok
5823,k3_bundle_roundtrip,5,PASS,Bundle-Rundlauf ok
5824,k4_guide_coverage,10,PASS,de-Guide deckt Kernfunktionen
5825,k5_help_wiki,11,PASS,Wiki-Topic ok
5826,k6_text_quality,194,PASS,de: 40 Werte sauber
5827,k7_update_path,6,PASS,Update-Pfad ok
5828,k8_key_discipline,66,PASS,Schluesseldisziplin ok
5829,k9_dialog_invariants,7,PASS,savings_goals_dialog.py: Invarianten ok
5830,k10_regression_shield,14,PASS,Regressionsschild intakt
5831,k1_first_run_path,11,PASS,Erststartpfad ok
5832,k2_booking_lifecycle,11,PASS,Lebenszyklus ok
5833,k3_bundle_roundtrip,5,PASS,Bundle-Rundlauf ok
5834,k4_guide_coverage,10,PASS,en-Guide deckt Kernfunktionen
5835,k5_help_wiki,11,PASS,Wiki-Topic ok
5836,k6_text_quality,200,PASS,en: 40 Werte sauber
5837,k7_update_path,6,PASS,Update-Pfad ok
5838,k8_key_discipline,65,PASS,Schluesseldisziplin ok
5839,k9_dialog_invariants,3,PASS,setup_assistant_dialog.py: Invarianten ok
5840,k10_regression_shield,14,PASS,Regressionsschild intakt
5841,k1_first_run_path,11,PASS,Erststartpfad ok
5842,k2_booking_lifecycle,11,PASS,Lebenszyklus ok
5843,k3_bundle_roundtrip,5,PASS,Bundle-Rundlauf ok
5844,k4_guide_coverage,10,PASS,fr-Guide deckt Kernfunktionen
5845,k5_help_wiki,11,PASS,Wiki-Topic ok
5846,k6_text_quality,200,PASS,fr: 40 Werte sauber
5847,k7_update_path,6,PASS,Update-Pfad ok
5848,k8_key_discipline,60,PASS,Schluesseldisziplin ok
5849,k9_dialog_invariants,3,PASS,shortcuts_dialog.py: Invarianten ok
5850,k10_regression_shield,14,PASS,Regressionsschild intakt
5851,k1_first_run_path,11,PASS,Erststartpfad ok
5852,k2_booking_lifecycle,11,PASS,Lebenszyklus ok
5853,k3_bundle_roundtrip,5,PASS,Bundle-Rundlauf ok
5854,k4_guide_coverage,10,PASS,de-Guide deckt Kernfunktionen
5855,k5_help_wiki,11,PASS,Wiki-Topic ok
5856,k6_text_quality,200,PASS,de: 40 Werte sauber
5857,k7_update_path,6,PASS,Update-Pfad ok
5858,k8_key_discipline,60,PASS,Schluesseldisziplin ok
5859,k9_dialog_invariants,3,PASS,special_income_dialog.py: Invarianten ok
5860,k10_regression_shield,14,PASS,Regressionsschild intakt
5861,k1_first_run_path,11,PASS,Erststartpfad ok
5862,k2_booking_lifecycle,11,PASS,Lebenszyklus ok
5863,k3_bundle_roundtrip,5,PASS,Bundle-Rundlauf ok
5864,k4_guide_coverage,10,PASS,en-Guide deckt Kernfunktionen
5865,k5_help_wiki,11,PASS,Wiki-Topic ok
5866,k6_text_quality,200,PASS,en: 40 Werte sauber
5867,k7_update_path,6,PASS,Update-Pfad ok
5868,k8_key_discipline,60,PASS,Schluesseldisziplin ok
5869,k9_dialog_invariants,3,PASS,startup_wizard.py: Invarianten ok
5870,k10_regression_shield,14,PASS,Regressionsschild intakt
5871,k1_first_run_path,11,PASS,Erststartpfad ok
5872,k2_booking_lifecycle,11,PASS,Lebenszyklus ok
5873,k3_bundle_roundtrip,5,PASS,Bundle-Rundlauf ok
5874,k4_guide_coverage,10,PASS,fr-Guide deckt Kernfunktionen
5875,k5_help_wiki,11,PASS,Wiki-Topic ok
5876,k6_text_quality,200,PASS,fr: 40 Werte sauber
5877,k7_update_path,6,PASS,Update-Pfad ok
5878,k8_key_discipline,61,PASS,Schluesseldisziplin ok
5879,k9_dialog_invariants,3,PASS,tags_manager_dialog.py: Invarianten ok
5880,k10_regression_shield,14,PASS,Regressionsschild intakt
5881,k1_first_run_path,11,PASS,Erststartpfad ok
5882,k2_booking_lifecycle,11,PASS,Lebenszyklus ok
5883,k3_bundle_roundtrip,5,PASS,Bundle-Rundlauf ok
5884,k4_guide_coverage,10,PASS,de-Guide deckt Kernfunktionen
5885,k5_help_wiki,11,PASS,Wiki-Topic ok
5886,k6_text_quality,200,PASS,de: 40 Werte sauber
5887,k7_update_path,6,PASS,Update-Pfad ok
5888,k8_key_discipline,60,PASS,Schluesseldisziplin ok
5889,k9_dialog_invariants,3,PASS,theme_editor_dialog.py: Invarianten ok
5890,k10_regression_shield,14,PASS,Regressionsschild intakt
5891,k1_first_run_path,11,PASS,Erststartpfad ok
5892,k2_booking_lifecycle,11,PASS,Lebenszyklus ok
5893,k3_bundle_roundtrip,5,PASS,Bundle-Rundlauf ok
5894,k4_guide_coverage,10,PASS,en-Guide deckt Kernfunktionen
5895,k5_help_wiki,11,PASS,Wiki-Topic ok
5896,k6_text_quality,194,PASS,en: 40 Werte sauber
5897,k7_update_path,6,PASS,Update-Pfad ok
5898,k8_key_discipline,66,PASS,Schluesseldisziplin ok
5899,k9_dialog_invariants,1,PASS,type_color_helper.py: Invarianten ok
5900,k10_regression_shield,14,PASS,Regressionsschild intakt
5901,k1_first_run_path,11,PASS,Erststartpfad ok
5902,k2_booking_lifecycle,11,PASS,Lebenszyklus ok
5903,k3_bundle_roundtrip,5,PASS,Bundle-Rundlauf ok
5904,k4_guide_coverage,10,PASS,fr-Guide deckt Kernfunktionen
5905,k5_help_wiki,11,PASS,Wiki-Topic ok
5906,k6_text_quality,191,PASS,fr: 40 Werte sauber
5907,k7_update_path,6,PASS,Update-Pfad ok
5908,k8_key_discipline,68,PASS,Schluesseldisziplin ok
5909,k9_dialog_invariants,1,PASS,ui_colors.py: Invarianten ok
5910,k10_regression_shield,14,PASS,Regressionsschild intakt
5911,k1_first_run_path,11,PASS,Erststartpfad ok
5912,k2_booking_lifecycle,11,PASS,Lebenszyklus ok
5913,k3_bundle_roundtrip,5,PASS,Bundle-Rundlauf ok
5914,k4_guide_coverage,10,PASS,de-Guide deckt Kernfunktionen
5915,k5_help_wiki,11,PASS,Wiki-Topic ok
5916,k6_text_quality,185,PASS,de: 40 Werte sauber
5917,k7_update_path,6,PASS,Update-Pfad ok
5918,k8_key_discipline,62,PASS,Schluesseldisziplin ok
5919,k9_dialog_invariants,3,PASS,update_dialog.py: Invarianten ok
5920,k10_regression_shield,14,PASS,Regressionsschild intakt
5921,k1_first_run_path,11,PASS,Erststartpfad ok
5922,k2_booking_lifecycle,11,PASS,Lebenszyklus ok
5923,k3_bundle_roundtrip,5,PASS,Bundle-Rundlauf ok
5924,k4_guide_coverage,10,PASS,en-Guide deckt Kernfunktionen
5925,k5_help_wiki,11,PASS,Wiki-Topic ok
5926,k6_text_quality,200,PASS,en: 40 Werte sauber
5927,k7_update_path,6,PASS,Update-Pfad ok
5928,k8_key_discipline,70,PASS,Schluesseldisziplin ok
5929,k9_dialog_invariants,1,PASS,account_data_hub.py: Invarianten ok
5930,k10_regression_shield,14,PASS,Regressionsschild intakt
5931,k1_first_run_path,11,PASS,Erststartpfad ok
5932,k2_booking_lifecycle,11,PASS,Lebenszyklus ok
5933,k3_bundle_roundtrip,5,PASS,Bundle-Rundlauf ok
5934,k4_guide_coverage,10,PASS,fr-Guide deckt Kernfunktionen
5935,k5_help_wiki,11,PASS,Wiki-Topic ok
5936,k6_text_quality,197,PASS,fr: 40 Werte sauber
5937,k7_update_path,6,PASS,Update-Pfad ok
5938,k8_key_discipline,60,PASS,Schluesseldisziplin ok
5939,k9_dialog_invariants,3,PASS,account_management_dialog.py: Invarianten ok
5940,k10_regression_shield,14,PASS,Regressionsschild intakt
5941,k1_first_run_path,11,PASS,Erststartpfad ok
5942,k2_booking_lifecycle,11,PASS,Lebenszyklus ok
5943,k3_bundle_roundtrip,5,PASS,Bundle-Rundlauf ok
5944,k4_guide_coverage,10,PASS,de-Guide deckt Kernfunktionen
5945,k5_help_wiki,11,PASS,Wiki-Topic ok
5946,k6_text_quality,191,PASS,de: 40 Werte sauber
5947,k7_update_path,6,PASS,Update-Pfad ok
5948,k8_key_discipline,60,PASS,Schluesseldisziplin ok
5949,k9_dialog_invariants,3,PASS,backup_restore_dialog.py: Invarianten ok
5950,k10_regression_shield,14,PASS,Regressionsschild intakt
5951,k1_first_run_path,11,PASS,Erststartpfad ok
5952,k2_booking_lifecycle,11,PASS,Lebenszyklus ok
5953,k3_bundle_roundtrip,5,PASS,Bundle-Rundlauf ok
5954,k4_guide_coverage,10,PASS,en-Guide deckt Kernfunktionen
5955,k5_help_wiki,11,PASS,Wiki-Topic ok
5956,k6_text_quality,200,PASS,en: 40 Werte sauber
5957,k7_update_path,6,PASS,Update-Pfad ok
5958,k8_key_discipline,60,PASS,Schluesseldisziplin ok
5959,k9_dialog_invariants,5,PASS,budget_adjustment_dialog.py: Invarianten ok
5960,k10_regression_shield,14,PASS,Regressionsschild intakt
5961,k1_first_run_path,11,PASS,Erststartpfad ok
5962,k2_booking_lifecycle,11,PASS,Lebenszyklus ok
5963,k3_bundle_roundtrip,5,PASS,Bundle-Rundlauf ok
5964,k4_guide_coverage,10,PASS,fr-Guide deckt Kernfunktionen
5965,k5_help_wiki,11,PASS,Wiki-Topic ok
5966,k6_text_quality,197,PASS,fr: 40 Werte sauber
5967,k7_update_path,6,PASS,Update-Pfad ok
5968,k8_key_discipline,65,PASS,Schluesseldisziplin ok
5969,k9_dialog_invariants,5,PASS,budget_entry_dialog_extended.py: Invarianten ok
5970,k10_regression_shield,14,PASS,Regressionsschild intakt
5971,k1_first_run_path,11,PASS,Erststartpfad ok
5972,k2_booking_lifecycle,11,PASS,Lebenszyklus ok
5973,k3_bundle_roundtrip,5,PASS,Bundle-Rundlauf ok
5974,k4_guide_coverage,10,PASS,de-Guide deckt Kernfunktionen
5975,k5_help_wiki,11,PASS,Wiki-Topic ok
5976,k6_text_quality,200,PASS,de: 40 Werte sauber
5977,k7_update_path,6,PASS,Update-Pfad ok
5978,k8_key_discipline,60,PASS,Schluesseldisziplin ok
5979,k9_dialog_invariants,3,PASS,budget_fill_dialog.py: Invarianten ok
5980,k10_regression_shield,14,PASS,Regressionsschild intakt
5981,k1_first_run_path,11,PASS,Erststartpfad ok
5982,k2_booking_lifecycle,11,PASS,Lebenszyklus ok
5983,k3_bundle_roundtrip,5,PASS,Bundle-Rundlauf ok
5984,k4_guide_coverage,10,PASS,en-Guide deckt Kernfunktionen
5985,k5_help_wiki,11,PASS,Wiki-Topic ok
5986,k6_text_quality,197,PASS,en: 40 Werte sauber
5987,k7_update_path,6,PASS,Update-Pfad ok
5988,k8_key_discipline,62,PASS,Schluesseldisziplin ok
5989,k9_dialog_invariants,3,PASS,category_delete_dialog.py: Invarianten ok
5990,k10_regression_shield,14,PASS,Regressionsschild intakt
5991,k1_first_run_path,11,PASS,Erststartpfad ok
5992,k2_booking_lifecycle,11,PASS,Lebenszyklus ok
5993,k3_bundle_roundtrip,5,PASS,Bundle-Rundlauf ok
5994,k4_guide_coverage,10,PASS,fr-Guide deckt Kernfunktionen
5995,k5_help_wiki,11,PASS,Wiki-Topic ok
5996,k6_text_quality,200,PASS,fr: 40 Werte sauber
5997,k7_update_path,6,PASS,Update-Pfad ok
5998,k8_key_discipline,60,PASS,Schluesseldisziplin ok
5999,k9_dialog_invariants,1,PASS,category_excel_io.py: Invarianten ok
6000,k10_regression_shield,14,PASS,Regressionsschild intakt
6001,k1_first_run_path,11,PASS,Erststartpfad ok
6002,k2_booking_lifecycle,11,PASS,Lebenszyklus ok
6003,k3_bundle_roundtrip,5,PASS,Bundle-Rundlauf ok
6004,k4_guide_coverage,10,PASS,de-Guide deckt Kernfunktionen
6005,k5_help_wiki,11,PASS,Wiki-Topic ok
6006,k6_text_quality,197,PASS,de: 40 Werte sauber
6007,k7_update_path,6,PASS,Update-Pfad ok
6008,k8_key_discipline,62,PASS,Schluesseldisziplin ok
6009,k9_dialog_invariants,3,PASS,category_manager_dialog.py: Invarianten ok
6010,k10_regression_shield,14,PASS,Regressionsschild intakt
6011,k1_first_run_path,11,PASS,Erststartpfad ok
6012,k2_booking_lifecycle,11,PASS,Lebenszyklus ok
6013,k3_bundle_roundtrip,5,PASS,Bundle-Rundlauf ok
6014,k4_guide_coverage,10,PASS,en-Guide deckt Kernfunktionen
6015,k5_help_wiki,11,PASS,Wiki-Topic ok
6016,k6_text_quality,185,PASS,en: 40 Werte sauber
6017,k7_update_path,6,PASS,Update-Pfad ok
6018,k8_key_discipline,60,PASS,Schluesseldisziplin ok
6019,k9_dialog_invariants,1,PASS,category_picker.py: Invarianten ok
6020,k10_regression_shield,14,PASS,Regressionsschild intakt
6021,k1_first_run_path,11,PASS,Erststartpfad ok
6022,k2_booking_lifecycle,11,PASS,Lebenszyklus ok
6023,k3_bundle_roundtrip,5,PASS,Bundle-Rundlauf ok
6024,k4_guide_coverage,10,PASS,fr-Guide deckt Kernfunktionen
6025,k5_help_wiki,11,PASS,Wiki-Topic ok
6026,k6_text_quality,197,PASS,fr: 40 Werte sauber
6027,k7_update_path,6,PASS,Update-Pfad ok
6028,k8_key_discipline,61,PASS,Schluesseldisziplin ok
6029,k9_dialog_invariants,7,PASS,category_properties_dialog.py: Invarianten ok
6030,k10_regression_shield,14,PASS,Regressionsschild intakt
6031,k1_first_run_path,11,PASS,Erststartpfad ok
6032,k2_booking_lifecycle,11,PASS,Lebenszyklus ok
6033,k3_bundle_roundtrip,5,PASS,Bundle-Rundlauf ok
6034,k4_guide_coverage,10,PASS,de-Guide deckt Kernfunktionen
6035,k5_help_wiki,11,PASS,Wiki-Topic ok
6036,k6_text_quality,200,PASS,de: 40 Werte sauber
6037,k7_update_path,6,PASS,Update-Pfad ok
6038,k8_key_discipline,61,PASS,Schluesseldisziplin ok
6039,k9_dialog_invariants,3,PASS,copy_year_dialog.py: Invarianten ok
6040,k10_regression_shield,14,PASS,Regressionsschild intakt
6041,k1_first_run_path,11,PASS,Erststartpfad ok
6042,k2_booking_lifecycle,11,PASS,Lebenszyklus ok
6043,k3_bundle_roundtrip,5,PASS,Bundle-Rundlauf ok
6044,k4_guide_coverage,10,PASS,en-Guide deckt Kernfunktionen
6045,k5_help_wiki,11,PASS,Wiki-Topic ok
6046,k6_text_quality,200,PASS,en: 40 Werte sauber
6047,k7_update_path,6,PASS,Update-Pfad ok
6048,k8_key_discipline,60,PASS,Schluesseldisziplin ok
6049,k9_dialog_invariants,3,PASS,database_management_dialog.py: Invarianten ok
6050,k10_regression_shield,14,PASS,Regressionsschild intakt
6051,k1_first_run_path,11,PASS,Erststartpfad ok
6052,k2_booking_lifecycle,11,PASS,Lebenszyklus ok
6053,k3_bundle_roundtrip,5,PASS,Bundle-Rundlauf ok
6054,k4_guide_coverage,10,PASS,fr-Guide deckt Kernfunktionen
6055,k5_help_wiki,11,PASS,Wiki-Topic ok
6056,k6_text_quality,197,PASS,fr: 40 Werte sauber
6057,k7_update_path,6,PASS,Update-Pfad ok
6058,k8_key_discipline,60,PASS,Schluesseldisziplin ok
6059,k9_dialog_invariants,3,PASS,export_dialog.py: Invarianten ok
6060,k10_regression_shield,14,PASS,Regressionsschild intakt
6061,k1_first_run_path,11,PASS,Erststartpfad ok
6062,k2_booking_lifecycle,11,PASS,Lebenszyklus ok
6063,k3_bundle_roundtrip,5,PASS,Bundle-Rundlauf ok
6064,k4_guide_coverage,10,PASS,de-Guide deckt Kernfunktionen
6065,k5_help_wiki,11,PASS,Wiki-Topic ok
6066,k6_text_quality,200,PASS,de: 40 Werte sauber
6067,k7_update_path,6,PASS,Update-Pfad ok
6068,k8_key_discipline,60,PASS,Schluesseldisziplin ok
6069,k9_dialog_invariants,3,PASS,favorites_dashboard_dialog.py: Invarianten ok
6070,k10_regression_shield,14,PASS,Regressionsschild intakt
6071,k1_first_run_path,11,PASS,Erststartpfad ok
6072,k2_booking_lifecycle,11,PASS,Lebenszyklus ok
6073,k3_bundle_roundtrip,5,PASS,Bundle-Rundlauf ok
6074,k4_guide_coverage,10,PASS,en-Guide deckt Kernfunktionen
6075,k5_help_wiki,11,PASS,Wiki-Topic ok
6076,k6_text_quality,200,PASS,en: 40 Werte sauber
6077,k7_update_path,6,PASS,Update-Pfad ok
6078,k8_key_discipline,60,PASS,Schluesseldisziplin ok
6079,k9_dialog_invariants,3,PASS,global_search_dialog.py: Invarianten ok
6080,k10_regression_shield,14,PASS,Regressionsschild intakt
6081,k1_first_run_path,11,PASS,Erststartpfad ok
6082,k2_booking_lifecycle,11,PASS,Lebenszyklus ok
6083,k3_bundle_roundtrip,5,PASS,Bundle-Rundlauf ok
6084,k4_guide_coverage,10,PASS,fr-Guide deckt Kernfunktionen
6085,k5_help_wiki,11,PASS,Wiki-Topic ok
6086,k6_text_quality,200,PASS,fr: 40 Werte sauber
6087,k7_update_path,6,PASS,Update-Pfad ok
6088,k8_key_discipline,62,PASS,Schluesseldisziplin ok
6089,k9_dialog_invariants,1,PASS,help_content.py: Invarianten ok
6090,k10_regression_shield,14,PASS,Regressionsschild intakt
6091,k1_first_run_path,11,PASS,Erststartpfad ok
6092,k2_booking_lifecycle,11,PASS,Lebenszyklus ok
6093,k3_bundle_roundtrip,5,PASS,Bundle-Rundlauf ok
6094,k4_guide_coverage,10,PASS,de-Guide deckt Kernfunktionen
6095,k5_help_wiki,11,PASS,Wiki-Topic ok
6096,k6_text_quality,188,PASS,de: 40 Werte sauber
6097,k7_update_path,6,PASS,Update-Pfad ok
6098,k8_key_discipline,68,PASS,Schluesseldisziplin ok
6099,k9_dialog_invariants,3,PASS,help_dialog.py: Invarianten ok
6100,k10_regression_shield,14,PASS,Regressionsschild intakt
6101,k1_first_run_path,11,PASS,Erststartpfad ok
6102,k2_booking_lifecycle,11,PASS,Lebenszyklus ok
6103,k3_bundle_roundtrip,5,PASS,Bundle-Rundlauf ok
6104,k4_guide_coverage,10,PASS,en-Guide deckt Kernfunktionen
6105,k5_help_wiki,11,PASS,Wiki-Topic ok
6106,k6_text_quality,197,PASS,en: 40 Werte sauber
6107,k7_update_path,6,PASS,Update-Pfad ok
6108,k8_key_discipline,62,PASS,Schluesseldisziplin ok
6109,k9_dialog_invariants,3,PASS,language_select_dialog.py: Invarianten ok
6110,k10_regression_shield,14,PASS,Regressionsschild intakt
6111,k1_first_run_path,11,PASS,Erststartpfad ok
6112,k2_booking_lifecycle,11,PASS,Lebenszyklus ok
6113,k3_bundle_roundtrip,5,PASS,Bundle-Rundlauf ok
6114,k4_guide_coverage,10,PASS,fr-Guide deckt Kernfunktionen
6115,k5_help_wiki,11,PASS,Wiki-Topic ok
6116,k6_text_quality,194,PASS,fr: 40 Werte sauber
6117,k7_update_path,6,PASS,Update-Pfad ok
6118,k8_key_discipline,61,PASS,Schluesseldisziplin ok
6119,k9_dialog_invariants,7,PASS,login_dialog.py: Invarianten ok
6120,k10_regression_shield,14,PASS,Regressionsschild intakt
6121,k1_first_run_path,11,PASS,Erststartpfad ok
6122,k2_booking_lifecycle,11,PASS,Lebenszyklus ok
6123,k3_bundle_roundtrip,5,PASS,Bundle-Rundlauf ok
6124,k4_guide_coverage,10,PASS,de-Guide deckt Kernfunktionen
6125,k5_help_wiki,11,PASS,Wiki-Topic ok
6126,k6_text_quality,200,PASS,de: 40 Werte sauber
6127,k7_update_path,6,PASS,Update-Pfad ok
6128,k8_key_discipline,60,PASS,Schluesseldisziplin ok
6129,k9_dialog_invariants,5,PASS,main_window.py: Invarianten ok
6130,k10_regression_shield,14,PASS,Regressionsschild intakt
6131,k1_first_run_path,11,PASS,Erststartpfad ok
6132,k2_booking_lifecycle,11,PASS,Lebenszyklus ok
6133,k3_bundle_roundtrip,5,PASS,Bundle-Rundlauf ok
6134,k4_guide_coverage,10,PASS,en-Guide deckt Kernfunktionen
6135,k5_help_wiki,11,PASS,Wiki-Topic ok
6136,k6_text_quality,200,PASS,en: 40 Werte sauber
6137,k7_update_path,6,PASS,Update-Pfad ok
6138,k8_key_discipline,60,PASS,Schluesseldisziplin ok
6139,k9_dialog_invariants,3,PASS,month_close_dialog.py: Invarianten ok
6140,k10_regression_shield,14,PASS,Regressionsschild intakt
6141,k1_first_run_path,11,PASS,Erststartpfad ok
6142,k2_booking_lifecycle,11,PASS,Lebenszyklus ok
6143,k3_bundle_roundtrip,5,PASS,Bundle-Rundlauf ok
6144,k4_guide_coverage,10,PASS,fr-Guide deckt Kernfunktionen
6145,k5_help_wiki,11,PASS,Wiki-Topic ok
6146,k6_text_quality,200,PASS,fr: 40 Werte sauber
6147,k7_update_path,6,PASS,Update-Pfad ok
6148,k8_key_discipline,60,PASS,Schluesseldisziplin ok
6149,k9_dialog_invariants,3,PASS,quick_add_dialog.py: Invarianten ok
6150,k10_regression_shield,14,PASS,Regressionsschild intakt
6151,k1_first_run_path,11,PASS,Erststartpfad ok
6152,k2_booking_lifecycle,11,PASS,Lebenszyklus ok
6153,k3_bundle_roundtrip,5,PASS,Bundle-Rundlauf ok
6154,k4_guide_coverage,10,PASS,de-Guide deckt Kernfunktionen
6155,k5_help_wiki,11,PASS,Wiki-Topic ok
6156,k6_text_quality,176,PASS,de: 40 Werte sauber
6157,k7_update_path,6,PASS,Update-Pfad ok
6158,k8_key_discipline,60,PASS,Schluesseldisziplin ok
6159,k9_dialog_invariants,1,PASS,reauth.py: Invarianten ok
6160,k10_regression_shield,14,PASS,Regressionsschild intakt
6161,k1_first_run_path,11,PASS,Erststartpfad ok
6162,k2_booking_lifecycle,11,PASS,Lebenszyklus ok
6163,k3_bundle_roundtrip,5,PASS,Bundle-Rundlauf ok
6164,k4_guide_coverage,10,PASS,en-Guide deckt Kernfunktionen
6165,k5_help_wiki,11,PASS,Wiki-Topic ok
6166,k6_text_quality,188,PASS,en: 40 Werte sauber
6167,k7_update_path,6,PASS,Update-Pfad ok
6168,k8_key_discipline,71,PASS,Schluesseldisziplin ok
6169,k9_dialog_invariants,3,PASS,recurring_bookings_dialog.py: Invarianten ok
6170,k10_regression_shield,14,PASS,Regressionsschild intakt
6171,k1_first_run_path,11,PASS,Erststartpfad ok
6172,k2_booking_lifecycle,11,PASS,Lebenszyklus ok
6173,k3_bundle_roundtrip,5,PASS,Bundle-Rundlauf ok
6174,k4_guide_coverage,10,PASS,fr-Guide deckt Kernfunktionen
6175,k5_help_wiki,11,PASS,Wiki-Topic ok
6176,k6_text_quality,191,PASS,fr: 40 Werte sauber
6177,k7_update_path,6,PASS,Update-Pfad ok
6178,k8_key_discipline,70,PASS,Schluesseldisziplin ok
6179,k9_dialog_invariants,3,PASS,restore_key_dialog.py: Invarianten ok
6180,k10_regression_shield,14,PASS,Regressionsschild intakt
6181,k1_first_run_path,11,PASS,Erststartpfad ok
6182,k2_booking_lifecycle,11,PASS,Lebenszyklus ok
6183,k3_bundle_roundtrip,5,PASS,Bundle-Rundlauf ok
6184,k4_guide_coverage,10,PASS,de-Guide deckt Kernfunktionen
6185,k5_help_wiki,11,PASS,Wiki-Topic ok
6186,k6_text_quality,191,PASS,de: 40 Werte sauber
6187,k7_update_path,6,PASS,Update-Pfad ok
6188,k8_key_discipline,60,PASS,Schluesseldisziplin ok
6189,k9_dialog_invariants,1,PASS,savings_goal_messages.py: Invarianten ok
6190,k10_regression_shield,14,PASS,Regressionsschild intakt
6191,k1_first_run_path,11,PASS,Erststartpfad ok
6192,k2_booking_lifecycle,11,PASS,Lebenszyklus ok
6193,k3_bundle_roundtrip,5,PASS,Bundle-Rundlauf ok
6194,k4_guide_coverage,10,PASS,en-Guide deckt Kernfunktionen
6195,k5_help_wiki,11,PASS,Wiki-Topic ok
6196,k6_text_quality,200,PASS,en: 40 Werte sauber
6197,k7_update_path,6,PASS,Update-Pfad ok
6198,k8_key_discipline,60,PASS,Schluesseldisziplin ok
6199,k9_dialog_invariants,7,PASS,savings_goals_dialog.py: Invarianten ok
6200,k10_regression_shield,14,PASS,Regressionsschild intakt
6201,k1_first_run_path,11,PASS,Erststartpfad ok
6202,k2_booking_lifecycle,11,PASS,Lebenszyklus ok
6203,k3_bundle_roundtrip,5,PASS,Bundle-Rundlauf ok
6204,k4_guide_coverage,10,PASS,fr-Guide deckt Kernfunktionen
6205,k5_help_wiki,11,PASS,Wiki-Topic ok
6206,k6_text_quality,200,PASS,fr: 40 Werte sauber
6207,k7_update_path,6,PASS,Update-Pfad ok
6208,k8_key_discipline,61,PASS,Schluesseldisziplin ok
6209,k9_dialog_invariants,3,PASS,setup_assistant_dialog.py: Invarianten ok
6210,k10_regression_shield,14,PASS,Regressionsschild intakt
6211,k1_first_run_path,11,PASS,Erststartpfad ok
6212,k2_booking_lifecycle,11,PASS,Lebenszyklus ok
6213,k3_bundle_roundtrip,5,PASS,Bundle-Rundlauf ok
6214,k4_guide_coverage,10,PASS,de-Guide deckt Kernfunktionen
6215,k5_help_wiki,11,PASS,Wiki-Topic ok
6216,k6_text_quality,200,PASS,de: 40 Werte sauber
6217,k7_update_path,6,PASS,Update-Pfad ok
6218,k8_key_discipline,78,PASS,Schluesseldisziplin ok
6219,k9_dialog_invariants,3,PASS,shortcuts_dialog.py: Invarianten ok
6220,k10_regression_shield,14,PASS,Regressionsschild intakt
6221,k1_first_run_path,11,PASS,Erststartpfad ok
6222,k2_booking_lifecycle,11,PASS,Lebenszyklus ok
6223,k3_bundle_roundtrip,5,PASS,Bundle-Rundlauf ok
6224,k4_guide_coverage,10,PASS,en-Guide deckt Kernfunktionen
6225,k5_help_wiki,11,PASS,Wiki-Topic ok
6226,k6_text_quality,200,PASS,en: 40 Werte sauber
6227,k7_update_path,6,PASS,Update-Pfad ok
6228,k8_key_discipline,58,PASS,Schluesseldisziplin ok
6229,k9_dialog_invariants,3,PASS,special_income_dialog.py: Invarianten ok
6230,k10_regression_shield,14,PASS,Regressionsschild intakt
6231,k1_first_run_path,11,PASS,Erststartpfad ok
6232,k2_booking_lifecycle,11,PASS,Lebenszyklus ok
6233,k3_bundle_roundtrip,5,PASS,Bundle-Rundlauf ok
6234,k4_guide_coverage,10,PASS,fr-Guide deckt Kernfunktionen
6235,k5_help_wiki,11,PASS,Wiki-Topic ok
6236,k6_text_quality,200,PASS,fr: 40 Werte sauber
6237,k7_update_path,6,PASS,Update-Pfad ok
6238,k8_key_discipline,17,PASS,Schluesseldisziplin ok
6239,k9_dialog_invariants,3,PASS,startup_wizard.py: Invarianten ok
6240,k10_regression_shield,14,PASS,Regressionsschild intakt
6241,k1_first_run_path,11,PASS,Erststartpfad ok
6242,k2_booking_lifecycle,11,PASS,Lebenszyklus ok
6243,k3_bundle_roundtrip,5,PASS,Bundle-Rundlauf ok
6244,k4_guide_coverage,10,PASS,de-Guide deckt Kernfunktionen
6245,k5_help_wiki,11,PASS,Wiki-Topic ok
6246,k6_text_quality,200,PASS,de: 40 Werte sauber
6247,k7_update_path,6,PASS,Update-Pfad ok
6248,k8_key_discipline,60,PASS,Schluesseldisziplin ok
6249,k9_dialog_invariants,3,PASS,tags_manager_dialog.py: Invarianten ok
6250,k10_regression_shield,14,PASS,Regressionsschild intakt
6251,k1_first_run_path,11,PASS,Erststartpfad ok
6252,k2_booking_lifecycle,11,PASS,Lebenszyklus ok
6253,k3_bundle_roundtrip,5,PASS,Bundle-Rundlauf ok
6254,k4_guide_coverage,10,PASS,en-Guide deckt Kernfunktionen
6255,k5_help_wiki,11,PASS,Wiki-Topic ok
6256,k6_text_quality,25,PASS,en: 5 Werte sauber
6257,k7_update_path,6,PASS,Update-Pfad ok
6258,k8_key_discipline,60,PASS,Schluesseldisziplin ok
6259,k9_dialog_invariants,3,PASS,theme_editor_dialog.py: Invarianten ok
6260,k10_regression_shield,14,PASS,Regressionsschild intakt
6261,k1_first_run_path,11,PASS,Erststartpfad ok
6262,k2_booking_lifecycle,11,PASS,Lebenszyklus ok
6263,k3_bundle_roundtrip,5,PASS,Bundle-Rundlauf ok
6264,k4_guide_coverage,10,PASS,fr-Guide deckt Kernfunktionen
6265,k5_help_wiki,11,PASS,Wiki-Topic ok
6266,k6_text_quality,200,PASS,fr: 40 Werte sauber
6267,k7_update_path,6,PASS,Update-Pfad ok
6268,k8_key_discipline,60,PASS,Schluesseldisziplin ok
6269,k9_dialog_invariants,1,PASS,type_color_helper.py: Invarianten ok
6270,k10_regression_shield,14,PASS,Regressionsschild intakt
6271,k1_first_run_path,11,PASS,Erststartpfad ok
6272,k2_booking_lifecycle,11,PASS,Lebenszyklus ok
6273,k3_bundle_roundtrip,5,PASS,Bundle-Rundlauf ok
6274,k4_guide_coverage,10,PASS,de-Guide deckt Kernfunktionen
6275,k5_help_wiki,11,PASS,Wiki-Topic ok
6276,k6_text_quality,194,PASS,de: 40 Werte sauber
6277,k7_update_path,6,PASS,Update-Pfad ok
6278,k8_key_discipline,60,PASS,Schluesseldisziplin ok
6279,k9_dialog_invariants,1,PASS,ui_colors.py: Invarianten ok
6280,k10_regression_shield,14,PASS,Regressionsschild intakt
6281,k1_first_run_path,11,PASS,Erststartpfad ok
6282,k2_booking_lifecycle,11,PASS,Lebenszyklus ok
6283,k3_bundle_roundtrip,5,PASS,Bundle-Rundlauf ok
6284,k4_guide_coverage,10,PASS,en-Guide deckt Kernfunktionen
6285,k5_help_wiki,11,PASS,Wiki-Topic ok
6286,k6_text_quality,194,PASS,en: 40 Werte sauber
6287,k7_update_path,6,PASS,Update-Pfad ok
6288,k8_key_discipline,60,PASS,Schluesseldisziplin ok
6289,k9_dialog_invariants,3,PASS,update_dialog.py: Invarianten ok
6290,k10_regression_shield,14,PASS,Regressionsschild intakt
6291,k1_first_run_path,11,PASS,Erststartpfad ok
6292,k2_booking_lifecycle,11,PASS,Lebenszyklus ok
6293,k3_bundle_roundtrip,5,PASS,Bundle-Rundlauf ok
6294,k4_guide_coverage,10,PASS,fr-Guide deckt Kernfunktionen
6295,k5_help_wiki,11,PASS,Wiki-Topic ok
6296,k6_text_quality,179,PASS,fr: 40 Werte sauber
6297,k7_update_path,6,PASS,Update-Pfad ok
6298,k8_key_discipline,60,PASS,Schluesseldisziplin ok
6299,k9_dialog_invariants,1,PASS,account_data_hub.py: Invarianten ok
6300,k10_regression_shield,14,PASS,Regressionsschild intakt
6301,k1_first_run_path,11,PASS,Erststartpfad ok
6302,k2_booking_lifecycle,11,PASS,Lebenszyklus ok
6303,k3_bundle_roundtrip,5,PASS,Bundle-Rundlauf ok
6304,k4_guide_coverage,10,PASS,de-Guide deckt Kernfunktionen
6305,k5_help_wiki,11,PASS,Wiki-Topic ok
6306,k6_text_quality,194,PASS,de: 40 Werte sauber
6307,k7_update_path,6,PASS,Update-Pfad ok
6308,k8_key_discipline,65,PASS,Schluesseldisziplin ok
6309,k9_dialog_invariants,3,PASS,account_management_dialog.py: Invarianten ok
6310,k10_regression_shield,14,PASS,Regressionsschild intakt
6311,k1_first_run_path,11,PASS,Erststartpfad ok
6312,k2_booking_lifecycle,11,PASS,Lebenszyklus ok
6313,k3_bundle_roundtrip,5,PASS,Bundle-Rundlauf ok
6314,k4_guide_coverage,10,PASS,en-Guide deckt Kernfunktionen
6315,k5_help_wiki,11,PASS,Wiki-Topic ok
6316,k6_text_quality,200,PASS,en: 40 Werte sauber
6317,k7_update_path,6,PASS,Update-Pfad ok
6318,k8_key_discipline,66,PASS,Schluesseldisziplin ok
6319,k9_dialog_invariants,3,PASS,backup_restore_dialog.py: Invarianten ok
6320,k10_regression_shield,14,PASS,Regressionsschild intakt
6321,k1_first_run_path,11,PASS,Erststartpfad ok
6322,k2_booking_lifecycle,11,PASS,Lebenszyklus ok
6323,k3_bundle_roundtrip,5,PASS,Bundle-Rundlauf ok
6324,k4_guide_coverage,10,PASS,fr-Guide deckt Kernfunktionen
6325,k5_help_wiki,11,PASS,Wiki-Topic ok
6326,k6_text_quality,191,PASS,fr: 40 Werte sauber
6327,k7_update_path,6,PASS,Update-Pfad ok
6328,k8_key_discipline,65,PASS,Schluesseldisziplin ok
6329,k9_dialog_invariants,5,PASS,budget_adjustment_dialog.py: Invarianten ok
6330,k10_regression_shield,14,PASS,Regressionsschild intakt
6331,k1_first_run_path,11,PASS,Erststartpfad ok
6332,k2_booking_lifecycle,11,PASS,Lebenszyklus ok
6333,k3_bundle_roundtrip,5,PASS,Bundle-Rundlauf ok
6334,k4_guide_coverage,10,PASS,de-Guide deckt Kernfunktionen
6335,k5_help_wiki,11,PASS,Wiki-Topic ok
6336,k6_text_quality,200,PASS,de: 40 Werte sauber
6337,k7_update_path,6,PASS,Update-Pfad ok
6338,k8_key_discipline,60,PASS,Schluesseldisziplin ok
6339,k9_dialog_invariants,5,PASS,budget_entry_dialog_extended.py: Invarianten ok
6340,k10_regression_shield,14,PASS,Regressionsschild intakt
6341,k1_first_run_path,11,PASS,Erststartpfad ok
6342,k2_booking_lifecycle,11,PASS,Lebenszyklus ok
6343,k3_bundle_roundtrip,5,PASS,Bundle-Rundlauf ok
6344,k4_guide_coverage,10,PASS,en-Guide deckt Kernfunktionen
6345,k5_help_wiki,11,PASS,Wiki-Topic ok
6346,k6_text_quality,200,PASS,en: 40 Werte sauber
6347,k7_update_path,6,PASS,Update-Pfad ok
6348,k8_key_discipline,60,PASS,Schluesseldisziplin ok
6349,k9_dialog_invariants,3,PASS,budget_fill_dialog.py: Invarianten ok
6350,k10_regression_shield,14,PASS,Regressionsschild intakt
6351,k1_first_run_path,11,PASS,Erststartpfad ok
6352,k2_booking_lifecycle,11,PASS,Lebenszyklus ok
6353,k3_bundle_roundtrip,5,PASS,Bundle-Rundlauf ok
6354,k4_guide_coverage,10,PASS,fr-Guide deckt Kernfunktionen
6355,k5_help_wiki,11,PASS,Wiki-Topic ok
6356,k6_text_quality,197,PASS,fr: 40 Werte sauber
6357,k7_update_path,6,PASS,Update-Pfad ok
6358,k8_key_discipline,60,PASS,Schluesseldisziplin ok
6359,k9_dialog_invariants,3,PASS,category_delete_dialog.py: Invarianten ok
6360,k10_regression_shield,14,PASS,Regressionsschild intakt
6361,k1_first_run_path,11,PASS,Erststartpfad ok
6362,k2_booking_lifecycle,11,PASS,Lebenszyklus ok
6363,k3_bundle_roundtrip,5,PASS,Bundle-Rundlauf ok
6364,k4_guide_coverage,10,PASS,de-Guide deckt Kernfunktionen
6365,k5_help_wiki,11,PASS,Wiki-Topic ok
6366,k6_text_quality,197,PASS,de: 40 Werte sauber
6367,k7_update_path,6,PASS,Update-Pfad ok
6368,k8_key_discipline,61,PASS,Schluesseldisziplin ok
6369,k9_dialog_invariants,1,PASS,category_excel_io.py: Invarianten ok
6370,k10_regression_shield,14,PASS,Regressionsschild intakt
6371,k1_first_run_path,11,PASS,Erststartpfad ok
6372,k2_booking_lifecycle,11,PASS,Lebenszyklus ok
6373,k3_bundle_roundtrip,5,PASS,Bundle-Rundlauf ok
6374,k4_guide_coverage,10,PASS,en-Guide deckt Kernfunktionen
6375,k5_help_wiki,11,PASS,Wiki-Topic ok
6376,k6_text_quality,200,PASS,en: 40 Werte sauber
6377,k7_update_path,6,PASS,Update-Pfad ok
6378,k8_key_discipline,60,PASS,Schluesseldisziplin ok
6379,k9_dialog_invariants,3,PASS,category_manager_dialog.py: Invarianten ok
6380,k10_regression_shield,14,PASS,Regressionsschild intakt
6381,k1_first_run_path,11,PASS,Erststartpfad ok
6382,k2_booking_lifecycle,11,PASS,Lebenszyklus ok
6383,k3_bundle_roundtrip,5,PASS,Bundle-Rundlauf ok
6384,k4_guide_coverage,10,PASS,fr-Guide deckt Kernfunktionen
6385,k5_help_wiki,11,PASS,Wiki-Topic ok
6386,k6_text_quality,200,PASS,fr: 40 Werte sauber
6387,k7_update_path,6,PASS,Update-Pfad ok
6388,k8_key_discipline,66,PASS,Schluesseldisziplin ok
6389,k9_dialog_invariants,1,PASS,category_picker.py: Invarianten ok
6390,k10_regression_shield,14,PASS,Regressionsschild intakt
6391,k1_first_run_path,11,PASS,Erststartpfad ok
6392,k2_booking_lifecycle,11,PASS,Lebenszyklus ok
6393,k3_bundle_roundtrip,5,PASS,Bundle-Rundlauf ok
6394,k4_guide_coverage,10,PASS,de-Guide deckt Kernfunktionen
6395,k5_help_wiki,11,PASS,Wiki-Topic ok
6396,k6_text_quality,200,PASS,de: 40 Werte sauber
6397,k7_update_path,6,PASS,Update-Pfad ok
6398,k8_key_discipline,68,PASS,Schluesseldisziplin ok
6399,k9_dialog_invariants,7,PASS,category_properties_dialog.py: Invarianten ok
6400,k10_regression_shield,14,PASS,Regressionsschild intakt
6401,k1_first_run_path,11,PASS,Erststartpfad ok
6402,k2_booking_lifecycle,11,PASS,Lebenszyklus ok
6403,k3_bundle_roundtrip,5,PASS,Bundle-Rundlauf ok
6404,k4_guide_coverage,10,PASS,en-Guide deckt Kernfunktionen
6405,k5_help_wiki,11,PASS,Wiki-Topic ok
6406,k6_text_quality,200,PASS,en: 40 Werte sauber
6407,k7_update_path,6,PASS,Update-Pfad ok
6408,k8_key_discipline,62,PASS,Schluesseldisziplin ok
6409,k9_dialog_invariants,3,PASS,copy_year_dialog.py: Invarianten ok
6410,k10_regression_shield,14,PASS,Regressionsschild intakt
6411,k1_first_run_path,11,PASS,Erststartpfad ok
6412,k2_booking_lifecycle,11,PASS,Lebenszyklus ok
6413,k3_bundle_roundtrip,5,PASS,Bundle-Rundlauf ok
6414,k4_guide_coverage,10,PASS,fr-Guide deckt Kernfunktionen
6415,k5_help_wiki,11,PASS,Wiki-Topic ok
6416,k6_text_quality,194,PASS,fr: 40 Werte sauber
6417,k7_update_path,6,PASS,Update-Pfad ok
6418,k8_key_discipline,70,PASS,Schluesseldisziplin ok
6419,k9_dialog_invariants,3,PASS,database_management_dialog.py: Invarianten ok
6420,k10_regression_shield,14,PASS,Regressionsschild intakt
6421,k1_first_run_path,11,PASS,Erststartpfad ok
6422,k2_booking_lifecycle,11,PASS,Lebenszyklus ok
6423,k3_bundle_roundtrip,5,PASS,Bundle-Rundlauf ok
6424,k4_guide_coverage,10,PASS,de-Guide deckt Kernfunktionen
6425,k5_help_wiki,11,PASS,Wiki-Topic ok
6426,k6_text_quality,200,PASS,de: 40 Werte sauber
6427,k7_update_path,6,PASS,Update-Pfad ok
6428,k8_key_discipline,60,PASS,Schluesseldisziplin ok
6429,k9_dialog_invariants,3,PASS,export_dialog.py: Invarianten ok
6430,k10_regression_shield,14,PASS,Regressionsschild intakt
6431,k1_first_run_path,11,PASS,Erststartpfad ok
6432,k2_booking_lifecycle,11,PASS,Lebenszyklus ok
6433,k3_bundle_roundtrip,5,PASS,Bundle-Rundlauf ok
6434,k4_guide_coverage,10,PASS,en-Guide deckt Kernfunktionen
6435,k5_help_wiki,11,PASS,Wiki-Topic ok
6436,k6_text_quality,200,PASS,en: 40 Werte sauber
6437,k7_update_path,6,PASS,Update-Pfad ok
6438,k8_key_discipline,60,PASS,Schluesseldisziplin ok
6439,k9_dialog_invariants,3,PASS,favorites_dashboard_dialog.py: Invarianten ok
6440,k10_regression_shield,14,PASS,Regressionsschild intakt
6441,k1_first_run_path,11,PASS,Erststartpfad ok
6442,k2_booking_lifecycle,11,PASS,Lebenszyklus ok
6443,k3_bundle_roundtrip,5,PASS,Bundle-Rundlauf ok
6444,k4_guide_coverage,10,PASS,fr-Guide deckt Kernfunktionen
6445,k5_help_wiki,11,PASS,Wiki-Topic ok
6446,k6_text_quality,194,PASS,fr: 40 Werte sauber
6447,k7_update_path,6,PASS,Update-Pfad ok
6448,k8_key_discipline,60,PASS,Schluesseldisziplin ok
6449,k9_dialog_invariants,3,PASS,global_search_dialog.py: Invarianten ok
6450,k10_regression_shield,14,PASS,Regressionsschild intakt
6451,k1_first_run_path,11,PASS,Erststartpfad ok
6452,k2_booking_lifecycle,11,PASS,Lebenszyklus ok
6453,k3_bundle_roundtrip,5,PASS,Bundle-Rundlauf ok
6454,k4_guide_coverage,10,PASS,de-Guide deckt Kernfunktionen
6455,k5_help_wiki,11,PASS,Wiki-Topic ok
6456,k6_text_quality,200,PASS,de: 40 Werte sauber
6457,k7_update_path,6,PASS,Update-Pfad ok
6458,k8_key_discipline,65,PASS,Schluesseldisziplin ok
6459,k9_dialog_invariants,1,PASS,help_content.py: Invarianten ok
6460,k10_regression_shield,14,PASS,Regressionsschild intakt
6461,k1_first_run_path,11,PASS,Erststartpfad ok
6462,k2_booking_lifecycle,11,PASS,Lebenszyklus ok
6463,k3_bundle_roundtrip,5,PASS,Bundle-Rundlauf ok
6464,k4_guide_coverage,10,PASS,en-Guide deckt Kernfunktionen
6465,k5_help_wiki,11,PASS,Wiki-Topic ok
6466,k6_text_quality,200,PASS,en: 40 Werte sauber
6467,k7_update_path,6,PASS,Update-Pfad ok
6468,k8_key_discipline,60,PASS,Schluesseldisziplin ok
6469,k9_dialog_invariants,3,PASS,help_dialog.py: Invarianten ok
6470,k10_regression_shield,14,PASS,Regressionsschild intakt
6471,k1_first_run_path,11,PASS,Erststartpfad ok
6472,k2_booking_lifecycle,11,PASS,Lebenszyklus ok
6473,k3_bundle_roundtrip,5,PASS,Bundle-Rundlauf ok
6474,k4_guide_coverage,10,PASS,fr-Guide deckt Kernfunktionen
6475,k5_help_wiki,11,PASS,Wiki-Topic ok
6476,k6_text_quality,200,PASS,fr: 40 Werte sauber
6477,k7_update_path,6,PASS,Update-Pfad ok
6478,k8_key_discipline,62,PASS,Schluesseldisziplin ok
6479,k9_dialog_invariants,3,PASS,language_select_dialog.py: Invarianten ok
6480,k10_regression_shield,14,PASS,Regressionsschild intakt
6481,k1_first_run_path,11,PASS,Erststartpfad ok
6482,k2_booking_lifecycle,11,PASS,Lebenszyklus ok
6483,k3_bundle_roundtrip,5,PASS,Bundle-Rundlauf ok
6484,k4_guide_coverage,10,PASS,de-Guide deckt Kernfunktionen
6485,k5_help_wiki,11,PASS,Wiki-Topic ok
6486,k6_text_quality,200,PASS,de: 40 Werte sauber
6487,k7_update_path,6,PASS,Update-Pfad ok
6488,k8_key_discipline,60,PASS,Schluesseldisziplin ok
6489,k9_dialog_invariants,7,PASS,login_dialog.py: Invarianten ok
6490,k10_regression_shield,14,PASS,Regressionsschild intakt
6491,k1_first_run_path,11,PASS,Erststartpfad ok
6492,k2_booking_lifecycle,11,PASS,Lebenszyklus ok
6493,k3_bundle_roundtrip,5,PASS,Bundle-Rundlauf ok
6494,k4_guide_coverage,10,PASS,en-Guide deckt Kernfunktionen
6495,k5_help_wiki,11,PASS,Wiki-Topic ok
6496,k6_text_quality,200,PASS,en: 40 Werte sauber
6497,k7_update_path,6,PASS,Update-Pfad ok
6498,k8_key_discipline,62,PASS,Schluesseldisziplin ok
6499,k9_dialog_invariants,5,PASS,main_window.py: Invarianten ok
6500,k10_regression_shield,14,PASS,Regressionsschild intakt
6501,k1_first_run_path,11,PASS,Erststartpfad ok
6502,k2_booking_lifecycle,11,PASS,Lebenszyklus ok
6503,k3_bundle_roundtrip,5,PASS,Bundle-Rundlauf ok
6504,k4_guide_coverage,10,PASS,fr-Guide deckt Kernfunktionen
6505,k5_help_wiki,11,PASS,Wiki-Topic ok
6506,k6_text_quality,200,PASS,fr: 40 Werte sauber
6507,k7_update_path,6,PASS,Update-Pfad ok
6508,k8_key_discipline,60,PASS,Schluesseldisziplin ok
6509,k9_dialog_invariants,3,PASS,month_close_dialog.py: Invarianten ok
6510,k10_regression_shield,14,PASS,Regressionsschild intakt
6511,k1_first_run_path,11,PASS,Erststartpfad ok
6512,k2_booking_lifecycle,11,PASS,Lebenszyklus ok
6513,k3_bundle_roundtrip,5,PASS,Bundle-Rundlauf ok
6514,k4_guide_coverage,10,PASS,de-Guide deckt Kernfunktionen
6515,k5_help_wiki,11,PASS,Wiki-Topic ok
6516,k6_text_quality,194,PASS,de: 40 Werte sauber
6517,k7_update_path,6,PASS,Update-Pfad ok
6518,k8_key_discipline,61,PASS,Schluesseldisziplin ok
6519,k9_dialog_invariants,3,PASS,quick_add_dialog.py: Invarianten ok
6520,k10_regression_shield,14,PASS,Regressionsschild intakt
6521,k1_first_run_path,11,PASS,Erststartpfad ok
6522,k2_booking_lifecycle,11,PASS,Lebenszyklus ok
6523,k3_bundle_roundtrip,5,PASS,Bundle-Rundlauf ok
6524,k4_guide_coverage,10,PASS,en-Guide deckt Kernfunktionen
6525,k5_help_wiki,11,PASS,Wiki-Topic ok
6526,k6_text_quality,194,PASS,en: 40 Werte sauber
6527,k7_update_path,6,PASS,Update-Pfad ok
6528,k8_key_discipline,61,PASS,Schluesseldisziplin ok
6529,k9_dialog_invariants,1,PASS,reauth.py: Invarianten ok
6530,k10_regression_shield,14,PASS,Regressionsschild intakt
6531,k1_first_run_path,11,PASS,Erststartpfad ok
6532,k2_booking_lifecycle,11,PASS,Lebenszyklus ok
6533,k3_bundle_roundtrip,5,PASS,Bundle-Rundlauf ok
6534,k4_guide_coverage,10,PASS,fr-Guide deckt Kernfunktionen
6535,k5_help_wiki,11,PASS,Wiki-Topic ok
6536,k6_text_quality,191,PASS,fr: 40 Werte sauber
6537,k7_update_path,6,PASS,Update-Pfad ok
6538,k8_key_discipline,60,PASS,Schluesseldisziplin ok
6539,k9_dialog_invariants,3,PASS,recurring_bookings_dialog.py: Invarianten ok
6540,k10_regression_shield,14,PASS,Regressionsschild intakt
6541,k1_first_run_path,11,PASS,Erststartpfad ok
6542,k2_booking_lifecycle,11,PASS,Lebenszyklus ok
6543,k3_bundle_roundtrip,5,PASS,Bundle-Rundlauf ok
6544,k4_guide_coverage,10,PASS,de-Guide deckt Kernfunktionen
6545,k5_help_wiki,11,PASS,Wiki-Topic ok
6546,k6_text_quality,191,PASS,de: 40 Werte sauber
6547,k7_update_path,6,PASS,Update-Pfad ok
6548,k8_key_discipline,60,PASS,Schluesseldisziplin ok
6549,k9_dialog_invariants,3,PASS,restore_key_dialog.py: Invarianten ok
6550,k10_regression_shield,14,PASS,Regressionsschild intakt
6551,k1_first_run_path,11,PASS,Erststartpfad ok
6552,k2_booking_lifecycle,11,PASS,Lebenszyklus ok
6553,k3_bundle_roundtrip,5,PASS,Bundle-Rundlauf ok
6554,k4_guide_coverage,10,PASS,en-Guide deckt Kernfunktionen
6555,k5_help_wiki,11,PASS,Wiki-Topic ok
6556,k6_text_quality,197,PASS,en: 40 Werte sauber
6557,k7_update_path,6,PASS,Update-Pfad ok
6558,k8_key_discipline,60,PASS,Schluesseldisziplin ok
6559,k9_dialog_invariants,1,PASS,savings_goal_messages.py: Invarianten ok
6560,k10_regression_shield,14,PASS,Regressionsschild intakt
6561,k1_first_run_path,11,PASS,Erststartpfad ok
6562,k2_booking_lifecycle,11,PASS,Lebenszyklus ok
6563,k3_bundle_roundtrip,5,PASS,Bundle-Rundlauf ok
6564,k4_guide_coverage,10,PASS,fr-Guide deckt Kernfunktionen
6565,k5_help_wiki,11,PASS,Wiki-Topic ok
6566,k6_text_quality,191,PASS,fr: 40 Werte sauber
6567,k7_update_path,6,PASS,Update-Pfad ok
6568,k8_key_discipline,60,PASS,Schluesseldisziplin ok
6569,k9_dialog_invariants,7,PASS,savings_goals_dialog.py: Invarianten ok
6570,k10_regression_shield,14,PASS,Regressionsschild intakt
6571,k1_first_run_path,11,PASS,Erststartpfad ok
6572,k2_booking_lifecycle,11,PASS,Lebenszyklus ok
6573,k3_bundle_roundtrip,5,PASS,Bundle-Rundlauf ok
6574,k4_guide_coverage,10,PASS,de-Guide deckt Kernfunktionen
6575,k5_help_wiki,11,PASS,Wiki-Topic ok
6576,k6_text_quality,200,PASS,de: 40 Werte sauber
6577,k7_update_path,6,PASS,Update-Pfad ok
6578,k8_key_discipline,62,PASS,Schluesseldisziplin ok
6579,k9_dialog_invariants,3,PASS,setup_assistant_dialog.py: Invarianten ok
6580,k10_regression_shield,14,PASS,Regressionsschild intakt
6581,k1_first_run_path,11,PASS,Erststartpfad ok
6582,k2_booking_lifecycle,11,PASS,Lebenszyklus ok
6583,k3_bundle_roundtrip,5,PASS,Bundle-Rundlauf ok
6584,k4_guide_coverage,10,PASS,en-Guide deckt Kernfunktionen
6585,k5_help_wiki,11,PASS,Wiki-Topic ok
6586,k6_text_quality,197,PASS,en: 40 Werte sauber
6587,k7_update_path,6,PASS,Update-Pfad ok
6588,k8_key_discipline,68,PASS,Schluesseldisziplin ok
6589,k9_dialog_invariants,3,PASS,shortcuts_dialog.py: Invarianten ok
6590,k10_regression_shield,14,PASS,Regressionsschild intakt
6591,k1_first_run_path,11,PASS,Erststartpfad ok
6592,k2_booking_lifecycle,11,PASS,Lebenszyklus ok
6593,k3_bundle_roundtrip,5,PASS,Bundle-Rundlauf ok
6594,k4_guide_coverage,10,PASS,fr-Guide deckt Kernfunktionen
6595,k5_help_wiki,11,PASS,Wiki-Topic ok
6596,k6_text_quality,200,PASS,fr: 40 Werte sauber
6597,k7_update_path,6,PASS,Update-Pfad ok
6598,k8_key_discipline,62,PASS,Schluesseldisziplin ok
6599,k9_dialog_invariants,3,PASS,special_income_dialog.py: Invarianten ok
6600,k10_regression_shield,14,PASS,Regressionsschild intakt
6601,k1_first_run_path,11,PASS,Erststartpfad ok
6602,k2_booking_lifecycle,11,PASS,Lebenszyklus ok
6603,k3_bundle_roundtrip,5,PASS,Bundle-Rundlauf ok
6604,k4_guide_coverage,10,PASS,de-Guide deckt Kernfunktionen
6605,k5_help_wiki,11,PASS,Wiki-Topic ok
6606,k6_text_quality,200,PASS,de: 40 Werte sauber
6607,k7_update_path,6,PASS,Update-Pfad ok
6608,k8_key_discipline,61,PASS,Schluesseldisziplin ok
6609,k9_dialog_invariants,3,PASS,startup_wizard.py: Invarianten ok
6610,k10_regression_shield,14,PASS,Regressionsschild intakt
6611,k1_first_run_path,11,PASS,Erststartpfad ok
6612,k2_booking_lifecycle,11,PASS,Lebenszyklus ok
6613,k3_bundle_roundtrip,5,PASS,Bundle-Rundlauf ok
6614,k4_guide_coverage,10,PASS,en-Guide deckt Kernfunktionen
6615,k5_help_wiki,11,PASS,Wiki-Topic ok
6616,k6_text_quality,197,PASS,en: 40 Werte sauber
6617,k7_update_path,6,PASS,Update-Pfad ok
6618,k8_key_discipline,60,PASS,Schluesseldisziplin ok
6619,k9_dialog_invariants,3,PASS,tags_manager_dialog.py: Invarianten ok
6620,k10_regression_shield,14,PASS,Regressionsschild intakt
6621,k1_first_run_path,11,PASS,Erststartpfad ok
6622,k2_booking_lifecycle,11,PASS,Lebenszyklus ok
6623,k3_bundle_roundtrip,5,PASS,Bundle-Rundlauf ok
6624,k4_guide_coverage,10,PASS,fr-Guide deckt Kernfunktionen
6625,k5_help_wiki,11,PASS,Wiki-Topic ok
6626,k6_text_quality,197,PASS,fr: 40 Werte sauber
6627,k7_update_path,6,PASS,Update-Pfad ok
6628,k8_key_discipline,60,PASS,Schluesseldisziplin ok
6629,k9_dialog_invariants,3,PASS,theme_editor_dialog.py: Invarianten ok
6630,k10_regression_shield,14,PASS,Regressionsschild intakt
6631,k1_first_run_path,11,PASS,Erststartpfad ok
6632,k2_booking_lifecycle,11,PASS,Lebenszyklus ok
6633,k3_bundle_roundtrip,5,PASS,Bundle-Rundlauf ok
6634,k4_guide_coverage,10,PASS,de-Guide deckt Kernfunktionen
6635,k5_help_wiki,11,PASS,Wiki-Topic ok
6636,k6_text_quality,194,PASS,de: 40 Werte sauber
6637,k7_update_path,6,PASS,Update-Pfad ok
6638,k8_key_discipline,60,PASS,Schluesseldisziplin ok
6639,k9_dialog_invariants,1,PASS,type_color_helper.py: Invarianten ok
6640,k10_regression_shield,14,PASS,Regressionsschild intakt
6641,k1_first_run_path,11,PASS,Erststartpfad ok
6642,k2_booking_lifecycle,11,PASS,Lebenszyklus ok
6643,k3_bundle_roundtrip,5,PASS,Bundle-Rundlauf ok
6644,k4_guide_coverage,10,PASS,en-Guide deckt Kernfunktionen
6645,k5_help_wiki,11,PASS,Wiki-Topic ok
6646,k6_text_quality,188,PASS,en: 40 Werte sauber
6647,k7_update_path,6,PASS,Update-Pfad ok
6648,k8_key_discipline,60,PASS,Schluesseldisziplin ok
6649,k9_dialog_invariants,1,PASS,ui_colors.py: Invarianten ok
6650,k10_regression_shield,14,PASS,Regressionsschild intakt
6651,k1_first_run_path,11,PASS,Erststartpfad ok
6652,k2_booking_lifecycle,11,PASS,Lebenszyklus ok
6653,k3_bundle_roundtrip,5,PASS,Bundle-Rundlauf ok
6654,k4_guide_coverage,10,PASS,fr-Guide deckt Kernfunktionen
6655,k5_help_wiki,11,PASS,Wiki-Topic ok
6656,k6_text_quality,200,PASS,fr: 40 Werte sauber
6657,k7_update_path,6,PASS,Update-Pfad ok
6658,k8_key_discipline,71,PASS,Schluesseldisziplin ok
6659,k9_dialog_invariants,3,PASS,update_dialog.py: Invarianten ok
6660,k10_regression_shield,14,PASS,Regressionsschild intakt
6661,k1_first_run_path,11,PASS,Erststartpfad ok
6662,k2_booking_lifecycle,11,PASS,Lebenszyklus ok
6663,k3_bundle_roundtrip,5,PASS,Bundle-Rundlauf ok
6664,k4_guide_coverage,10,PASS,de-Guide deckt Kernfunktionen
6665,k5_help_wiki,11,PASS,Wiki-Topic ok
6666,k6_text_quality,200,PASS,de: 40 Werte sauber
6667,k7_update_path,6,PASS,Update-Pfad ok
6668,k8_key_discipline,70,PASS,Schluesseldisziplin ok
6669,k9_dialog_invariants,1,PASS,account_data_hub.py: Invarianten ok
6670,k10_regression_shield,14,PASS,Regressionsschild intakt
6671,k1_first_run_path,11,PASS,Erststartpfad ok
6672,k2_booking_lifecycle,11,PASS,Lebenszyklus ok
6673,k3_bundle_roundtrip,5,PASS,Bundle-Rundlauf ok
6674,k4_guide_coverage,10,PASS,en-Guide deckt Kernfunktionen
6675,k5_help_wiki,11,PASS,Wiki-Topic ok
6676,k6_text_quality,200,PASS,en: 40 Werte sauber
6677,k7_update_path,6,PASS,Update-Pfad ok
6678,k8_key_discipline,60,PASS,Schluesseldisziplin ok
6679,k9_dialog_invariants,3,PASS,account_management_dialog.py: Invarianten ok
6680,k10_regression_shield,14,PASS,Regressionsschild intakt
6681,k1_first_run_path,11,PASS,Erststartpfad ok
6682,k2_booking_lifecycle,11,PASS,Lebenszyklus ok
6683,k3_bundle_roundtrip,5,PASS,Bundle-Rundlauf ok
6684,k4_guide_coverage,10,PASS,fr-Guide deckt Kernfunktionen
6685,k5_help_wiki,11,PASS,Wiki-Topic ok
6686,k6_text_quality,197,PASS,fr: 40 Werte sauber
6687,k7_update_path,6,PASS,Update-Pfad ok
6688,k8_key_discipline,60,PASS,Schluesseldisziplin ok
6689,k9_dialog_invariants,3,PASS,backup_restore_dialog.py: Invarianten ok
6690,k10_regression_shield,14,PASS,Regressionsschild intakt
6691,k1_first_run_path,11,PASS,Erststartpfad ok
6692,k2_booking_lifecycle,11,PASS,Lebenszyklus ok
6693,k3_bundle_roundtrip,5,PASS,Bundle-Rundlauf ok
6694,k4_guide_coverage,10,PASS,de-Guide deckt Kernfunktionen
6695,k5_help_wiki,11,PASS,Wiki-Topic ok
6696,k6_text_quality,200,PASS,de: 40 Werte sauber
6697,k7_update_path,6,PASS,Update-Pfad ok
6698,k8_key_discipline,61,PASS,Schluesseldisziplin ok
6699,k9_dialog_invariants,5,PASS,budget_adjustment_dialog.py: Invarianten ok
6700,k10_regression_shield,14,PASS,Regressionsschild intakt
6701,k1_first_run_path,11,PASS,Erststartpfad ok
6702,k2_booking_lifecycle,11,PASS,Lebenszyklus ok
6703,k3_bundle_roundtrip,5,PASS,Bundle-Rundlauf ok
6704,k4_guide_coverage,10,PASS,en-Guide deckt Kernfunktionen
6705,k5_help_wiki,11,PASS,Wiki-Topic ok
6706,k6_text_quality,200,PASS,en: 40 Werte sauber
6707,k7_update_path,6,PASS,Update-Pfad ok
6708,k8_key_discipline,78,PASS,Schluesseldisziplin ok
6709,k9_dialog_invariants,5,PASS,budget_entry_dialog_extended.py: Invarianten ok
6710,k10_regression_shield,14,PASS,Regressionsschild intakt
6711,k1_first_run_path,11,PASS,Erststartpfad ok
6712,k2_booking_lifecycle,11,PASS,Lebenszyklus ok
6713,k3_bundle_roundtrip,5,PASS,Bundle-Rundlauf ok
6714,k4_guide_coverage,10,PASS,fr-Guide deckt Kernfunktionen
6715,k5_help_wiki,11,PASS,Wiki-Topic ok
6716,k6_text_quality,197,PASS,fr: 40 Werte sauber
6717,k7_update_path,6,PASS,Update-Pfad ok
6718,k8_key_discipline,60,PASS,Schluesseldisziplin ok
6719,k9_dialog_invariants,3,PASS,budget_fill_dialog.py: Invarianten ok
6720,k10_regression_shield,14,PASS,Regressionsschild intakt
6721,k1_first_run_path,11,PASS,Erststartpfad ok
6722,k2_booking_lifecycle,11,PASS,Lebenszyklus ok
6723,k3_bundle_roundtrip,5,PASS,Bundle-Rundlauf ok
6724,k4_guide_coverage,10,PASS,de-Guide deckt Kernfunktionen
6725,k5_help_wiki,11,PASS,Wiki-Topic ok
6726,k6_text_quality,185,PASS,de: 40 Werte sauber
6727,k7_update_path,6,PASS,Update-Pfad ok
6728,k8_key_discipline,60,PASS,Schluesseldisziplin ok
6729,k9_dialog_invariants,3,PASS,category_delete_dialog.py: Invarianten ok
6730,k10_regression_shield,14,PASS,Regressionsschild intakt
6731,k1_first_run_path,11,PASS,Erststartpfad ok
6732,k2_booking_lifecycle,11,PASS,Lebenszyklus ok
6733,k3_bundle_roundtrip,5,PASS,Bundle-Rundlauf ok
6734,k4_guide_coverage,10,PASS,en-Guide deckt Kernfunktionen
6735,k5_help_wiki,11,PASS,Wiki-Topic ok
6736,k6_text_quality,194,PASS,en: 40 Werte sauber
6737,k7_update_path,6,PASS,Update-Pfad ok
6738,k8_key_discipline,60,PASS,Schluesseldisziplin ok
6739,k9_dialog_invariants,1,PASS,category_excel_io.py: Invarianten ok
6740,k10_regression_shield,14,PASS,Regressionsschild intakt
6741,k1_first_run_path,11,PASS,Erststartpfad ok
6742,k2_booking_lifecycle,11,PASS,Lebenszyklus ok
6743,k3_bundle_roundtrip,5,PASS,Bundle-Rundlauf ok
6744,k4_guide_coverage,10,PASS,fr-Guide deckt Kernfunktionen
6745,k5_help_wiki,11,PASS,Wiki-Topic ok
6746,k6_text_quality,200,PASS,fr: 40 Werte sauber
6747,k7_update_path,6,PASS,Update-Pfad ok
6748,k8_key_discipline,60,PASS,Schluesseldisziplin ok
6749,k9_dialog_invariants,3,PASS,category_manager_dialog.py: Invarianten ok
6750,k10_regression_shield,14,PASS,Regressionsschild intakt
6751,k1_first_run_path,11,PASS,Erststartpfad ok
6752,k2_booking_lifecycle,11,PASS,Lebenszyklus ok
6753,k3_bundle_roundtrip,5,PASS,Bundle-Rundlauf ok
6754,k4_guide_coverage,10,PASS,de-Guide deckt Kernfunktionen
6755,k5_help_wiki,11,PASS,Wiki-Topic ok
6756,k6_text_quality,200,PASS,de: 40 Werte sauber
6757,k7_update_path,6,PASS,Update-Pfad ok
6758,k8_key_discipline,60,PASS,Schluesseldisziplin ok
6759,k9_dialog_invariants,1,PASS,category_picker.py: Invarianten ok
6760,k10_regression_shield,14,PASS,Regressionsschild intakt
6761,k1_first_run_path,11,PASS,Erststartpfad ok
6762,k2_booking_lifecycle,11,PASS,Lebenszyklus ok
6763,k3_bundle_roundtrip,5,PASS,Bundle-Rundlauf ok
6764,k4_guide_coverage,10,PASS,en-Guide deckt Kernfunktionen
6765,k5_help_wiki,11,PASS,Wiki-Topic ok
6766,k6_text_quality,200,PASS,en: 40 Werte sauber
6767,k7_update_path,6,PASS,Update-Pfad ok
6768,k8_key_discipline,60,PASS,Schluesseldisziplin ok
6769,k9_dialog_invariants,7,PASS,category_properties_dialog.py: Invarianten ok
6770,k10_regression_shield,14,PASS,Regressionsschild intakt
6771,k1_first_run_path,11,PASS,Erststartpfad ok
6772,k2_booking_lifecycle,11,PASS,Lebenszyklus ok
6773,k3_bundle_roundtrip,5,PASS,Bundle-Rundlauf ok
6774,k4_guide_coverage,10,PASS,fr-Guide deckt Kernfunktionen
6775,k5_help_wiki,11,PASS,Wiki-Topic ok
6776,k6_text_quality,194,PASS,fr: 40 Werte sauber
6777,k7_update_path,6,PASS,Update-Pfad ok
6778,k8_key_discipline,60,PASS,Schluesseldisziplin ok
6779,k9_dialog_invariants,3,PASS,copy_year_dialog.py: Invarianten ok
6780,k10_regression_shield,14,PASS,Regressionsschild intakt
6781,k1_first_run_path,11,PASS,Erststartpfad ok
6782,k2_booking_lifecycle,11,PASS,Lebenszyklus ok
6783,k3_bundle_roundtrip,5,PASS,Bundle-Rundlauf ok
6784,k4_guide_coverage,10,PASS,de-Guide deckt Kernfunktionen
6785,k5_help_wiki,11,PASS,Wiki-Topic ok
6786,k6_text_quality,164,PASS,de: 40 Werte sauber
6787,k7_update_path,6,PASS,Update-Pfad ok
6788,k8_key_discipline,60,PASS,Schluesseldisziplin ok
6789,k9_dialog_invariants,3,PASS,database_management_dialog.py: Invarianten ok
6790,k10_regression_shield,14,PASS,Regressionsschild intakt
6791,k1_first_run_path,11,PASS,Erststartpfad ok
6792,k2_booking_lifecycle,11,PASS,Lebenszyklus ok
6793,k3_bundle_roundtrip,5,PASS,Bundle-Rundlauf ok
6794,k4_guide_coverage,10,PASS,en-Guide deckt Kernfunktionen
6795,k5_help_wiki,11,PASS,Wiki-Topic ok
6796,k6_text_quality,200,PASS,en: 40 Werte sauber
6797,k7_update_path,6,PASS,Update-Pfad ok
6798,k8_key_discipline,65,PASS,Schluesseldisziplin ok
6799,k9_dialog_invariants,3,PASS,export_dialog.py: Invarianten ok
6800,k10_regression_shield,14,PASS,Regressionsschild intakt
6801,k1_first_run_path,11,PASS,Erststartpfad ok
6802,k2_booking_lifecycle,11,PASS,Lebenszyklus ok
6803,k3_bundle_roundtrip,5,PASS,Bundle-Rundlauf ok
6804,k4_guide_coverage,10,PASS,fr-Guide deckt Kernfunktionen
6805,k5_help_wiki,11,PASS,Wiki-Topic ok
6806,k6_text_quality,182,PASS,fr: 40 Werte sauber
6807,k7_update_path,6,PASS,Update-Pfad ok
6808,k8_key_discipline,66,PASS,Schluesseldisziplin ok
6809,k9_dialog_invariants,3,PASS,favorites_dashboard_dialog.py: Invarianten ok
6810,k10_regression_shield,14,PASS,Regressionsschild intakt
6811,k1_first_run_path,11,PASS,Erststartpfad ok
6812,k2_booking_lifecycle,11,PASS,Lebenszyklus ok
6813,k3_bundle_roundtrip,5,PASS,Bundle-Rundlauf ok
6814,k4_guide_coverage,10,PASS,de-Guide deckt Kernfunktionen
6815,k5_help_wiki,11,PASS,Wiki-Topic ok
6816,k6_text_quality,200,PASS,de: 40 Werte sauber
6817,k7_update_path,6,PASS,Update-Pfad ok
6818,k8_key_discipline,65,PASS,Schluesseldisziplin ok
6819,k9_dialog_invariants,3,PASS,global_search_dialog.py: Invarianten ok
6820,k10_regression_shield,14,PASS,Regressionsschild intakt
6821,k1_first_run_path,11,PASS,Erststartpfad ok
6822,k2_booking_lifecycle,11,PASS,Lebenszyklus ok
6823,k3_bundle_roundtrip,5,PASS,Bundle-Rundlauf ok
6824,k4_guide_coverage,10,PASS,en-Guide deckt Kernfunktionen
6825,k5_help_wiki,11,PASS,Wiki-Topic ok
6826,k6_text_quality,200,PASS,en: 40 Werte sauber
6827,k7_update_path,6,PASS,Update-Pfad ok
6828,k8_key_discipline,60,PASS,Schluesseldisziplin ok
6829,k9_dialog_invariants,1,PASS,help_content.py: Invarianten ok
6830,k10_regression_shield,14,PASS,Regressionsschild intakt
6831,k1_first_run_path,11,PASS,Erststartpfad ok
6832,k2_booking_lifecycle,11,PASS,Lebenszyklus ok
6833,k3_bundle_roundtrip,5,PASS,Bundle-Rundlauf ok
6834,k4_guide_coverage,10,PASS,fr-Guide deckt Kernfunktionen
6835,k5_help_wiki,11,PASS,Wiki-Topic ok
6836,k6_text_quality,200,PASS,fr: 40 Werte sauber
6837,k7_update_path,6,PASS,Update-Pfad ok
6838,k8_key_discipline,60,PASS,Schluesseldisziplin ok
6839,k9_dialog_invariants,3,PASS,help_dialog.py: Invarianten ok
6840,k10_regression_shield,14,PASS,Regressionsschild intakt
6841,k1_first_run_path,11,PASS,Erststartpfad ok
6842,k2_booking_lifecycle,11,PASS,Lebenszyklus ok
6843,k3_bundle_roundtrip,5,PASS,Bundle-Rundlauf ok
6844,k4_guide_coverage,10,PASS,de-Guide deckt Kernfunktionen
6845,k5_help_wiki,11,PASS,Wiki-Topic ok
6846,k6_text_quality,200,PASS,de: 40 Werte sauber
6847,k7_update_path,6,PASS,Update-Pfad ok
6848,k8_key_discipline,60,PASS,Schluesseldisziplin ok
6849,k9_dialog_invariants,3,PASS,language_select_dialog.py: Invarianten ok
6850,k10_regression_shield,14,PASS,Regressionsschild intakt
6851,k1_first_run_path,11,PASS,Erststartpfad ok
6852,k2_booking_lifecycle,11,PASS,Lebenszyklus ok
6853,k3_bundle_roundtrip,5,PASS,Bundle-Rundlauf ok
6854,k4_guide_coverage,10,PASS,en-Guide deckt Kernfunktionen
6855,k5_help_wiki,11,PASS,Wiki-Topic ok
6856,k6_text_quality,200,PASS,en: 40 Werte sauber
6857,k7_update_path,6,PASS,Update-Pfad ok
6858,k8_key_discipline,32,PASS,Schluesseldisziplin ok
6859,k9_dialog_invariants,7,PASS,login_dialog.py: Invarianten ok
6860,k10_regression_shield,14,PASS,Regressionsschild intakt
6861,k1_first_run_path,11,PASS,Erststartpfad ok
6862,k2_booking_lifecycle,11,PASS,Lebenszyklus ok
6863,k3_bundle_roundtrip,5,PASS,Bundle-Rundlauf ok
6864,k4_guide_coverage,10,PASS,fr-Guide deckt Kernfunktionen
6865,k5_help_wiki,11,PASS,Wiki-Topic ok
6866,k6_text_quality,200,PASS,fr: 40 Werte sauber
6867,k7_update_path,6,PASS,Update-Pfad ok
6868,k8_key_discipline,60,PASS,Schluesseldisziplin ok
6869,k9_dialog_invariants,5,PASS,main_window.py: Invarianten ok
6870,k10_regression_shield,14,PASS,Regressionsschild intakt
6871,k1_first_run_path,11,PASS,Erststartpfad ok
6872,k2_booking_lifecycle,11,PASS,Lebenszyklus ok
6873,k3_bundle_roundtrip,5,PASS,Bundle-Rundlauf ok
6874,k4_guide_coverage,10,PASS,de-Guide deckt Kernfunktionen
6875,k5_help_wiki,11,PASS,Wiki-Topic ok
6876,k6_text_quality,120,PASS,de: 24 Werte sauber
6877,k7_update_path,6,PASS,Update-Pfad ok
6878,k8_key_discipline,66,PASS,Schluesseldisziplin ok
6879,k9_dialog_invariants,3,PASS,month_close_dialog.py: Invarianten ok
6880,k10_regression_shield,14,PASS,Regressionsschild intakt
6881,k1_first_run_path,11,PASS,Erststartpfad ok
6882,k2_booking_lifecycle,11,PASS,Lebenszyklus ok
6883,k3_bundle_roundtrip,5,PASS,Bundle-Rundlauf ok
6884,k4_guide_coverage,10,PASS,en-Guide deckt Kernfunktionen
6885,k5_help_wiki,11,PASS,Wiki-Topic ok
6886,k6_text_quality,200,PASS,en: 40 Werte sauber
6887,k7_update_path,6,PASS,Update-Pfad ok
6888,k8_key_discipline,68,PASS,Schluesseldisziplin ok
6889,k9_dialog_invariants,3,PASS,quick_add_dialog.py: Invarianten ok
6890,k10_regression_shield,14,PASS,Regressionsschild intakt
6891,k1_first_run_path,11,PASS,Erststartpfad ok
6892,k2_booking_lifecycle,11,PASS,Lebenszyklus ok
6893,k3_bundle_roundtrip,5,PASS,Bundle-Rundlauf ok
6894,k4_guide_coverage,10,PASS,fr-Guide deckt Kernfunktionen
6895,k5_help_wiki,11,PASS,Wiki-Topic ok
6896,k6_text_quality,194,PASS,fr: 40 Werte sauber
6897,k7_update_path,6,PASS,Update-Pfad ok
6898,k8_key_discipline,62,PASS,Schluesseldisziplin ok
6899,k9_dialog_invariants,1,PASS,reauth.py: Invarianten ok
6900,k10_regression_shield,14,PASS,Regressionsschild intakt
6901,k1_first_run_path,11,PASS,Erststartpfad ok
6902,k2_booking_lifecycle,11,PASS,Lebenszyklus ok
6903,k3_bundle_roundtrip,5,PASS,Bundle-Rundlauf ok
6904,k4_guide_coverage,10,PASS,de-Guide deckt Kernfunktionen
6905,k5_help_wiki,11,PASS,Wiki-Topic ok
6906,k6_text_quality,197,PASS,de: 40 Werte sauber
6907,k7_update_path,6,PASS,Update-Pfad ok
6908,k8_key_discipline,70,PASS,Schluesseldisziplin ok
6909,k9_dialog_invariants,3,PASS,recurring_bookings_dialog.py: Invarianten ok
6910,k10_regression_shield,14,PASS,Regressionsschild intakt
6911,k1_first_run_path,11,PASS,Erststartpfad ok
6912,k2_booking_lifecycle,11,PASS,Lebenszyklus ok
6913,k3_bundle_roundtrip,5,PASS,Bundle-Rundlauf ok
6914,k4_guide_coverage,10,PASS,en-Guide deckt Kernfunktionen
6915,k5_help_wiki,11,PASS,Wiki-Topic ok
6916,k6_text_quality,185,PASS,en: 40 Werte sauber
6917,k7_update_path,6,PASS,Update-Pfad ok
6918,k8_key_discipline,60,PASS,Schluesseldisziplin ok
6919,k9_dialog_invariants,3,PASS,restore_key_dialog.py: Invarianten ok
6920,k10_regression_shield,14,PASS,Regressionsschild intakt
6921,k1_first_run_path,11,PASS,Erststartpfad ok
6922,k2_booking_lifecycle,11,PASS,Lebenszyklus ok
6923,k3_bundle_roundtrip,5,PASS,Bundle-Rundlauf ok
6924,k4_guide_coverage,10,PASS,fr-Guide deckt Kernfunktionen
6925,k5_help_wiki,11,PASS,Wiki-Topic ok
6926,k6_text_quality,179,PASS,fr: 40 Werte sauber
6927,k7_update_path,6,PASS,Update-Pfad ok
6928,k8_key_discipline,60,PASS,Schluesseldisziplin ok
6929,k9_dialog_invariants,1,PASS,savings_goal_messages.py: Invarianten ok
6930,k10_regression_shield,14,PASS,Regressionsschild intakt
6931,k1_first_run_path,11,PASS,Erststartpfad ok
6932,k2_booking_lifecycle,11,PASS,Lebenszyklus ok
6933,k3_bundle_roundtrip,5,PASS,Bundle-Rundlauf ok
6934,k4_guide_coverage,10,PASS,de-Guide deckt Kernfunktionen
6935,k5_help_wiki,11,PASS,Wiki-Topic ok
6936,k6_text_quality,200,PASS,de: 40 Werte sauber
6937,k7_update_path,6,PASS,Update-Pfad ok
6938,k8_key_discipline,60,PASS,Schluesseldisziplin ok
6939,k9_dialog_invariants,7,PASS,savings_goals_dialog.py: Invarianten ok
6940,k10_regression_shield,14,PASS,Regressionsschild intakt
6941,k1_first_run_path,11,PASS,Erststartpfad ok
6942,k2_booking_lifecycle,11,PASS,Lebenszyklus ok
6943,k3_bundle_roundtrip,5,PASS,Bundle-Rundlauf ok
6944,k4_guide_coverage,10,PASS,en-Guide deckt Kernfunktionen
6945,k5_help_wiki,11,PASS,Wiki-Topic ok
6946,k6_text_quality,191,PASS,en: 40 Werte sauber
6947,k7_update_path,6,PASS,Update-Pfad ok
6948,k8_key_discipline,65,PASS,Schluesseldisziplin ok
6949,k9_dialog_invariants,3,PASS,setup_assistant_dialog.py: Invarianten ok
6950,k10_regression_shield,14,PASS,Regressionsschild intakt
6951,k1_first_run_path,11,PASS,Erststartpfad ok
6952,k2_booking_lifecycle,11,PASS,Lebenszyklus ok
6953,k3_bundle_roundtrip,5,PASS,Bundle-Rundlauf ok
6954,k4_guide_coverage,10,PASS,fr-Guide deckt Kernfunktionen
6955,k5_help_wiki,11,PASS,Wiki-Topic ok
6956,k6_text_quality,194,PASS,fr: 40 Werte sauber
6957,k7_update_path,6,PASS,Update-Pfad ok
6958,k8_key_discipline,60,PASS,Schluesseldisziplin ok
6959,k9_dialog_invariants,3,PASS,shortcuts_dialog.py: Invarianten ok
6960,k10_regression_shield,14,PASS,Regressionsschild intakt
6961,k1_first_run_path,11,PASS,Erststartpfad ok
6962,k2_booking_lifecycle,11,PASS,Lebenszyklus ok
6963,k3_bundle_roundtrip,5,PASS,Bundle-Rundlauf ok
6964,k4_guide_coverage,10,PASS,de-Guide deckt Kernfunktionen
6965,k5_help_wiki,11,PASS,Wiki-Topic ok
6966,k6_text_quality,200,PASS,de: 40 Werte sauber
6967,k7_update_path,6,PASS,Update-Pfad ok
6968,k8_key_discipline,62,PASS,Schluesseldisziplin ok
6969,k9_dialog_invariants,3,PASS,special_income_dialog.py: Invarianten ok
6970,k10_regression_shield,14,PASS,Regressionsschild intakt
6971,k1_first_run_path,11,PASS,Erststartpfad ok
6972,k2_booking_lifecycle,11,PASS,Lebenszyklus ok
6973,k3_bundle_roundtrip,5,PASS,Bundle-Rundlauf ok
6974,k4_guide_coverage,10,PASS,en-Guide deckt Kernfunktionen
6975,k5_help_wiki,11,PASS,Wiki-Topic ok
6976,k6_text_quality,200,PASS,en: 40 Werte sauber
6977,k7_update_path,6,PASS,Update-Pfad ok
6978,k8_key_discipline,60,PASS,Schluesseldisziplin ok
6979,k9_dialog_invariants,3,PASS,startup_wizard.py: Invarianten ok
6980,k10_regression_shield,14,PASS,Regressionsschild intakt
6981,k1_first_run_path,11,PASS,Erststartpfad ok
6982,k2_booking_lifecycle,11,PASS,Lebenszyklus ok
6983,k3_bundle_roundtrip,5,PASS,Bundle-Rundlauf ok
6984,k4_guide_coverage,10,PASS,fr-Guide deckt Kernfunktionen
6985,k5_help_wiki,11,PASS,Wiki-Topic ok
6986,k6_text_quality,197,PASS,fr: 40 Werte sauber
6987,k7_update_path,6,PASS,Update-Pfad ok
6988,k8_key_discipline,62,PASS,Schluesseldisziplin ok
6989,k9_dialog_invariants,3,PASS,tags_manager_dialog.py: Invarianten ok
6990,k10_regression_shield,14,PASS,Regressionsschild intakt
6991,k1_first_run_path,11,PASS,Erststartpfad ok
6992,k2_booking_lifecycle,11,PASS,Lebenszyklus ok
6993,k3_bundle_roundtrip,5,PASS,Bundle-Rundlauf ok
6994,k4_guide_coverage,10,PASS,de-Guide deckt Kernfunktionen
6995,k5_help_wiki,11,PASS,Wiki-Topic ok
6996,k6_text_quality,200,PASS,de: 40 Werte sauber
6997,k7_update_path,6,PASS,Update-Pfad ok
6998,k8_key_discipline,60,PASS,Schluesseldisziplin ok
6999,k9_dialog_invariants,3,PASS,theme_editor_dialog.py: Invarianten ok
7000,k10_regression_shield,14,PASS,Regressionsschild intakt
7001,k1_first_run_path,11,PASS,Erststartpfad ok
7002,k2_booking_lifecycle,11,PASS,Lebenszyklus ok
7003,k3_bundle_roundtrip,5,PASS,Bundle-Rundlauf ok
7004,k4_guide_coverage,10,PASS,en-Guide deckt Kernfunktionen
7005,k5_help_wiki,11,PASS,Wiki-Topic ok
7006,k6_text_quality,200,PASS,en: 40 Werte sauber
7007,k7_update_path,6,PASS,Update-Pfad ok
7008,k8_key_discipline,61,PASS,Schluesseldisziplin ok
7009,k9_dialog_invariants,1,PASS,type_color_helper.py: Invarianten ok
7010,k10_regression_shield,14,PASS,Regressionsschild intakt
7011,k1_first_run_path,11,PASS,Erststartpfad ok
7012,k2_booking_lifecycle,11,PASS,Lebenszyklus ok
7013,k3_bundle_roundtrip,5,PASS,Bundle-Rundlauf ok
7014,k4_guide_coverage,10,PASS,fr-Guide deckt Kernfunktionen
7015,k5_help_wiki,11,PASS,Wiki-Topic ok
7016,k6_text_quality,200,PASS,fr: 40 Werte sauber
7017,k7_update_path,6,PASS,Update-Pfad ok
7018,k8_key_discipline,61,PASS,Schluesseldisziplin ok
7019,k9_dialog_invariants,1,PASS,ui_colors.py: Invarianten ok
7020,k10_regression_shield,14,PASS,Regressionsschild intakt
7021,k1_first_run_path,11,PASS,Erststartpfad ok
7022,k2_booking_lifecycle,11,PASS,Lebenszyklus ok
7023,k3_bundle_roundtrip,5,PASS,Bundle-Rundlauf ok
7024,k4_guide_coverage,10,PASS,de-Guide deckt Kernfunktionen
7025,k5_help_wiki,11,PASS,Wiki-Topic ok
7026,k6_text_quality,200,PASS,de: 40 Werte sauber
7027,k7_update_path,6,PASS,Update-Pfad ok
7028,k8_key_discipline,60,PASS,Schluesseldisziplin ok
7029,k9_dialog_invariants,3,PASS,update_dialog.py: Invarianten ok
7030,k10_regression_shield,14,PASS,Regressionsschild intakt
7031,k1_first_run_path,11,PASS,Erststartpfad ok
7032,k2_booking_lifecycle,11,PASS,Lebenszyklus ok
7033,k3_bundle_roundtrip,5,PASS,Bundle-Rundlauf ok
7034,k4_guide_coverage,10,PASS,en-Guide deckt Kernfunktionen
7035,k5_help_wiki,11,PASS,Wiki-Topic ok
7036,k6_text_quality,194,PASS,en: 40 Werte sauber
7037,k7_update_path,6,PASS,Update-Pfad ok
7038,k8_key_discipline,60,PASS,Schluesseldisziplin ok
7039,k9_dialog_invariants,1,PASS,account_data_hub.py: Invarianten ok
7040,k10_regression_shield,14,PASS,Regressionsschild intakt
7041,k1_first_run_path,11,PASS,Erststartpfad ok
7042,k2_booking_lifecycle,11,PASS,Lebenszyklus ok
7043,k3_bundle_roundtrip,5,PASS,Bundle-Rundlauf ok
7044,k4_guide_coverage,10,PASS,fr-Guide deckt Kernfunktionen
7045,k5_help_wiki,11,PASS,Wiki-Topic ok
7046,k6_text_quality,197,PASS,fr: 40 Werte sauber
7047,k7_update_path,6,PASS,Update-Pfad ok
7048,k8_key_discipline,60,PASS,Schluesseldisziplin ok
7049,k9_dialog_invariants,3,PASS,account_management_dialog.py: Invarianten ok
7050,k10_regression_shield,14,PASS,Regressionsschild intakt
7051,k1_first_run_path,11,PASS,Erststartpfad ok
7052,k2_booking_lifecycle,11,PASS,Lebenszyklus ok
7053,k3_bundle_roundtrip,5,PASS,Bundle-Rundlauf ok
7054,k4_guide_coverage,10,PASS,de-Guide deckt Kernfunktionen
7055,k5_help_wiki,11,PASS,Wiki-Topic ok
7056,k6_text_quality,200,PASS,de: 40 Werte sauber
7057,k7_update_path,6,PASS,Update-Pfad ok
7058,k8_key_discipline,60,PASS,Schluesseldisziplin ok
7059,k9_dialog_invariants,3,PASS,backup_restore_dialog.py: Invarianten ok
7060,k10_regression_shield,14,PASS,Regressionsschild intakt
7061,k1_first_run_path,11,PASS,Erststartpfad ok
7062,k2_booking_lifecycle,11,PASS,Lebenszyklus ok
7063,k3_bundle_roundtrip,5,PASS,Bundle-Rundlauf ok
7064,k4_guide_coverage,10,PASS,en-Guide deckt Kernfunktionen
7065,k5_help_wiki,11,PASS,Wiki-Topic ok
7066,k6_text_quality,200,PASS,en: 40 Werte sauber
7067,k7_update_path,6,PASS,Update-Pfad ok
7068,k8_key_discipline,62,PASS,Schluesseldisziplin ok
7069,k9_dialog_invariants,5,PASS,budget_adjustment_dialog.py: Invarianten ok
7070,k10_regression_shield,14,PASS,Regressionsschild intakt
7071,k1_first_run_path,11,PASS,Erststartpfad ok
7072,k2_booking_lifecycle,11,PASS,Lebenszyklus ok
7073,k3_bundle_roundtrip,5,PASS,Bundle-Rundlauf ok
7074,k4_guide_coverage,10,PASS,fr-Guide deckt Kernfunktionen
7075,k5_help_wiki,11,PASS,Wiki-Topic ok
7076,k6_text_quality,194,PASS,fr: 40 Werte sauber
7077,k7_update_path,6,PASS,Update-Pfad ok
7078,k8_key_discipline,68,PASS,Schluesseldisziplin ok
7079,k9_dialog_invariants,5,PASS,budget_entry_dialog_extended.py: Invarianten ok
7080,k10_regression_shield,14,PASS,Regressionsschild intakt
7081,k1_first_run_path,11,PASS,Erststartpfad ok
7082,k2_booking_lifecycle,11,PASS,Lebenszyklus ok
7083,k3_bundle_roundtrip,5,PASS,Bundle-Rundlauf ok
7084,k4_guide_coverage,10,PASS,de-Guide deckt Kernfunktionen
7085,k5_help_wiki,11,PASS,Wiki-Topic ok
7086,k6_text_quality,200,PASS,de: 40 Werte sauber
7087,k7_update_path,6,PASS,Update-Pfad ok
7088,k8_key_discipline,62,PASS,Schluesseldisziplin ok
7089,k9_dialog_invariants,3,PASS,budget_fill_dialog.py: Invarianten ok
7090,k10_regression_shield,14,PASS,Regressionsschild intakt
7091,k1_first_run_path,11,PASS,Erststartpfad ok
7092,k2_booking_lifecycle,11,PASS,Lebenszyklus ok
7093,k3_bundle_roundtrip,5,PASS,Bundle-Rundlauf ok
7094,k4_guide_coverage,10,PASS,en-Guide deckt Kernfunktionen
7095,k5_help_wiki,11,PASS,Wiki-Topic ok
7096,k6_text_quality,200,PASS,en: 40 Werte sauber
7097,k7_update_path,6,PASS,Update-Pfad ok
7098,k8_key_discipline,61,PASS,Schluesseldisziplin ok
7099,k9_dialog_invariants,3,PASS,category_delete_dialog.py: Invarianten ok
7100,k10_regression_shield,14,PASS,Regressionsschild intakt
7101,k1_first_run_path,11,PASS,Erststartpfad ok
7102,k2_booking_lifecycle,11,PASS,Lebenszyklus ok
7103,k3_bundle_roundtrip,5,PASS,Bundle-Rundlauf ok
7104,k4_guide_coverage,10,PASS,fr-Guide deckt Kernfunktionen
7105,k5_help_wiki,11,PASS,Wiki-Topic ok
7106,k6_text_quality,200,PASS,fr: 40 Werte sauber
7107,k7_update_path,6,PASS,Update-Pfad ok
7108,k8_key_discipline,60,PASS,Schluesseldisziplin ok
7109,k9_dialog_invariants,1,PASS,category_excel_io.py: Invarianten ok
7110,k10_regression_shield,14,PASS,Regressionsschild intakt
7111,k1_first_run_path,11,PASS,Erststartpfad ok
7112,k2_booking_lifecycle,11,PASS,Lebenszyklus ok
7113,k3_bundle_roundtrip,5,PASS,Bundle-Rundlauf ok
7114,k4_guide_coverage,10,PASS,de-Guide deckt Kernfunktionen
7115,k5_help_wiki,11,PASS,Wiki-Topic ok
7116,k6_text_quality,200,PASS,de: 40 Werte sauber
7117,k7_update_path,6,PASS,Update-Pfad ok
7118,k8_key_discipline,60,PASS,Schluesseldisziplin ok
7119,k9_dialog_invariants,3,PASS,category_manager_dialog.py: Invarianten ok
7120,k10_regression_shield,14,PASS,Regressionsschild intakt
7121,k1_first_run_path,11,PASS,Erststartpfad ok
7122,k2_booking_lifecycle,11,PASS,Lebenszyklus ok
7123,k3_bundle_roundtrip,5,PASS,Bundle-Rundlauf ok
7124,k4_guide_coverage,10,PASS,en-Guide deckt Kernfunktionen
7125,k5_help_wiki,11,PASS,Wiki-Topic ok
7126,k6_text_quality,200,PASS,en: 40 Werte sauber
7127,k7_update_path,6,PASS,Update-Pfad ok
7128,k8_key_discipline,60,PASS,Schluesseldisziplin ok
7129,k9_dialog_invariants,1,PASS,category_picker.py: Invarianten ok
7130,k10_regression_shield,14,PASS,Regressionsschild intakt
7131,k1_first_run_path,11,PASS,Erststartpfad ok
7132,k2_booking_lifecycle,11,PASS,Lebenszyklus ok
7133,k3_bundle_roundtrip,5,PASS,Bundle-Rundlauf ok
7134,k4_guide_coverage,10,PASS,fr-Guide deckt Kernfunktionen
7135,k5_help_wiki,11,PASS,Wiki-Topic ok
7136,k6_text_quality,200,PASS,fr: 40 Werte sauber
7137,k7_update_path,6,PASS,Update-Pfad ok
7138,k8_key_discipline,60,PASS,Schluesseldisziplin ok
7139,k9_dialog_invariants,7,PASS,category_properties_dialog.py: Invarianten ok
7140,k10_regression_shield,14,PASS,Regressionsschild intakt
7141,k1_first_run_path,11,PASS,Erststartpfad ok
7142,k2_booking_lifecycle,11,PASS,Lebenszyklus ok
7143,k3_bundle_roundtrip,5,PASS,Bundle-Rundlauf ok
7144,k4_guide_coverage,10,PASS,de-Guide deckt Kernfunktionen
7145,k5_help_wiki,11,PASS,Wiki-Topic ok
7146,k6_text_quality,194,PASS,de: 40 Werte sauber
7147,k7_update_path,6,PASS,Update-Pfad ok
7148,k8_key_discipline,71,PASS,Schluesseldisziplin ok
7149,k9_dialog_invariants,3,PASS,copy_year_dialog.py: Invarianten ok
7150,k10_regression_shield,14,PASS,Regressionsschild intakt
7151,k1_first_run_path,11,PASS,Erststartpfad ok
7152,k2_booking_lifecycle,11,PASS,Lebenszyklus ok
7153,k3_bundle_roundtrip,5,PASS,Bundle-Rundlauf ok
7154,k4_guide_coverage,10,PASS,en-Guide deckt Kernfunktionen
7155,k5_help_wiki,11,PASS,Wiki-Topic ok
7156,k6_text_quality,191,PASS,en: 40 Werte sauber
7157,k7_update_path,6,PASS,Update-Pfad ok
7158,k8_key_discipline,70,PASS,Schluesseldisziplin ok
7159,k9_dialog_invariants,3,PASS,database_management_dialog.py: Invarianten ok
7160,k10_regression_shield,14,PASS,Regressionsschild intakt
7161,k1_first_run_path,11,PASS,Erststartpfad ok
7162,k2_booking_lifecycle,11,PASS,Lebenszyklus ok
7163,k3_bundle_roundtrip,5,PASS,Bundle-Rundlauf ok
7164,k4_guide_coverage,10,PASS,fr-Guide deckt Kernfunktionen
7165,k5_help_wiki,11,PASS,Wiki-Topic ok
7166,k6_text_quality,185,PASS,fr: 40 Werte sauber
7167,k7_update_path,6,PASS,Update-Pfad ok
7168,k8_key_discipline,60,PASS,Schluesseldisziplin ok
7169,k9_dialog_invariants,3,PASS,export_dialog.py: Invarianten ok
7170,k10_regression_shield,14,PASS,Regressionsschild intakt
7171,k1_first_run_path,11,PASS,Erststartpfad ok
7172,k2_booking_lifecycle,11,PASS,Lebenszyklus ok
7173,k3_bundle_roundtrip,5,PASS,Bundle-Rundlauf ok
7174,k4_guide_coverage,10,PASS,de-Guide deckt Kernfunktionen
7175,k5_help_wiki,11,PASS,Wiki-Topic ok
7176,k6_text_quality,200,PASS,de: 40 Werte sauber
7177,k7_update_path,6,PASS,Update-Pfad ok
7178,k8_key_discipline,60,PASS,Schluesseldisziplin ok
7179,k9_dialog_invariants,3,PASS,favorites_dashboard_dialog.py: Invarianten ok
7180,k10_regression_shield,14,PASS,Regressionsschild intakt
7181,k1_first_run_path,11,PASS,Erststartpfad ok
7182,k2_booking_lifecycle,11,PASS,Lebenszyklus ok
7183,k3_bundle_roundtrip,5,PASS,Bundle-Rundlauf ok
7184,k4_guide_coverage,10,PASS,en-Guide deckt Kernfunktionen
7185,k5_help_wiki,11,PASS,Wiki-Topic ok
7186,k6_text_quality,197,PASS,en: 40 Werte sauber
7187,k7_update_path,6,PASS,Update-Pfad ok
7188,k8_key_discipline,61,PASS,Schluesseldisziplin ok
7189,k9_dialog_invariants,3,PASS,global_search_dialog.py: Invarianten ok
7190,k10_regression_shield,14,PASS,Regressionsschild intakt
7191,k1_first_run_path,11,PASS,Erststartpfad ok
7192,k2_booking_lifecycle,11,PASS,Lebenszyklus ok
7193,k3_bundle_roundtrip,5,PASS,Bundle-Rundlauf ok
7194,k4_guide_coverage,10,PASS,fr-Guide deckt Kernfunktionen
7195,k5_help_wiki,11,PASS,Wiki-Topic ok
7196,k6_text_quality,191,PASS,fr: 40 Werte sauber
7197,k7_update_path,6,PASS,Update-Pfad ok
7198,k8_key_discipline,78,PASS,Schluesseldisziplin ok
7199,k9_dialog_invariants,1,PASS,help_content.py: Invarianten ok
7200,k10_regression_shield,14,PASS,Regressionsschild intakt
7201,k1_first_run_path,11,PASS,Erststartpfad ok
7202,k2_booking_lifecycle,11,PASS,Lebenszyklus ok
7203,k3_bundle_roundtrip,5,PASS,Bundle-Rundlauf ok
7204,k4_guide_coverage,10,PASS,de-Guide deckt Kernfunktionen
7205,k5_help_wiki,11,PASS,Wiki-Topic ok
7206,k6_text_quality,200,PASS,de: 40 Werte sauber
7207,k7_update_path,6,PASS,Update-Pfad ok
7208,k8_key_discipline,60,PASS,Schluesseldisziplin ok
7209,k9_dialog_invariants,3,PASS,help_dialog.py: Invarianten ok
7210,k10_regression_shield,14,PASS,Regressionsschild intakt
7211,k1_first_run_path,11,PASS,Erststartpfad ok
7212,k2_booking_lifecycle,11,PASS,Lebenszyklus ok
7213,k3_bundle_roundtrip,5,PASS,Bundle-Rundlauf ok
7214,k4_guide_coverage,10,PASS,en-Guide deckt Kernfunktionen
7215,k5_help_wiki,11,PASS,Wiki-Topic ok
7216,k6_text_quality,197,PASS,en: 40 Werte sauber
7217,k7_update_path,6,PASS,Update-Pfad ok
7218,k8_key_discipline,60,PASS,Schluesseldisziplin ok
7219,k9_dialog_invariants,3,PASS,language_select_dialog.py: Invarianten ok
7220,k10_regression_shield,14,PASS,Regressionsschild intakt
7221,k1_first_run_path,11,PASS,Erststartpfad ok
7222,k2_booking_lifecycle,11,PASS,Lebenszyklus ok
7223,k3_bundle_roundtrip,5,PASS,Bundle-Rundlauf ok
7224,k4_guide_coverage,10,PASS,fr-Guide deckt Kernfunktionen
7225,k5_help_wiki,11,PASS,Wiki-Topic ok
7226,k6_text_quality,200,PASS,fr: 40 Werte sauber
7227,k7_update_path,6,PASS,Update-Pfad ok
7228,k8_key_discipline,60,PASS,Schluesseldisziplin ok
7229,k9_dialog_invariants,7,PASS,login_dialog.py: Invarianten ok
7230,k10_regression_shield,14,PASS,Regressionsschild intakt
7231,k1_first_run_path,11,PASS,Erststartpfad ok
7232,k2_booking_lifecycle,11,PASS,Lebenszyklus ok
7233,k3_bundle_roundtrip,5,PASS,Bundle-Rundlauf ok
7234,k4_guide_coverage,10,PASS,de-Guide deckt Kernfunktionen
7235,k5_help_wiki,11,PASS,Wiki-Topic ok
7236,k6_text_quality,197,PASS,de: 40 Werte sauber
7237,k7_update_path,6,PASS,Update-Pfad ok
7238,k8_key_discipline,60,PASS,Schluesseldisziplin ok
7239,k9_dialog_invariants,5,PASS,main_window.py: Invarianten ok
7240,k10_regression_shield,14,PASS,Regressionsschild intakt
7241,k1_first_run_path,11,PASS,Erststartpfad ok
7242,k2_booking_lifecycle,11,PASS,Lebenszyklus ok
7243,k3_bundle_roundtrip,5,PASS,Bundle-Rundlauf ok
7244,k4_guide_coverage,10,PASS,en-Guide deckt Kernfunktionen
7245,k5_help_wiki,11,PASS,Wiki-Topic ok
7246,k6_text_quality,200,PASS,en: 40 Werte sauber
7247,k7_update_path,6,PASS,Update-Pfad ok
7248,k8_key_discipline,60,PASS,Schluesseldisziplin ok
7249,k9_dialog_invariants,3,PASS,month_close_dialog.py: Invarianten ok
7250,k10_regression_shield,14,PASS,Regressionsschild intakt
7251,k1_first_run_path,11,PASS,Erststartpfad ok
7252,k2_booking_lifecycle,11,PASS,Lebenszyklus ok
7253,k3_bundle_roundtrip,5,PASS,Bundle-Rundlauf ok
7254,k4_guide_coverage,10,PASS,fr-Guide deckt Kernfunktionen
7255,k5_help_wiki,11,PASS,Wiki-Topic ok
7256,k6_text_quality,197,PASS,fr: 40 Werte sauber
7257,k7_update_path,6,PASS,Update-Pfad ok
7258,k8_key_discipline,60,PASS,Schluesseldisziplin ok
7259,k9_dialog_invariants,3,PASS,quick_add_dialog.py: Invarianten ok
7260,k10_regression_shield,14,PASS,Regressionsschild intakt
7261,k1_first_run_path,11,PASS,Erststartpfad ok
7262,k2_booking_lifecycle,11,PASS,Lebenszyklus ok
7263,k3_bundle_roundtrip,5,PASS,Bundle-Rundlauf ok
7264,k4_guide_coverage,10,PASS,de-Guide deckt Kernfunktionen
7265,k5_help_wiki,11,PASS,Wiki-Topic ok
7266,k6_text_quality,185,PASS,de: 40 Werte sauber
7267,k7_update_path,6,PASS,Update-Pfad ok
7268,k8_key_discipline,60,PASS,Schluesseldisziplin ok
7269,k9_dialog_invariants,1,PASS,reauth.py: Invarianten ok
7270,k10_regression_shield,14,PASS,Regressionsschild intakt
7271,k1_first_run_path,11,PASS,Erststartpfad ok
7272,k2_booking_lifecycle,11,PASS,Lebenszyklus ok
7273,k3_bundle_roundtrip,5,PASS,Bundle-Rundlauf ok
7274,k4_guide_coverage,10,PASS,en-Guide deckt Kernfunktionen
7275,k5_help_wiki,11,PASS,Wiki-Topic ok
7276,k6_text_quality,197,PASS,en: 40 Werte sauber
7277,k7_update_path,6,PASS,Update-Pfad ok
7278,k8_key_discipline,60,PASS,Schluesseldisziplin ok
7279,k9_dialog_invariants,3,PASS,recurring_bookings_dialog.py: Invarianten ok
7280,k10_regression_shield,14,PASS,Regressionsschild intakt
7281,k1_first_run_path,11,PASS,Erststartpfad ok
7282,k2_booking_lifecycle,11,PASS,Lebenszyklus ok
7283,k3_bundle_roundtrip,5,PASS,Bundle-Rundlauf ok
7284,k4_guide_coverage,10,PASS,fr-Guide deckt Kernfunktionen
7285,k5_help_wiki,11,PASS,Wiki-Topic ok
7286,k6_text_quality,200,PASS,fr: 40 Werte sauber
7287,k7_update_path,6,PASS,Update-Pfad ok
7288,k8_key_discipline,65,PASS,Schluesseldisziplin ok
7289,k9_dialog_invariants,3,PASS,restore_key_dialog.py: Invarianten ok
7290,k10_regression_shield,14,PASS,Regressionsschild intakt
7291,k1_first_run_path,11,PASS,Erststartpfad ok
7292,k2_booking_lifecycle,11,PASS,Lebenszyklus ok
7293,k3_bundle_roundtrip,5,PASS,Bundle-Rundlauf ok
7294,k4_guide_coverage,10,PASS,de-Guide deckt Kernfunktionen
7295,k5_help_wiki,11,PASS,Wiki-Topic ok
7296,k6_text_quality,200,PASS,de: 40 Werte sauber
7297,k7_update_path,6,PASS,Update-Pfad ok
7298,k8_key_discipline,66,PASS,Schluesseldisziplin ok
7299,k9_dialog_invariants,1,PASS,savings_goal_messages.py: Invarianten ok
7300,k10_regression_shield,14,PASS,Regressionsschild intakt
7301,k1_first_run_path,11,PASS,Erststartpfad ok
7302,k2_booking_lifecycle,11,PASS,Lebenszyklus ok
7303,k3_bundle_roundtrip,5,PASS,Bundle-Rundlauf ok
7304,k4_guide_coverage,10,PASS,en-Guide deckt Kernfunktionen
7305,k5_help_wiki,11,PASS,Wiki-Topic ok
7306,k6_text_quality,197,PASS,en: 40 Werte sauber
7307,k7_update_path,6,PASS,Update-Pfad ok
7308,k8_key_discipline,65,PASS,Schluesseldisziplin ok
7309,k9_dialog_invariants,7,PASS,savings_goals_dialog.py: Invarianten ok
7310,k10_regression_shield,14,PASS,Regressionsschild intakt
7311,k1_first_run_path,11,PASS,Erststartpfad ok
7312,k2_booking_lifecycle,11,PASS,Lebenszyklus ok
7313,k3_bundle_roundtrip,5,PASS,Bundle-Rundlauf ok
7314,k4_guide_coverage,10,PASS,fr-Guide deckt Kernfunktionen
7315,k5_help_wiki,11,PASS,Wiki-Topic ok
7316,k6_text_quality,197,PASS,fr: 40 Werte sauber
7317,k7_update_path,6,PASS,Update-Pfad ok
7318,k8_key_discipline,60,PASS,Schluesseldisziplin ok
7319,k9_dialog_invariants,3,PASS,setup_assistant_dialog.py: Invarianten ok
7320,k10_regression_shield,14,PASS,Regressionsschild intakt
7321,k1_first_run_path,11,PASS,Erststartpfad ok
7322,k2_booking_lifecycle,11,PASS,Lebenszyklus ok
7323,k3_bundle_roundtrip,5,PASS,Bundle-Rundlauf ok
7324,k4_guide_coverage,10,PASS,de-Guide deckt Kernfunktionen
7325,k5_help_wiki,11,PASS,Wiki-Topic ok
7326,k6_text_quality,200,PASS,de: 40 Werte sauber
7327,k7_update_path,6,PASS,Update-Pfad ok
7328,k8_key_discipline,60,PASS,Schluesseldisziplin ok
7329,k9_dialog_invariants,3,PASS,shortcuts_dialog.py: Invarianten ok
7330,k10_regression_shield,14,PASS,Regressionsschild intakt
7331,k1_first_run_path,11,PASS,Erststartpfad ok
7332,k2_booking_lifecycle,11,PASS,Lebenszyklus ok
7333,k3_bundle_roundtrip,5,PASS,Bundle-Rundlauf ok
7334,k4_guide_coverage,10,PASS,en-Guide deckt Kernfunktionen
7335,k5_help_wiki,11,PASS,Wiki-Topic ok
7336,k6_text_quality,200,PASS,en: 40 Werte sauber
7337,k7_update_path,6,PASS,Update-Pfad ok
7338,k8_key_discipline,60,PASS,Schluesseldisziplin ok
7339,k9_dialog_invariants,3,PASS,special_income_dialog.py: Invarianten ok
7340,k10_regression_shield,14,PASS,Regressionsschild intakt
7341,k1_first_run_path,11,PASS,Erststartpfad ok
7342,k2_booking_lifecycle,11,PASS,Lebenszyklus ok
7343,k3_bundle_roundtrip,5,PASS,Bundle-Rundlauf ok
7344,k4_guide_coverage,10,PASS,fr-Guide deckt Kernfunktionen
7345,k5_help_wiki,11,PASS,Wiki-Topic ok
7346,k6_text_quality,188,PASS,fr: 40 Werte sauber
7347,k7_update_path,6,PASS,Update-Pfad ok
7348,k8_key_discipline,61,PASS,Schluesseldisziplin ok
7349,k9_dialog_invariants,3,PASS,startup_wizard.py: Invarianten ok
7350,k10_regression_shield,14,PASS,Regressionsschild intakt
7351,k1_first_run_path,11,PASS,Erststartpfad ok
7352,k2_booking_lifecycle,11,PASS,Lebenszyklus ok
7353,k3_bundle_roundtrip,5,PASS,Bundle-Rundlauf ok
7354,k4_guide_coverage,10,PASS,de-Guide deckt Kernfunktionen
7355,k5_help_wiki,11,PASS,Wiki-Topic ok
7356,k6_text_quality,197,PASS,de: 40 Werte sauber
7357,k7_update_path,6,PASS,Update-Pfad ok
7358,k8_key_discipline,60,PASS,Schluesseldisziplin ok
7359,k9_dialog_invariants,3,PASS,tags_manager_dialog.py: Invarianten ok
7360,k10_regression_shield,14,PASS,Regressionsschild intakt
7361,k1_first_run_path,11,PASS,Erststartpfad ok
7362,k2_booking_lifecycle,11,PASS,Lebenszyklus ok
7363,k3_bundle_roundtrip,5,PASS,Bundle-Rundlauf ok
7364,k4_guide_coverage,10,PASS,en-Guide deckt Kernfunktionen
7365,k5_help_wiki,11,PASS,Wiki-Topic ok
7366,k6_text_quality,194,PASS,en: 40 Werte sauber
7367,k7_update_path,6,PASS,Update-Pfad ok
7368,k8_key_discipline,66,PASS,Schluesseldisziplin ok
7369,k9_dialog_invariants,3,PASS,theme_editor_dialog.py: Invarianten ok
7370,k10_regression_shield,14,PASS,Regressionsschild intakt
7371,k1_first_run_path,11,PASS,Erststartpfad ok
7372,k2_booking_lifecycle,11,PASS,Lebenszyklus ok
7373,k3_bundle_roundtrip,5,PASS,Bundle-Rundlauf ok
7374,k4_guide_coverage,10,PASS,fr-Guide deckt Kernfunktionen
7375,k5_help_wiki,11,PASS,Wiki-Topic ok
7376,k6_text_quality,200,PASS,fr: 40 Werte sauber
7377,k7_update_path,6,PASS,Update-Pfad ok
7378,k8_key_discipline,68,PASS,Schluesseldisziplin ok
7379,k9_dialog_invariants,1,PASS,type_color_helper.py: Invarianten ok
7380,k10_regression_shield,14,PASS,Regressionsschild intakt
7381,k1_first_run_path,11,PASS,Erststartpfad ok
7382,k2_booking_lifecycle,11,PASS,Lebenszyklus ok
7383,k3_bundle_roundtrip,5,PASS,Bundle-Rundlauf ok
7384,k4_guide_coverage,10,PASS,de-Guide deckt Kernfunktionen
7385,k5_help_wiki,11,PASS,Wiki-Topic ok
7386,k6_text_quality,200,PASS,de: 40 Werte sauber
7387,k7_update_path,6,PASS,Update-Pfad ok
7388,k8_key_discipline,62,PASS,Schluesseldisziplin ok
7389,k9_dialog_invariants,1,PASS,ui_colors.py: Invarianten ok
7390,k10_regression_shield,14,PASS,Regressionsschild intakt
7391,k1_first_run_path,11,PASS,Erststartpfad ok
7392,k2_booking_lifecycle,11,PASS,Lebenszyklus ok
7393,k3_bundle_roundtrip,5,PASS,Bundle-Rundlauf ok
7394,k4_guide_coverage,10,PASS,en-Guide deckt Kernfunktionen
7395,k5_help_wiki,11,PASS,Wiki-Topic ok
7396,k6_text_quality,200,PASS,en: 40 Werte sauber
7397,k7_update_path,6,PASS,Update-Pfad ok
7398,k8_key_discipline,70,PASS,Schluesseldisziplin ok
7399,k9_dialog_invariants,3,PASS,update_dialog.py: Invarianten ok
7400,k10_regression_shield,14,PASS,Regressionsschild intakt
7401,k1_first_run_path,11,PASS,Erststartpfad ok
7402,k2_booking_lifecycle,11,PASS,Lebenszyklus ok
7403,k3_bundle_roundtrip,5,PASS,Bundle-Rundlauf ok
7404,k4_guide_coverage,10,PASS,fr-Guide deckt Kernfunktionen
7405,k5_help_wiki,11,PASS,Wiki-Topic ok
7406,k6_text_quality,176,PASS,fr: 40 Werte sauber
7407,k7_update_path,6,PASS,Update-Pfad ok
7408,k8_key_discipline,60,PASS,Schluesseldisziplin ok
7409,k9_dialog_invariants,1,PASS,account_data_hub.py: Invarianten ok
7410,k10_regression_shield,14,PASS,Regressionsschild intakt
7411,k1_first_run_path,11,PASS,Erststartpfad ok
7412,k2_booking_lifecycle,11,PASS,Lebenszyklus ok
7413,k3_bundle_roundtrip,5,PASS,Bundle-Rundlauf ok
7414,k4_guide_coverage,10,PASS,de-Guide deckt Kernfunktionen
7415,k5_help_wiki,11,PASS,Wiki-Topic ok
7416,k6_text_quality,188,PASS,de: 40 Werte sauber
7417,k7_update_path,6,PASS,Update-Pfad ok
7418,k8_key_discipline,60,PASS,Schluesseldisziplin ok
7419,k9_dialog_invariants,3,PASS,account_management_dialog.py: Invarianten ok
7420,k10_regression_shield,14,PASS,Regressionsschild intakt
7421,k1_first_run_path,11,PASS,Erststartpfad ok
7422,k2_booking_lifecycle,11,PASS,Lebenszyklus ok
7423,k3_bundle_roundtrip,5,PASS,Bundle-Rundlauf ok
7424,k4_guide_coverage,10,PASS,en-Guide deckt Kernfunktionen
7425,k5_help_wiki,11,PASS,Wiki-Topic ok
7426,k6_text_quality,191,PASS,en: 40 Werte sauber
7427,k7_update_path,6,PASS,Update-Pfad ok
7428,k8_key_discipline,60,PASS,Schluesseldisziplin ok
7429,k9_dialog_invariants,3,PASS,backup_restore_dialog.py: Invarianten ok
7430,k10_regression_shield,14,PASS,Regressionsschild intakt
7431,k1_first_run_path,11,PASS,Erststartpfad ok
7432,k2_booking_lifecycle,11,PASS,Lebenszyklus ok
7433,k3_bundle_roundtrip,5,PASS,Bundle-Rundlauf ok
7434,k4_guide_coverage,10,PASS,fr-Guide deckt Kernfunktionen
7435,k5_help_wiki,11,PASS,Wiki-Topic ok
7436,k6_text_quality,191,PASS,fr: 40 Werte sauber
7437,k7_update_path,6,PASS,Update-Pfad ok
7438,k8_key_discipline,65,PASS,Schluesseldisziplin ok
7439,k9_dialog_invariants,5,PASS,budget_adjustment_dialog.py: Invarianten ok
7440,k10_regression_shield,14,PASS,Regressionsschild intakt
7441,k1_first_run_path,11,PASS,Erststartpfad ok
7442,k2_booking_lifecycle,11,PASS,Lebenszyklus ok
7443,k3_bundle_roundtrip,5,PASS,Bundle-Rundlauf ok
7444,k4_guide_coverage,10,PASS,de-Guide deckt Kernfunktionen
7445,k5_help_wiki,11,PASS,Wiki-Topic ok
7446,k6_text_quality,200,PASS,de: 40 Werte sauber
7447,k7_update_path,6,PASS,Update-Pfad ok
7448,k8_key_discipline,60,PASS,Schluesseldisziplin ok
7449,k9_dialog_invariants,5,PASS,budget_entry_dialog_extended.py: Invarianten ok
7450,k10_regression_shield,14,PASS,Regressionsschild intakt
7451,k1_first_run_path,11,PASS,Erststartpfad ok
7452,k2_booking_lifecycle,11,PASS,Lebenszyklus ok
7453,k3_bundle_roundtrip,5,PASS,Bundle-Rundlauf ok
7454,k4_guide_coverage,10,PASS,en-Guide deckt Kernfunktionen
7455,k5_help_wiki,11,PASS,Wiki-Topic ok
7456,k6_text_quality,200,PASS,en: 40 Werte sauber
7457,k7_update_path,6,PASS,Update-Pfad ok
7458,k8_key_discipline,62,PASS,Schluesseldisziplin ok
7459,k9_dialog_invariants,3,PASS,budget_fill_dialog.py: Invarianten ok
7460,k10_regression_shield,14,PASS,Regressionsschild intakt
7461,k1_first_run_path,11,PASS,Erststartpfad ok
7462,k2_booking_lifecycle,11,PASS,Lebenszyklus ok
7463,k3_bundle_roundtrip,5,PASS,Bundle-Rundlauf ok
7464,k4_guide_coverage,10,PASS,fr-Guide deckt Kernfunktionen
7465,k5_help_wiki,11,PASS,Wiki-Topic ok
7466,k6_text_quality,200,PASS,fr: 40 Werte sauber
7467,k7_update_path,6,PASS,Update-Pfad ok
7468,k8_key_discipline,60,PASS,Schluesseldisziplin ok
7469,k9_dialog_invariants,3,PASS,category_delete_dialog.py: Invarianten ok
7470,k10_regression_shield,14,PASS,Regressionsschild intakt
7471,k1_first_run_path,11,PASS,Erststartpfad ok
7472,k2_booking_lifecycle,11,PASS,Lebenszyklus ok
7473,k3_bundle_roundtrip,5,PASS,Bundle-Rundlauf ok
7474,k4_guide_coverage,10,PASS,de-Guide deckt Kernfunktionen
7475,k5_help_wiki,11,PASS,Wiki-Topic ok
7476,k6_text_quality,200,PASS,de: 40 Werte sauber
7477,k7_update_path,6,PASS,Update-Pfad ok
7478,k8_key_discipline,47,PASS,Schluesseldisziplin ok
7479,k9_dialog_invariants,1,PASS,category_excel_io.py: Invarianten ok
7480,k10_regression_shield,14,PASS,Regressionsschild intakt
7481,k1_first_run_path,11,PASS,Erststartpfad ok
7482,k2_booking_lifecycle,11,PASS,Lebenszyklus ok
7483,k3_bundle_roundtrip,5,PASS,Bundle-Rundlauf ok
7484,k4_guide_coverage,10,PASS,en-Guide deckt Kernfunktionen
7485,k5_help_wiki,11,PASS,Wiki-Topic ok
7486,k6_text_quality,200,PASS,en: 40 Werte sauber
7487,k7_update_path,6,PASS,Update-Pfad ok
7488,k8_key_discipline,4,PASS,Schluesseldisziplin ok
7489,k9_dialog_invariants,3,PASS,category_manager_dialog.py: Invarianten ok
7490,k10_regression_shield,14,PASS,Regressionsschild intakt
7491,k1_first_run_path,11,PASS,Erststartpfad ok
7492,k2_booking_lifecycle,11,PASS,Lebenszyklus ok
7493,k3_bundle_roundtrip,5,PASS,Bundle-Rundlauf ok
7494,k4_guide_coverage,10,PASS,fr-Guide deckt Kernfunktionen
7495,k5_help_wiki,11,PASS,Wiki-Topic ok
7496,k6_text_quality,200,PASS,fr: 40 Werte sauber
7497,k7_update_path,6,PASS,Update-Pfad ok
7498,k8_key_discipline,61,PASS,Schluesseldisziplin ok
7499,k9_dialog_invariants,1,PASS,category_picker.py: Invarianten ok
7500,k10_regression_shield,14,PASS,Regressionsschild intakt
7501,k1_first_run_path,11,PASS,Erststartpfad ok
7502,k2_booking_lifecycle,11,PASS,Lebenszyklus ok
7503,k3_bundle_roundtrip,5,PASS,Bundle-Rundlauf ok
7504,k4_guide_coverage,10,PASS,de-Guide deckt Kernfunktionen
7505,k5_help_wiki,11,PASS,Wiki-Topic ok
7506,k6_text_quality,30,PASS,de: 6 Werte sauber
7507,k7_update_path,6,PASS,Update-Pfad ok
7508,k8_key_discipline,61,PASS,Schluesseldisziplin ok
7509,k9_dialog_invariants,7,PASS,category_properties_dialog.py: Invarianten ok
7510,k10_regression_shield,14,PASS,Regressionsschild intakt
7511,k1_first_run_path,11,PASS,Erststartpfad ok
7512,k2_booking_lifecycle,11,PASS,Lebenszyklus ok
7513,k3_bundle_roundtrip,5,PASS,Bundle-Rundlauf ok
7514,k4_guide_coverage,10,PASS,en-Guide deckt Kernfunktionen
7515,k5_help_wiki,11,PASS,Wiki-Topic ok
7516,k6_text_quality,200,PASS,en: 40 Werte sauber
7517,k7_update_path,6,PASS,Update-Pfad ok
7518,k8_key_discipline,60,PASS,Schluesseldisziplin ok
7519,k9_dialog_invariants,3,PASS,copy_year_dialog.py: Invarianten ok
7520,k10_regression_shield,14,PASS,Regressionsschild intakt
7521,k1_first_run_path,11,PASS,Erststartpfad ok
7522,k2_booking_lifecycle,11,PASS,Lebenszyklus ok
7523,k3_bundle_roundtrip,5,PASS,Bundle-Rundlauf ok
7524,k4_guide_coverage,10,PASS,fr-Guide deckt Kernfunktionen
7525,k5_help_wiki,11,PASS,Wiki-Topic ok
7526,k6_text_quality,194,PASS,fr: 40 Werte sauber
7527,k7_update_path,6,PASS,Update-Pfad ok
7528,k8_key_discipline,60,PASS,Schluesseldisziplin ok
7529,k9_dialog_invariants,3,PASS,database_management_dialog.py: Invarianten ok
7530,k10_regression_shield,14,PASS,Regressionsschild intakt
7531,k1_first_run_path,11,PASS,Erststartpfad ok
7532,k2_booking_lifecycle,11,PASS,Lebenszyklus ok
7533,k3_bundle_roundtrip,5,PASS,Bundle-Rundlauf ok
7534,k4_guide_coverage,10,PASS,de-Guide deckt Kernfunktionen
7535,k5_help_wiki,11,PASS,Wiki-Topic ok
7536,k6_text_quality,194,PASS,de: 40 Werte sauber
7537,k7_update_path,6,PASS,Update-Pfad ok
7538,k8_key_discipline,60,PASS,Schluesseldisziplin ok
7539,k9_dialog_invariants,3,PASS,export_dialog.py: Invarianten ok
7540,k10_regression_shield,14,PASS,Regressionsschild intakt
7541,k1_first_run_path,11,PASS,Erststartpfad ok
7542,k2_booking_lifecycle,11,PASS,Lebenszyklus ok
7543,k3_bundle_roundtrip,5,PASS,Bundle-Rundlauf ok
7544,k4_guide_coverage,10,PASS,en-Guide deckt Kernfunktionen
7545,k5_help_wiki,11,PASS,Wiki-Topic ok
7546,k6_text_quality,179,PASS,en: 40 Werte sauber
7547,k7_update_path,6,PASS,Update-Pfad ok
7548,k8_key_discipline,60,PASS,Schluesseldisziplin ok
7549,k9_dialog_invariants,3,PASS,favorites_dashboard_dialog.py: Invarianten ok
7550,k10_regression_shield,14,PASS,Regressionsschild intakt
7551,k1_first_run_path,11,PASS,Erststartpfad ok
7552,k2_booking_lifecycle,11,PASS,Lebenszyklus ok
7553,k3_bundle_roundtrip,5,PASS,Bundle-Rundlauf ok
7554,k4_guide_coverage,10,PASS,fr-Guide deckt Kernfunktionen
7555,k5_help_wiki,11,PASS,Wiki-Topic ok
7556,k6_text_quality,194,PASS,fr: 40 Werte sauber
7557,k7_update_path,6,PASS,Update-Pfad ok
7558,k8_key_discipline,62,PASS,Schluesseldisziplin ok
7559,k9_dialog_invariants,3,PASS,global_search_dialog.py: Invarianten ok
7560,k10_regression_shield,14,PASS,Regressionsschild intakt
7561,k1_first_run_path,11,PASS,Erststartpfad ok
7562,k2_booking_lifecycle,11,PASS,Lebenszyklus ok
7563,k3_bundle_roundtrip,5,PASS,Bundle-Rundlauf ok
7564,k4_guide_coverage,10,PASS,de-Guide deckt Kernfunktionen
7565,k5_help_wiki,11,PASS,Wiki-Topic ok
7566,k6_text_quality,200,PASS,de: 40 Werte sauber
7567,k7_update_path,6,PASS,Update-Pfad ok
7568,k8_key_discipline,68,PASS,Schluesseldisziplin ok
7569,k9_dialog_invariants,1,PASS,help_content.py: Invarianten ok
7570,k10_regression_shield,14,PASS,Regressionsschild intakt
7571,k1_first_run_path,11,PASS,Erststartpfad ok
7572,k2_booking_lifecycle,11,PASS,Lebenszyklus ok
7573,k3_bundle_roundtrip,5,PASS,Bundle-Rundlauf ok
7574,k4_guide_coverage,10,PASS,en-Guide deckt Kernfunktionen
7575,k5_help_wiki,11,PASS,Wiki-Topic ok
7576,k6_text_quality,191,PASS,en: 40 Werte sauber
7577,k7_update_path,6,PASS,Update-Pfad ok
7578,k8_key_discipline,62,PASS,Schluesseldisziplin ok
7579,k9_dialog_invariants,3,PASS,help_dialog.py: Invarianten ok
7580,k10_regression_shield,14,PASS,Regressionsschild intakt
7581,k1_first_run_path,11,PASS,Erststartpfad ok
7582,k2_booking_lifecycle,11,PASS,Lebenszyklus ok
7583,k3_bundle_roundtrip,5,PASS,Bundle-Rundlauf ok
7584,k4_guide_coverage,10,PASS,fr-Guide deckt Kernfunktionen
7585,k5_help_wiki,11,PASS,Wiki-Topic ok
7586,k6_text_quality,200,PASS,fr: 40 Werte sauber
7587,k7_update_path,6,PASS,Update-Pfad ok
7588,k8_key_discipline,61,PASS,Schluesseldisziplin ok
7589,k9_dialog_invariants,3,PASS,language_select_dialog.py: Invarianten ok
7590,k10_regression_shield,14,PASS,Regressionsschild intakt
7591,k1_first_run_path,11,PASS,Erststartpfad ok
7592,k2_booking_lifecycle,11,PASS,Lebenszyklus ok
7593,k3_bundle_roundtrip,5,PASS,Bundle-Rundlauf ok
7594,k4_guide_coverage,10,PASS,de-Guide deckt Kernfunktionen
7595,k5_help_wiki,11,PASS,Wiki-Topic ok
7596,k6_text_quality,200,PASS,de: 40 Werte sauber
7597,k7_update_path,6,PASS,Update-Pfad ok
7598,k8_key_discipline,60,PASS,Schluesseldisziplin ok
7599,k9_dialog_invariants,7,PASS,login_dialog.py: Invarianten ok
7600,k10_regression_shield,14,PASS,Regressionsschild intakt
7601,k1_first_run_path,11,PASS,Erststartpfad ok
7602,k2_booking_lifecycle,11,PASS,Lebenszyklus ok
7603,k3_bundle_roundtrip,5,PASS,Bundle-Rundlauf ok
7604,k4_guide_coverage,10,PASS,en-Guide deckt Kernfunktionen
7605,k5_help_wiki,11,PASS,Wiki-Topic ok
7606,k6_text_quality,197,PASS,en: 40 Werte sauber
7607,k7_update_path,6,PASS,Update-Pfad ok
7608,k8_key_discipline,60,PASS,Schluesseldisziplin ok
7609,k9_dialog_invariants,5,PASS,main_window.py: Invarianten ok
7610,k10_regression_shield,14,PASS,Regressionsschild intakt
7611,k1_first_run_path,11,PASS,Erststartpfad ok
7612,k2_booking_lifecycle,11,PASS,Lebenszyklus ok
7613,k3_bundle_roundtrip,5,PASS,Bundle-Rundlauf ok
7614,k4_guide_coverage,10,PASS,fr-Guide deckt Kernfunktionen
7615,k5_help_wiki,11,PASS,Wiki-Topic ok
7616,k6_text_quality,197,PASS,fr: 40 Werte sauber
7617,k7_update_path,6,PASS,Update-Pfad ok
7618,k8_key_discipline,60,PASS,Schluesseldisziplin ok
7619,k9_dialog_invariants,3,PASS,month_close_dialog.py: Invarianten ok
7620,k10_regression_shield,14,PASS,Regressionsschild intakt
7621,k1_first_run_path,11,PASS,Erststartpfad ok
7622,k2_booking_lifecycle,11,PASS,Lebenszyklus ok
7623,k3_bundle_roundtrip,5,PASS,Bundle-Rundlauf ok
7624,k4_guide_coverage,10,PASS,de-Guide deckt Kernfunktionen
7625,k5_help_wiki,11,PASS,Wiki-Topic ok
7626,k6_text_quality,200,PASS,de: 40 Werte sauber
7627,k7_update_path,6,PASS,Update-Pfad ok
7628,k8_key_discipline,60,PASS,Schluesseldisziplin ok
7629,k9_dialog_invariants,3,PASS,quick_add_dialog.py: Invarianten ok
7630,k10_regression_shield,14,PASS,Regressionsschild intakt
7631,k1_first_run_path,11,PASS,Erststartpfad ok
7632,k2_booking_lifecycle,11,PASS,Lebenszyklus ok
7633,k3_bundle_roundtrip,5,PASS,Bundle-Rundlauf ok
7634,k4_guide_coverage,10,PASS,en-Guide deckt Kernfunktionen
7635,k5_help_wiki,11,PASS,Wiki-Topic ok
7636,k6_text_quality,200,PASS,en: 40 Werte sauber
7637,k7_update_path,6,PASS,Update-Pfad ok
7638,k8_key_discipline,71,PASS,Schluesseldisziplin ok
7639,k9_dialog_invariants,1,PASS,reauth.py: Invarianten ok
7640,k10_regression_shield,14,PASS,Regressionsschild intakt
7641,k1_first_run_path,11,PASS,Erststartpfad ok
7642,k2_booking_lifecycle,11,PASS,Lebenszyklus ok
7643,k3_bundle_roundtrip,5,PASS,Bundle-Rundlauf ok
7644,k4_guide_coverage,10,PASS,fr-Guide deckt Kernfunktionen
7645,k5_help_wiki,11,PASS,Wiki-Topic ok
7646,k6_text_quality,200,PASS,fr: 40 Werte sauber
7647,k7_update_path,6,PASS,Update-Pfad ok
7648,k8_key_discipline,70,PASS,Schluesseldisziplin ok
7649,k9_dialog_invariants,3,PASS,recurring_bookings_dialog.py: Invarianten ok
7650,k10_regression_shield,14,PASS,Regressionsschild intakt
7651,k1_first_run_path,11,PASS,Erststartpfad ok
7652,k2_booking_lifecycle,11,PASS,Lebenszyklus ok
7653,k3_bundle_roundtrip,5,PASS,Bundle-Rundlauf ok
7654,k4_guide_coverage,10,PASS,de-Guide deckt Kernfunktionen
7655,k5_help_wiki,11,PASS,Wiki-Topic ok
7656,k6_text_quality,200,PASS,de: 40 Werte sauber
7657,k7_update_path,6,PASS,Update-Pfad ok
7658,k8_key_discipline,60,PASS,Schluesseldisziplin ok
7659,k9_dialog_invariants,3,PASS,restore_key_dialog.py: Invarianten ok
7660,k10_regression_shield,14,PASS,Regressionsschild intakt
7661,k1_first_run_path,11,PASS,Erststartpfad ok
7662,k2_booking_lifecycle,11,PASS,Lebenszyklus ok
7663,k3_bundle_roundtrip,5,PASS,Bundle-Rundlauf ok
7664,k4_guide_coverage,10,PASS,en-Guide deckt Kernfunktionen
7665,k5_help_wiki,11,PASS,Wiki-Topic ok
7666,k6_text_quality,194,PASS,en: 40 Werte sauber
7667,k7_update_path,6,PASS,Update-Pfad ok
7668,k8_key_discipline,60,PASS,Schluesseldisziplin ok
7669,k9_dialog_invariants,1,PASS,savings_goal_messages.py: Invarianten ok
7670,k10_regression_shield,14,PASS,Regressionsschild intakt
7671,k1_first_run_path,11,PASS,Erststartpfad ok
7672,k2_booking_lifecycle,11,PASS,Lebenszyklus ok
7673,k3_bundle_roundtrip,5,PASS,Bundle-Rundlauf ok
7674,k4_guide_coverage,10,PASS,fr-Guide deckt Kernfunktionen
7675,k5_help_wiki,11,PASS,Wiki-Topic ok
7676,k6_text_quality,200,PASS,fr: 40 Werte sauber
7677,k7_update_path,6,PASS,Update-Pfad ok
7678,k8_key_discipline,61,PASS,Schluesseldisziplin ok
7679,k9_dialog_invariants,7,PASS,savings_goals_dialog.py: Invarianten ok
7680,k10_regression_shield,14,PASS,Regressionsschild intakt
7681,k1_first_run_path,11,PASS,Erststartpfad ok
7682,k2_booking_lifecycle,11,PASS,Lebenszyklus ok
7683,k3_bundle_roundtrip,5,PASS,Bundle-Rundlauf ok
7684,k4_guide_coverage,10,PASS,de-Guide deckt Kernfunktionen
7685,k5_help_wiki,11,PASS,Wiki-Topic ok
7686,k6_text_quality,200,PASS,de: 40 Werte sauber
7687,k7_update_path,6,PASS,Update-Pfad ok
7688,k8_key_discipline,78,PASS,Schluesseldisziplin ok
7689,k9_dialog_invariants,3,PASS,setup_assistant_dialog.py: Invarianten ok
7690,k10_regression_shield,14,PASS,Regressionsschild intakt
7691,k1_first_run_path,11,PASS,Erststartpfad ok
7692,k2_booking_lifecycle,11,PASS,Lebenszyklus ok
7693,k3_bundle_roundtrip,5,PASS,Bundle-Rundlauf ok
7694,k4_guide_coverage,10,PASS,en-Guide deckt Kernfunktionen
7695,k5_help_wiki,11,PASS,Wiki-Topic ok
7696,k6_text_quality,194,PASS,en: 40 Werte sauber
7697,k7_update_path,6,PASS,Update-Pfad ok
7698,k8_key_discipline,60,PASS,Schluesseldisziplin ok
7699,k9_dialog_invariants,3,PASS,shortcuts_dialog.py: Invarianten ok
7700,k10_regression_shield,14,PASS,Regressionsschild intakt
7701,k1_first_run_path,11,PASS,Erststartpfad ok
7702,k2_booking_lifecycle,11,PASS,Lebenszyklus ok
7703,k3_bundle_roundtrip,5,PASS,Bundle-Rundlauf ok
7704,k4_guide_coverage,10,PASS,fr-Guide deckt Kernfunktionen
7705,k5_help_wiki,11,PASS,Wiki-Topic ok
7706,k6_text_quality,200,PASS,fr: 40 Werte sauber
7707,k7_update_path,6,PASS,Update-Pfad ok
7708,k8_key_discipline,60,PASS,Schluesseldisziplin ok
7709,k9_dialog_invariants,3,PASS,special_income_dialog.py: Invarianten ok
7710,k10_regression_shield,14,PASS,Regressionsschild intakt
7711,k1_first_run_path,11,PASS,Erststartpfad ok
7712,k2_booking_lifecycle,11,PASS,Lebenszyklus ok
7713,k3_bundle_roundtrip,5,PASS,Bundle-Rundlauf ok
7714,k4_guide_coverage,10,PASS,de-Guide deckt Kernfunktionen
7715,k5_help_wiki,11,PASS,Wiki-Topic ok
7716,k6_text_quality,200,PASS,de: 40 Werte sauber
7717,k7_update_path,6,PASS,Update-Pfad ok
7718,k8_key_discipline,60,PASS,Schluesseldisziplin ok
7719,k9_dialog_invariants,3,PASS,startup_wizard.py: Invarianten ok
7720,k10_regression_shield,14,PASS,Regressionsschild intakt
7721,k1_first_run_path,11,PASS,Erststartpfad ok
7722,k2_booking_lifecycle,11,PASS,Lebenszyklus ok
7723,k3_bundle_roundtrip,5,PASS,Bundle-Rundlauf ok
7724,k4_guide_coverage,10,PASS,en-Guide deckt Kernfunktionen
7725,k5_help_wiki,11,PASS,Wiki-Topic ok
7726,k6_text_quality,200,PASS,en: 40 Werte sauber
7727,k7_update_path,6,PASS,Update-Pfad ok
7728,k8_key_discipline,60,PASS,Schluesseldisziplin ok
7729,k9_dialog_invariants,3,PASS,tags_manager_dialog.py: Invarianten ok
7730,k10_regression_shield,14,PASS,Regressionsschild intakt
7731,k1_first_run_path,11,PASS,Erststartpfad ok
7732,k2_booking_lifecycle,11,PASS,Lebenszyklus ok
7733,k3_bundle_roundtrip,5,PASS,Bundle-Rundlauf ok
7734,k4_guide_coverage,10,PASS,fr-Guide deckt Kernfunktionen
7735,k5_help_wiki,11,PASS,Wiki-Topic ok
7736,k6_text_quality,200,PASS,fr: 40 Werte sauber
7737,k7_update_path,6,PASS,Update-Pfad ok
7738,k8_key_discipline,60,PASS,Schluesseldisziplin ok
7739,k9_dialog_invariants,3,PASS,theme_editor_dialog.py: Invarianten ok
7740,k10_regression_shield,14,PASS,Regressionsschild intakt
7741,k1_first_run_path,11,PASS,Erststartpfad ok
7742,k2_booking_lifecycle,11,PASS,Lebenszyklus ok
7743,k3_bundle_roundtrip,5,PASS,Bundle-Rundlauf ok
7744,k4_guide_coverage,10,PASS,de-Guide deckt Kernfunktionen
7745,k5_help_wiki,11,PASS,Wiki-Topic ok
7746,k6_text_quality,200,PASS,de: 40 Werte sauber
7747,k7_update_path,6,PASS,Update-Pfad ok
7748,k8_key_discipline,60,PASS,Schluesseldisziplin ok
7749,k9_dialog_invariants,1,PASS,type_color_helper.py: Invarianten ok
7750,k10_regression_shield,14,PASS,Regressionsschild intakt
7751,k1_first_run_path,11,PASS,Erststartpfad ok
7752,k2_booking_lifecycle,11,PASS,Lebenszyklus ok
7753,k3_bundle_roundtrip,5,PASS,Bundle-Rundlauf ok
7754,k4_guide_coverage,10,PASS,en-Guide deckt Kernfunktionen
7755,k5_help_wiki,11,PASS,Wiki-Topic ok
7756,k6_text_quality,200,PASS,en: 40 Werte sauber
7757,k7_update_path,6,PASS,Update-Pfad ok
7758,k8_key_discipline,60,PASS,Schluesseldisziplin ok
7759,k9_dialog_invariants,1,PASS,ui_colors.py: Invarianten ok
7760,k10_regression_shield,14,PASS,Regressionsschild intakt
7761,k1_first_run_path,11,PASS,Erststartpfad ok
7762,k2_booking_lifecycle,11,PASS,Lebenszyklus ok
7763,k3_bundle_roundtrip,5,PASS,Bundle-Rundlauf ok
7764,k4_guide_coverage,10,PASS,fr-Guide deckt Kernfunktionen
7765,k5_help_wiki,11,PASS,Wiki-Topic ok
7766,k6_text_quality,197,PASS,fr: 40 Werte sauber
7767,k7_update_path,6,PASS,Update-Pfad ok
7768,k8_key_discipline,60,PASS,Schluesseldisziplin ok
7769,k9_dialog_invariants,3,PASS,update_dialog.py: Invarianten ok
7770,k10_regression_shield,14,PASS,Regressionsschild intakt
7771,k1_first_run_path,11,PASS,Erststartpfad ok
7772,k2_booking_lifecycle,11,PASS,Lebenszyklus ok
7773,k3_bundle_roundtrip,5,PASS,Bundle-Rundlauf ok
7774,k4_guide_coverage,10,PASS,de-Guide deckt Kernfunktionen
7775,k5_help_wiki,11,PASS,Wiki-Topic ok
7776,k6_text_quality,194,PASS,de: 40 Werte sauber
7777,k7_update_path,6,PASS,Update-Pfad ok
7778,k8_key_discipline,65,PASS,Schluesseldisziplin ok
7779,k9_dialog_invariants,1,PASS,account_data_hub.py: Invarianten ok
7780,k10_regression_shield,14,PASS,Regressionsschild intakt
7781,k1_first_run_path,11,PASS,Erststartpfad ok
7782,k2_booking_lifecycle,11,PASS,Lebenszyklus ok
7783,k3_bundle_roundtrip,5,PASS,Bundle-Rundlauf ok
7784,k4_guide_coverage,10,PASS,en-Guide deckt Kernfunktionen
7785,k5_help_wiki,11,PASS,Wiki-Topic ok
7786,k6_text_quality,191,PASS,en: 40 Werte sauber
7787,k7_update_path,6,PASS,Update-Pfad ok
7788,k8_key_discipline,66,PASS,Schluesseldisziplin ok
7789,k9_dialog_invariants,3,PASS,account_management_dialog.py: Invarianten ok
7790,k10_regression_shield,14,PASS,Regressionsschild intakt
7791,k1_first_run_path,11,PASS,Erststartpfad ok
7792,k2_booking_lifecycle,11,PASS,Lebenszyklus ok
7793,k3_bundle_roundtrip,5,PASS,Bundle-Rundlauf ok
7794,k4_guide_coverage,10,PASS,fr-Guide deckt Kernfunktionen
7795,k5_help_wiki,11,PASS,Wiki-Topic ok
7796,k6_text_quality,191,PASS,fr: 40 Werte sauber
7797,k7_update_path,6,PASS,Update-Pfad ok
7798,k8_key_discipline,65,PASS,Schluesseldisziplin ok
7799,k9_dialog_invariants,3,PASS,backup_restore_dialog.py: Invarianten ok
7800,k10_regression_shield,14,PASS,Regressionsschild intakt
7801,k1_first_run_path,11,PASS,Erststartpfad ok
7802,k2_booking_lifecycle,11,PASS,Lebenszyklus ok
7803,k3_bundle_roundtrip,5,PASS,Bundle-Rundlauf ok
7804,k4_guide_coverage,10,PASS,de-Guide deckt Kernfunktionen
7805,k5_help_wiki,11,PASS,Wiki-Topic ok
7806,k6_text_quality,197,PASS,de: 40 Werte sauber
7807,k7_update_path,6,PASS,Update-Pfad ok
7808,k8_key_discipline,60,PASS,Schluesseldisziplin ok
7809,k9_dialog_invariants,5,PASS,budget_adjustment_dialog.py: Invarianten ok
7810,k10_regression_shield,14,PASS,Regressionsschild intakt
7811,k1_first_run_path,11,PASS,Erststartpfad ok
7812,k2_booking_lifecycle,11,PASS,Lebenszyklus ok
7813,k3_bundle_roundtrip,5,PASS,Bundle-Rundlauf ok
7814,k4_guide_coverage,10,PASS,en-Guide deckt Kernfunktionen
7815,k5_help_wiki,11,PASS,Wiki-Topic ok
7816,k6_text_quality,191,PASS,en: 40 Werte sauber
7817,k7_update_path,6,PASS,Update-Pfad ok
7818,k8_key_discipline,60,PASS,Schluesseldisziplin ok
7819,k9_dialog_invariants,5,PASS,budget_entry_dialog_extended.py: Invarianten ok
7820,k10_regression_shield,14,PASS,Regressionsschild intakt
7821,k1_first_run_path,11,PASS,Erststartpfad ok
7822,k2_booking_lifecycle,11,PASS,Lebenszyklus ok
7823,k3_bundle_roundtrip,5,PASS,Bundle-Rundlauf ok
7824,k4_guide_coverage,10,PASS,fr-Guide deckt Kernfunktionen
7825,k5_help_wiki,11,PASS,Wiki-Topic ok
7826,k6_text_quality,197,PASS,fr: 40 Werte sauber
7827,k7_update_path,6,PASS,Update-Pfad ok
7828,k8_key_discipline,60,PASS,Schluesseldisziplin ok
7829,k9_dialog_invariants,3,PASS,budget_fill_dialog.py: Invarianten ok
7830,k10_regression_shield,14,PASS,Regressionsschild intakt
7831,k1_first_run_path,11,PASS,Erststartpfad ok
7832,k2_booking_lifecycle,11,PASS,Lebenszyklus ok
7833,k3_bundle_roundtrip,5,PASS,Bundle-Rundlauf ok
7834,k4_guide_coverage,10,PASS,de-Guide deckt Kernfunktionen
7835,k5_help_wiki,11,PASS,Wiki-Topic ok
7836,k6_text_quality,197,PASS,de: 40 Werte sauber
7837,k7_update_path,6,PASS,Update-Pfad ok
7838,k8_key_discipline,61,PASS,Schluesseldisziplin ok
7839,k9_dialog_invariants,3,PASS,category_delete_dialog.py: Invarianten ok
7840,k10_regression_shield,14,PASS,Regressionsschild intakt
7841,k1_first_run_path,11,PASS,Erststartpfad ok
7842,k2_booking_lifecycle,11,PASS,Lebenszyklus ok
7843,k3_bundle_roundtrip,5,PASS,Bundle-Rundlauf ok
7844,k4_guide_coverage,10,PASS,en-Guide deckt Kernfunktionen
7845,k5_help_wiki,11,PASS,Wiki-Topic ok
7846,k6_text_quality,200,PASS,en: 40 Werte sauber
7847,k7_update_path,6,PASS,Update-Pfad ok
7848,k8_key_discipline,60,PASS,Schluesseldisziplin ok
7849,k9_dialog_invariants,1,PASS,category_excel_io.py: Invarianten ok
7850,k10_regression_shield,14,PASS,Regressionsschild intakt
7851,k1_first_run_path,11,PASS,Erststartpfad ok
7852,k2_booking_lifecycle,11,PASS,Lebenszyklus ok
7853,k3_bundle_roundtrip,5,PASS,Bundle-Rundlauf ok
7854,k4_guide_coverage,10,PASS,fr-Guide deckt Kernfunktionen
7855,k5_help_wiki,11,PASS,Wiki-Topic ok
7856,k6_text_quality,200,PASS,fr: 40 Werte sauber
7857,k7_update_path,6,PASS,Update-Pfad ok
7858,k8_key_discipline,66,PASS,Schluesseldisziplin ok
7859,k9_dialog_invariants,3,PASS,category_manager_dialog.py: Invarianten ok
7860,k10_regression_shield,14,PASS,Regressionsschild intakt
7861,k1_first_run_path,11,PASS,Erststartpfad ok
7862,k2_booking_lifecycle,11,PASS,Lebenszyklus ok
7863,k3_bundle_roundtrip,5,PASS,Bundle-Rundlauf ok
7864,k4_guide_coverage,10,PASS,de-Guide deckt Kernfunktionen
7865,k5_help_wiki,11,PASS,Wiki-Topic ok
7866,k6_text_quality,197,PASS,de: 40 Werte sauber
7867,k7_update_path,6,PASS,Update-Pfad ok
7868,k8_key_discipline,68,PASS,Schluesseldisziplin ok
7869,k9_dialog_invariants,1,PASS,category_picker.py: Invarianten ok
7870,k10_regression_shield,14,PASS,Regressionsschild intakt
7871,k1_first_run_path,11,PASS,Erststartpfad ok
7872,k2_booking_lifecycle,11,PASS,Lebenszyklus ok
7873,k3_bundle_roundtrip,5,PASS,Bundle-Rundlauf ok
7874,k4_guide_coverage,10,PASS,en-Guide deckt Kernfunktionen
7875,k5_help_wiki,11,PASS,Wiki-Topic ok
7876,k6_text_quality,197,PASS,en: 40 Werte sauber
7877,k7_update_path,6,PASS,Update-Pfad ok
7878,k8_key_discipline,62,PASS,Schluesseldisziplin ok
7879,k9_dialog_invariants,7,PASS,category_properties_dialog.py: Invarianten ok
7880,k10_regression_shield,14,PASS,Regressionsschild intakt
7881,k1_first_run_path,11,PASS,Erststartpfad ok
7882,k2_booking_lifecycle,11,PASS,Lebenszyklus ok
7883,k3_bundle_roundtrip,5,PASS,Bundle-Rundlauf ok
7884,k4_guide_coverage,10,PASS,fr-Guide deckt Kernfunktionen
7885,k5_help_wiki,11,PASS,Wiki-Topic ok
7886,k6_text_quality,194,PASS,fr: 40 Werte sauber
7887,k7_update_path,6,PASS,Update-Pfad ok
7888,k8_key_discipline,70,PASS,Schluesseldisziplin ok
7889,k9_dialog_invariants,3,PASS,copy_year_dialog.py: Invarianten ok
7890,k10_regression_shield,14,PASS,Regressionsschild intakt
7891,k1_first_run_path,11,PASS,Erststartpfad ok
7892,k2_booking_lifecycle,11,PASS,Lebenszyklus ok
7893,k3_bundle_roundtrip,5,PASS,Bundle-Rundlauf ok
7894,k4_guide_coverage,10,PASS,de-Guide deckt Kernfunktionen
7895,k5_help_wiki,11,PASS,Wiki-Topic ok
7896,k6_text_quality,185,PASS,de: 40 Werte sauber
7897,k7_update_path,6,PASS,Update-Pfad ok
7898,k8_key_discipline,60,PASS,Schluesseldisziplin ok
7899,k9_dialog_invariants,3,PASS,database_management_dialog.py: Invarianten ok
7900,k10_regression_shield,14,PASS,Regressionsschild intakt
7901,k1_first_run_path,11,PASS,Erststartpfad ok
7902,k2_booking_lifecycle,11,PASS,Lebenszyklus ok
7903,k3_bundle_roundtrip,5,PASS,Bundle-Rundlauf ok
7904,k4_guide_coverage,10,PASS,en-Guide deckt Kernfunktionen
7905,k5_help_wiki,11,PASS,Wiki-Topic ok
7906,k6_text_quality,200,PASS,en: 40 Werte sauber
7907,k7_update_path,6,PASS,Update-Pfad ok
7908,k8_key_discipline,60,PASS,Schluesseldisziplin ok
7909,k9_dialog_invariants,3,PASS,export_dialog.py: Invarianten ok
7910,k10_regression_shield,14,PASS,Regressionsschild intakt
7911,k1_first_run_path,11,PASS,Erststartpfad ok
7912,k2_booking_lifecycle,11,PASS,Lebenszyklus ok
7913,k3_bundle_roundtrip,5,PASS,Bundle-Rundlauf ok
7914,k4_guide_coverage,10,PASS,fr-Guide deckt Kernfunktionen
7915,k5_help_wiki,11,PASS,Wiki-Topic ok
7916,k6_text_quality,200,PASS,fr: 40 Werte sauber
7917,k7_update_path,6,PASS,Update-Pfad ok
7918,k8_key_discipline,60,PASS,Schluesseldisziplin ok
7919,k9_dialog_invariants,3,PASS,favorites_dashboard_dialog.py: Invarianten ok
7920,k10_regression_shield,14,PASS,Regressionsschild intakt
7921,k1_first_run_path,11,PASS,Erststartpfad ok
7922,k2_booking_lifecycle,11,PASS,Lebenszyklus ok
7923,k3_bundle_roundtrip,5,PASS,Bundle-Rundlauf ok
7924,k4_guide_coverage,10,PASS,de-Guide deckt Kernfunktionen
7925,k5_help_wiki,11,PASS,Wiki-Topic ok
7926,k6_text_quality,200,PASS,de: 40 Werte sauber
7927,k7_update_path,6,PASS,Update-Pfad ok
7928,k8_key_discipline,65,PASS,Schluesseldisziplin ok
7929,k9_dialog_invariants,3,PASS,global_search_dialog.py: Invarianten ok
7930,k10_regression_shield,14,PASS,Regressionsschild intakt
7931,k1_first_run_path,11,PASS,Erststartpfad ok
7932,k2_booking_lifecycle,11,PASS,Lebenszyklus ok
7933,k3_bundle_roundtrip,5,PASS,Bundle-Rundlauf ok
7934,k4_guide_coverage,10,PASS,en-Guide deckt Kernfunktionen
7935,k5_help_wiki,11,PASS,Wiki-Topic ok
7936,k6_text_quality,197,PASS,en: 40 Werte sauber
7937,k7_update_path,6,PASS,Update-Pfad ok
7938,k8_key_discipline,60,PASS,Schluesseldisziplin ok
7939,k9_dialog_invariants,1,PASS,help_content.py: Invarianten ok
7940,k10_regression_shield,14,PASS,Regressionsschild intakt
7941,k1_first_run_path,11,PASS,Erststartpfad ok
7942,k2_booking_lifecycle,11,PASS,Lebenszyklus ok
7943,k3_bundle_roundtrip,5,PASS,Bundle-Rundlauf ok
7944,k4_guide_coverage,10,PASS,fr-Guide deckt Kernfunktionen
7945,k5_help_wiki,11,PASS,Wiki-Topic ok
7946,k6_text_quality,200,PASS,fr: 40 Werte sauber
7947,k7_update_path,6,PASS,Update-Pfad ok
7948,k8_key_discipline,62,PASS,Schluesseldisziplin ok
7949,k9_dialog_invariants,3,PASS,help_dialog.py: Invarianten ok
7950,k10_regression_shield,14,PASS,Regressionsschild intakt
7951,k1_first_run_path,11,PASS,Erststartpfad ok
7952,k2_booking_lifecycle,11,PASS,Lebenszyklus ok
7953,k3_bundle_roundtrip,5,PASS,Bundle-Rundlauf ok
7954,k4_guide_coverage,10,PASS,de-Guide deckt Kernfunktionen
7955,k5_help_wiki,11,PASS,Wiki-Topic ok
7956,k6_text_quality,200,PASS,de: 40 Werte sauber
7957,k7_update_path,6,PASS,Update-Pfad ok
7958,k8_key_discipline,60,PASS,Schluesseldisziplin ok
7959,k9_dialog_invariants,3,PASS,language_select_dialog.py: Invarianten ok
7960,k10_regression_shield,14,PASS,Regressionsschild intakt
7961,k1_first_run_path,11,PASS,Erststartpfad ok
7962,k2_booking_lifecycle,11,PASS,Lebenszyklus ok
7963,k3_bundle_roundtrip,5,PASS,Bundle-Rundlauf ok
7964,k4_guide_coverage,10,PASS,en-Guide deckt Kernfunktionen
7965,k5_help_wiki,11,PASS,Wiki-Topic ok
7966,k6_text_quality,200,PASS,en: 40 Werte sauber
7967,k7_update_path,6,PASS,Update-Pfad ok
7968,k8_key_discipline,62,PASS,Schluesseldisziplin ok
7969,k9_dialog_invariants,7,PASS,login_dialog.py: Invarianten ok
7970,k10_regression_shield,14,PASS,Regressionsschild intakt
7971,k1_first_run_path,11,PASS,Erststartpfad ok
7972,k2_booking_lifecycle,11,PASS,Lebenszyklus ok
7973,k3_bundle_roundtrip,5,PASS,Bundle-Rundlauf ok
7974,k4_guide_coverage,10,PASS,fr-Guide deckt Kernfunktionen
7975,k5_help_wiki,11,PASS,Wiki-Topic ok
7976,k6_text_quality,185,PASS,fr: 40 Werte sauber
7977,k7_update_path,6,PASS,Update-Pfad ok
7978,k8_key_discipline,60,PASS,Schluesseldisziplin ok
7979,k9_dialog_invariants,5,PASS,main_window.py: Invarianten ok
7980,k10_regression_shield,14,PASS,Regressionsschild intakt
7981,k1_first_run_path,11,PASS,Erststartpfad ok
7982,k2_booking_lifecycle,11,PASS,Lebenszyklus ok
7983,k3_bundle_roundtrip,5,PASS,Bundle-Rundlauf ok
7984,k4_guide_coverage,10,PASS,de-Guide deckt Kernfunktionen
7985,k5_help_wiki,11,PASS,Wiki-Topic ok
7986,k6_text_quality,194,PASS,de: 40 Werte sauber
7987,k7_update_path,6,PASS,Update-Pfad ok
7988,k8_key_discipline,61,PASS,Schluesseldisziplin ok
7989,k9_dialog_invariants,3,PASS,month_close_dialog.py: Invarianten ok
7990,k10_regression_shield,14,PASS,Regressionsschild intakt
7991,k1_first_run_path,11,PASS,Erststartpfad ok
7992,k2_booking_lifecycle,11,PASS,Lebenszyklus ok
7993,k3_bundle_roundtrip,5,PASS,Bundle-Rundlauf ok
7994,k4_guide_coverage,10,PASS,en-Guide deckt Kernfunktionen
7995,k5_help_wiki,11,PASS,Wiki-Topic ok
7996,k6_text_quality,200,PASS,en: 40 Werte sauber
7997,k7_update_path,6,PASS,Update-Pfad ok
7998,k8_key_discipline,61,PASS,Schluesseldisziplin ok
7999,k9_dialog_invariants,3,PASS,quick_add_dialog.py: Invarianten ok
8000,k10_regression_shield,14,PASS,Regressionsschild intakt
8001,k1_first_run_path,11,PASS,Erststartpfad ok
8002,k2_booking_lifecycle,11,PASS,Lebenszyklus ok
8003,k3_bundle_roundtrip,5,PASS,Bundle-Rundlauf ok
8004,k4_guide_coverage,10,PASS,fr-Guide deckt Kernfunktionen
8005,k5_help_wiki,11,PASS,Wiki-Topic ok
8006,k6_text_quality,200,PASS,fr: 40 Werte sauber
8007,k7_update_path,6,PASS,Update-Pfad ok
8008,k8_key_discipline,60,PASS,Schluesseldisziplin ok
8009,k9_dialog_invariants,1,PASS,reauth.py: Invarianten ok
8010,k10_regression_shield,14,PASS,Regressionsschild intakt
8011,k1_first_run_path,11,PASS,Erststartpfad ok
8012,k2_booking_lifecycle,11,PASS,Lebenszyklus ok
8013,k3_bundle_roundtrip,5,PASS,Bundle-Rundlauf ok
8014,k4_guide_coverage,10,PASS,de-Guide deckt Kernfunktionen
8015,k5_help_wiki,11,PASS,Wiki-Topic ok
8016,k6_text_quality,200,PASS,de: 40 Werte sauber
8017,k7_update_path,6,PASS,Update-Pfad ok
8018,k8_key_discipline,60,PASS,Schluesseldisziplin ok
8019,k9_dialog_invariants,3,PASS,recurring_bookings_dialog.py: Invarianten ok
8020,k10_regression_shield,14,PASS,Regressionsschild intakt
8021,k1_first_run_path,11,PASS,Erststartpfad ok
8022,k2_booking_lifecycle,11,PASS,Lebenszyklus ok
8023,k3_bundle_roundtrip,5,PASS,Bundle-Rundlauf ok
8024,k4_guide_coverage,10,PASS,en-Guide deckt Kernfunktionen
8025,k5_help_wiki,11,PASS,Wiki-Topic ok
8026,k6_text_quality,194,PASS,en: 40 Werte sauber
8027,k7_update_path,6,PASS,Update-Pfad ok
8028,k8_key_discipline,60,PASS,Schluesseldisziplin ok
8029,k9_dialog_invariants,3,PASS,restore_key_dialog.py: Invarianten ok
8030,k10_regression_shield,14,PASS,Regressionsschild intakt
8031,k1_first_run_path,11,PASS,Erststartpfad ok
8032,k2_booking_lifecycle,11,PASS,Lebenszyklus ok
8033,k3_bundle_roundtrip,5,PASS,Bundle-Rundlauf ok
8034,k4_guide_coverage,10,PASS,fr-Guide deckt Kernfunktionen
8035,k5_help_wiki,11,PASS,Wiki-Topic ok
8036,k6_text_quality,164,PASS,fr: 40 Werte sauber
8037,k7_update_path,6,PASS,Update-Pfad ok
8038,k8_key_discipline,60,PASS,Schluesseldisziplin ok
8039,k9_dialog_invariants,1,PASS,savings_goal_messages.py: Invarianten ok
8040,k10_regression_shield,14,PASS,Regressionsschild intakt
8041,k1_first_run_path,11,PASS,Erststartpfad ok
8042,k2_booking_lifecycle,11,PASS,Lebenszyklus ok
8043,k3_bundle_roundtrip,5,PASS,Bundle-Rundlauf ok
8044,k4_guide_coverage,10,PASS,de-Guide deckt Kernfunktionen
8045,k5_help_wiki,11,PASS,Wiki-Topic ok
8046,k6_text_quality,200,PASS,de: 40 Werte sauber
8047,k7_update_path,6,PASS,Update-Pfad ok
8048,k8_key_discipline,62,PASS,Schluesseldisziplin ok
8049,k9_dialog_invariants,7,PASS,savings_goals_dialog.py: Invarianten ok
8050,k10_regression_shield,14,PASS,Regressionsschild intakt
8051,k1_first_run_path,11,PASS,Erststartpfad ok
8052,k2_booking_lifecycle,11,PASS,Lebenszyklus ok
8053,k3_bundle_roundtrip,5,PASS,Bundle-Rundlauf ok
8054,k4_guide_coverage,10,PASS,en-Guide deckt Kernfunktionen
8055,k5_help_wiki,11,PASS,Wiki-Topic ok
8056,k6_text_quality,182,PASS,en: 40 Werte sauber
8057,k7_update_path,6,PASS,Update-Pfad ok
8058,k8_key_discipline,68,PASS,Schluesseldisziplin ok
8059,k9_dialog_invariants,3,PASS,setup_assistant_dialog.py: Invarianten ok
8060,k10_regression_shield,14,PASS,Regressionsschild intakt
8061,k1_first_run_path,11,PASS,Erststartpfad ok
8062,k2_booking_lifecycle,11,PASS,Lebenszyklus ok
8063,k3_bundle_roundtrip,5,PASS,Bundle-Rundlauf ok
8064,k4_guide_coverage,10,PASS,fr-Guide deckt Kernfunktionen
8065,k5_help_wiki,11,PASS,Wiki-Topic ok
8066,k6_text_quality,200,PASS,fr: 40 Werte sauber
8067,k7_update_path,6,PASS,Update-Pfad ok
8068,k8_key_discipline,62,PASS,Schluesseldisziplin ok
8069,k9_dialog_invariants,3,PASS,shortcuts_dialog.py: Invarianten ok
8070,k10_regression_shield,14,PASS,Regressionsschild intakt
8071,k1_first_run_path,11,PASS,Erststartpfad ok
8072,k2_booking_lifecycle,11,PASS,Lebenszyklus ok
8073,k3_bundle_roundtrip,5,PASS,Bundle-Rundlauf ok
8074,k4_guide_coverage,10,PASS,de-Guide deckt Kernfunktionen
8075,k5_help_wiki,11,PASS,Wiki-Topic ok
8076,k6_text_quality,200,PASS,de: 40 Werte sauber
8077,k7_update_path,6,PASS,Update-Pfad ok
8078,k8_key_discipline,61,PASS,Schluesseldisziplin ok
8079,k9_dialog_invariants,3,PASS,special_income_dialog.py: Invarianten ok
8080,k10_regression_shield,14,PASS,Regressionsschild intakt
8081,k1_first_run_path,11,PASS,Erststartpfad ok
8082,k2_booking_lifecycle,11,PASS,Lebenszyklus ok
8083,k3_bundle_roundtrip,5,PASS,Bundle-Rundlauf ok
8084,k4_guide_coverage,10,PASS,en-Guide deckt Kernfunktionen
8085,k5_help_wiki,11,PASS,Wiki-Topic ok
8086,k6_text_quality,200,PASS,en: 40 Werte sauber
8087,k7_update_path,6,PASS,Update-Pfad ok
8088,k8_key_discipline,60,PASS,Schluesseldisziplin ok
8089,k9_dialog_invariants,3,PASS,startup_wizard.py: Invarianten ok
8090,k10_regression_shield,14,PASS,Regressionsschild intakt
8091,k1_first_run_path,11,PASS,Erststartpfad ok
8092,k2_booking_lifecycle,11,PASS,Lebenszyklus ok
8093,k3_bundle_roundtrip,5,PASS,Bundle-Rundlauf ok
8094,k4_guide_coverage,10,PASS,fr-Guide deckt Kernfunktionen
8095,k5_help_wiki,11,PASS,Wiki-Topic ok
8096,k6_text_quality,200,PASS,fr: 40 Werte sauber
8097,k7_update_path,6,PASS,Update-Pfad ok
8098,k8_key_discipline,59,PASS,Schluesseldisziplin ok
8099,k9_dialog_invariants,3,PASS,tags_manager_dialog.py: Invarianten ok
8100,k10_regression_shield,14,PASS,Regressionsschild intakt
8101,k1_first_run_path,11,PASS,Erststartpfad ok
8102,k2_booking_lifecycle,11,PASS,Lebenszyklus ok
8103,k3_bundle_roundtrip,5,PASS,Bundle-Rundlauf ok
8104,k4_guide_coverage,10,PASS,de-Guide deckt Kernfunktionen
8105,k5_help_wiki,11,PASS,Wiki-Topic ok
8106,k6_text_quality,200,PASS,de: 40 Werte sauber
8107,k7_update_path,6,PASS,Update-Pfad ok
8108,k8_key_discipline,18,PASS,Schluesseldisziplin ok
8109,k9_dialog_invariants,3,PASS,theme_editor_dialog.py: Invarianten ok
8110,k10_regression_shield,14,PASS,Regressionsschild intakt
8111,k1_first_run_path,11,PASS,Erststartpfad ok
8112,k2_booking_lifecycle,11,PASS,Lebenszyklus ok
8113,k3_bundle_roundtrip,5,PASS,Bundle-Rundlauf ok
8114,k4_guide_coverage,10,PASS,en-Guide deckt Kernfunktionen
8115,k5_help_wiki,11,PASS,Wiki-Topic ok
8116,k6_text_quality,200,PASS,en: 40 Werte sauber
8117,k7_update_path,6,PASS,Update-Pfad ok
8118,k8_key_discipline,60,PASS,Schluesseldisziplin ok
8119,k9_dialog_invariants,1,PASS,type_color_helper.py: Invarianten ok
8120,k10_regression_shield,14,PASS,Regressionsschild intakt
8121,k1_first_run_path,11,PASS,Erststartpfad ok
8122,k2_booking_lifecycle,11,PASS,Lebenszyklus ok
8123,k3_bundle_roundtrip,5,PASS,Bundle-Rundlauf ok
8124,k4_guide_coverage,10,PASS,fr-Guide deckt Kernfunktionen
8125,k5_help_wiki,11,PASS,Wiki-Topic ok
8126,k6_text_quality,125,PASS,fr: 25 Werte sauber
8127,k7_update_path,6,PASS,Update-Pfad ok
8128,k8_key_discipline,71,PASS,Schluesseldisziplin ok
8129,k9_dialog_invariants,1,PASS,ui_colors.py: Invarianten ok
8130,k10_regression_shield,14,PASS,Regressionsschild intakt
8131,k1_first_run_path,11,PASS,Erststartpfad ok
8132,k2_booking_lifecycle,11,PASS,Lebenszyklus ok
8133,k3_bundle_roundtrip,5,PASS,Bundle-Rundlauf ok
8134,k4_guide_coverage,10,PASS,de-Guide deckt Kernfunktionen
8135,k5_help_wiki,11,PASS,Wiki-Topic ok
8136,k6_text_quality,200,PASS,de: 40 Werte sauber
8137,k7_update_path,6,PASS,Update-Pfad ok
8138,k8_key_discipline,70,PASS,Schluesseldisziplin ok
8139,k9_dialog_invariants,3,PASS,update_dialog.py: Invarianten ok
8140,k10_regression_shield,14,PASS,Regressionsschild intakt
8141,k1_first_run_path,11,PASS,Erststartpfad ok
8142,k2_booking_lifecycle,11,PASS,Lebenszyklus ok
8143,k3_bundle_roundtrip,5,PASS,Bundle-Rundlauf ok
8144,k4_guide_coverage,10,PASS,en-Guide deckt Kernfunktionen
8145,k5_help_wiki,11,PASS,Wiki-Topic ok
8146,k6_text_quality,194,PASS,en: 40 Werte sauber
8147,k7_update_path,6,PASS,Update-Pfad ok
8148,k8_key_discipline,60,PASS,Schluesseldisziplin ok
8149,k9_dialog_invariants,1,PASS,account_data_hub.py: Invarianten ok
8150,k10_regression_shield,14,PASS,Regressionsschild intakt
8151,k1_first_run_path,11,PASS,Erststartpfad ok
8152,k2_booking_lifecycle,11,PASS,Lebenszyklus ok
8153,k3_bundle_roundtrip,5,PASS,Bundle-Rundlauf ok
8154,k4_guide_coverage,10,PASS,fr-Guide deckt Kernfunktionen
8155,k5_help_wiki,11,PASS,Wiki-Topic ok
8156,k6_text_quality,200,PASS,fr: 40 Werte sauber
8157,k7_update_path,6,PASS,Update-Pfad ok
8158,k8_key_discipline,60,PASS,Schluesseldisziplin ok
8159,k9_dialog_invariants,3,PASS,account_management_dialog.py: Invarianten ok
8160,k10_regression_shield,14,PASS,Regressionsschild intakt
8161,k1_first_run_path,11,PASS,Erststartpfad ok
8162,k2_booking_lifecycle,11,PASS,Lebenszyklus ok
8163,k3_bundle_roundtrip,5,PASS,Bundle-Rundlauf ok
8164,k4_guide_coverage,10,PASS,de-Guide deckt Kernfunktionen
8165,k5_help_wiki,11,PASS,Wiki-Topic ok
8166,k6_text_quality,188,PASS,de: 40 Werte sauber
8167,k7_update_path,6,PASS,Update-Pfad ok
8168,k8_key_discipline,61,PASS,Schluesseldisziplin ok
8169,k9_dialog_invariants,3,PASS,backup_restore_dialog.py: Invarianten ok
8170,k10_regression_shield,14,PASS,Regressionsschild intakt
8171,k1_first_run_path,11,PASS,Erststartpfad ok
8172,k2_booking_lifecycle,11,PASS,Lebenszyklus ok
8173,k3_bundle_roundtrip,5,PASS,Bundle-Rundlauf ok
8174,k4_guide_coverage,10,PASS,en-Guide deckt Kernfunktionen
8175,k5_help_wiki,11,PASS,Wiki-Topic ok
8176,k6_text_quality,179,PASS,en: 40 Werte sauber
8177,k7_update_path,6,PASS,Update-Pfad ok
8178,k8_key_discipline,78,PASS,Schluesseldisziplin ok
8179,k9_dialog_invariants,5,PASS,budget_adjustment_dialog.py: Invarianten ok
8180,k10_regression_shield,14,PASS,Regressionsschild intakt
8181,k1_first_run_path,11,PASS,Erststartpfad ok
8182,k2_booking_lifecycle,11,PASS,Lebenszyklus ok
8183,k3_bundle_roundtrip,5,PASS,Bundle-Rundlauf ok
8184,k4_guide_coverage,10,PASS,fr-Guide deckt Kernfunktionen
8185,k5_help_wiki,11,PASS,Wiki-Topic ok
8186,k6_text_quality,197,PASS,fr: 40 Werte sauber
8187,k7_update_path,6,PASS,Update-Pfad ok
8188,k8_key_discipline,60,PASS,Schluesseldisziplin ok
8189,k9_dialog_invariants,5,PASS,budget_entry_dialog_extended.py: Invarianten ok
8190,k10_regression_shield,14,PASS,Regressionsschild intakt
8191,k1_first_run_path,11,PASS,Erststartpfad ok
8192,k2_booking_lifecycle,11,PASS,Lebenszyklus ok
8193,k3_bundle_roundtrip,5,PASS,Bundle-Rundlauf ok
8194,k4_guide_coverage,10,PASS,de-Guide deckt Kernfunktionen
8195,k5_help_wiki,11,PASS,Wiki-Topic ok
8196,k6_text_quality,191,PASS,de: 40 Werte sauber
8197,k7_update_path,6,PASS,Update-Pfad ok
8198,k8_key_discipline,60,PASS,Schluesseldisziplin ok
8199,k9_dialog_invariants,3,PASS,budget_fill_dialog.py: Invarianten ok
8200,k10_regression_shield,14,PASS,Regressionsschild intakt
8201,k1_first_run_path,11,PASS,Erststartpfad ok
8202,k2_booking_lifecycle,11,PASS,Lebenszyklus ok
8203,k3_bundle_roundtrip,5,PASS,Bundle-Rundlauf ok
8204,k4_guide_coverage,10,PASS,en-Guide deckt Kernfunktionen
8205,k5_help_wiki,11,PASS,Wiki-Topic ok
8206,k6_text_quality,194,PASS,en: 40 Werte sauber
8207,k7_update_path,6,PASS,Update-Pfad ok
8208,k8_key_discipline,60,PASS,Schluesseldisziplin ok
8209,k9_dialog_invariants,3,PASS,category_delete_dialog.py: Invarianten ok
8210,k10_regression_shield,14,PASS,Regressionsschild intakt
8211,k1_first_run_path,11,PASS,Erststartpfad ok
8212,k2_booking_lifecycle,11,PASS,Lebenszyklus ok
8213,k3_bundle_roundtrip,5,PASS,Bundle-Rundlauf ok
8214,k4_guide_coverage,10,PASS,fr-Guide deckt Kernfunktionen
8215,k5_help_wiki,11,PASS,Wiki-Topic ok
8216,k6_text_quality,200,PASS,fr: 40 Werte sauber
8217,k7_update_path,6,PASS,Update-Pfad ok
8218,k8_key_discipline,60,PASS,Schluesseldisziplin ok
8219,k9_dialog_invariants,1,PASS,category_excel_io.py: Invarianten ok
8220,k10_regression_shield,14,PASS,Regressionsschild intakt
8221,k1_first_run_path,11,PASS,Erststartpfad ok
8222,k2_booking_lifecycle,11,PASS,Lebenszyklus ok
8223,k3_bundle_roundtrip,5,PASS,Bundle-Rundlauf ok
8224,k4_guide_coverage,10,PASS,de-Guide deckt Kernfunktionen
8225,k5_help_wiki,11,PASS,Wiki-Topic ok
8226,k6_text_quality,200,PASS,de: 40 Werte sauber
8227,k7_update_path,6,PASS,Update-Pfad ok
8228,k8_key_discipline,60,PASS,Schluesseldisziplin ok
8229,k9_dialog_invariants,3,PASS,category_manager_dialog.py: Invarianten ok
8230,k10_regression_shield,14,PASS,Regressionsschild intakt
8231,k1_first_run_path,11,PASS,Erststartpfad ok
8232,k2_booking_lifecycle,11,PASS,Lebenszyklus ok
8233,k3_bundle_roundtrip,5,PASS,Bundle-Rundlauf ok
8234,k4_guide_coverage,10,PASS,en-Guide deckt Kernfunktionen
8235,k5_help_wiki,11,PASS,Wiki-Topic ok
8236,k6_text_quality,197,PASS,en: 40 Werte sauber
8237,k7_update_path,6,PASS,Update-Pfad ok
8238,k8_key_discipline,60,PASS,Schluesseldisziplin ok
8239,k9_dialog_invariants,1,PASS,category_picker.py: Invarianten ok
8240,k10_regression_shield,14,PASS,Regressionsschild intakt
8241,k1_first_run_path,11,PASS,Erststartpfad ok
8242,k2_booking_lifecycle,11,PASS,Lebenszyklus ok
8243,k3_bundle_roundtrip,5,PASS,Bundle-Rundlauf ok
8244,k4_guide_coverage,10,PASS,fr-Guide deckt Kernfunktionen
8245,k5_help_wiki,11,PASS,Wiki-Topic ok
8246,k6_text_quality,200,PASS,fr: 40 Werte sauber
8247,k7_update_path,6,PASS,Update-Pfad ok
8248,k8_key_discipline,60,PASS,Schluesseldisziplin ok
8249,k9_dialog_invariants,7,PASS,category_properties_dialog.py: Invarianten ok
8250,k10_regression_shield,14,PASS,Regressionsschild intakt
8251,k1_first_run_path,11,PASS,Erststartpfad ok
8252,k2_booking_lifecycle,11,PASS,Lebenszyklus ok
8253,k3_bundle_roundtrip,5,PASS,Bundle-Rundlauf ok
8254,k4_guide_coverage,10,PASS,de-Guide deckt Kernfunktionen
8255,k5_help_wiki,11,PASS,Wiki-Topic ok
8256,k6_text_quality,200,PASS,de: 40 Werte sauber
8257,k7_update_path,6,PASS,Update-Pfad ok
8258,k8_key_discipline,60,PASS,Schluesseldisziplin ok
8259,k9_dialog_invariants,3,PASS,copy_year_dialog.py: Invarianten ok
8260,k10_regression_shield,14,PASS,Regressionsschild intakt
8261,k1_first_run_path,11,PASS,Erststartpfad ok
8262,k2_booking_lifecycle,11,PASS,Lebenszyklus ok
8263,k3_bundle_roundtrip,5,PASS,Bundle-Rundlauf ok
8264,k4_guide_coverage,10,PASS,en-Guide deckt Kernfunktionen
8265,k5_help_wiki,11,PASS,Wiki-Topic ok
8266,k6_text_quality,200,PASS,en: 40 Werte sauber
8267,k7_update_path,6,PASS,Update-Pfad ok
8268,k8_key_discipline,65,PASS,Schluesseldisziplin ok
8269,k9_dialog_invariants,3,PASS,database_management_dialog.py: Invarianten ok
8270,k10_regression_shield,14,PASS,Regressionsschild intakt
8271,k1_first_run_path,11,PASS,Erststartpfad ok
8272,k2_booking_lifecycle,11,PASS,Lebenszyklus ok
8273,k3_bundle_roundtrip,5,PASS,Bundle-Rundlauf ok
8274,k4_guide_coverage,10,PASS,fr-Guide deckt Kernfunktionen
8275,k5_help_wiki,11,PASS,Wiki-Topic ok
8276,k6_text_quality,200,PASS,fr: 40 Werte sauber
8277,k7_update_path,6,PASS,Update-Pfad ok
8278,k8_key_discipline,66,PASS,Schluesseldisziplin ok
8279,k9_dialog_invariants,3,PASS,export_dialog.py: Invarianten ok
8280,k10_regression_shield,14,PASS,Regressionsschild intakt
8281,k1_first_run_path,11,PASS,Erststartpfad ok
8282,k2_booking_lifecycle,11,PASS,Lebenszyklus ok
8283,k3_bundle_roundtrip,5,PASS,Bundle-Rundlauf ok
8284,k4_guide_coverage,10,PASS,de-Guide deckt Kernfunktionen
8285,k5_help_wiki,11,PASS,Wiki-Topic ok
8286,k6_text_quality,194,PASS,de: 40 Werte sauber
8287,k7_update_path,6,PASS,Update-Pfad ok
8288,k8_key_discipline,65,PASS,Schluesseldisziplin ok
8289,k9_dialog_invariants,3,PASS,favorites_dashboard_dialog.py: Invarianten ok
8290,k10_regression_shield,14,PASS,Regressionsschild intakt
8291,k1_first_run_path,11,PASS,Erststartpfad ok
8292,k2_booking_lifecycle,11,PASS,Lebenszyklus ok
8293,k3_bundle_roundtrip,5,PASS,Bundle-Rundlauf ok
8294,k4_guide_coverage,10,PASS,en-Guide deckt Kernfunktionen
8295,k5_help_wiki,11,PASS,Wiki-Topic ok
8296,k6_text_quality,197,PASS,en: 40 Werte sauber
8297,k7_update_path,6,PASS,Update-Pfad ok
8298,k8_key_discipline,60,PASS,Schluesseldisziplin ok
8299,k9_dialog_invariants,3,PASS,global_search_dialog.py: Invarianten ok
8300,k10_regression_shield,14,PASS,Regressionsschild intakt
8301,k1_first_run_path,11,PASS,Erststartpfad ok
8302,k2_booking_lifecycle,11,PASS,Lebenszyklus ok
8303,k3_bundle_roundtrip,5,PASS,Bundle-Rundlauf ok
8304,k4_guide_coverage,10,PASS,fr-Guide deckt Kernfunktionen
8305,k5_help_wiki,11,PASS,Wiki-Topic ok
8306,k6_text_quality,200,PASS,fr: 40 Werte sauber
8307,k7_update_path,6,PASS,Update-Pfad ok
8308,k8_key_discipline,60,PASS,Schluesseldisziplin ok
8309,k9_dialog_invariants,1,PASS,help_content.py: Invarianten ok
8310,k10_regression_shield,14,PASS,Regressionsschild intakt
8311,k1_first_run_path,11,PASS,Erststartpfad ok
8312,k2_booking_lifecycle,11,PASS,Lebenszyklus ok
8313,k3_bundle_roundtrip,5,PASS,Bundle-Rundlauf ok
8314,k4_guide_coverage,10,PASS,de-Guide deckt Kernfunktionen
8315,k5_help_wiki,11,PASS,Wiki-Topic ok
8316,k6_text_quality,200,PASS,de: 40 Werte sauber
8317,k7_update_path,6,PASS,Update-Pfad ok
8318,k8_key_discipline,60,PASS,Schluesseldisziplin ok
8319,k9_dialog_invariants,3,PASS,help_dialog.py: Invarianten ok
8320,k10_regression_shield,14,PASS,Regressionsschild intakt
8321,k1_first_run_path,11,PASS,Erststartpfad ok
8322,k2_booking_lifecycle,11,PASS,Lebenszyklus ok
8323,k3_bundle_roundtrip,5,PASS,Bundle-Rundlauf ok
8324,k4_guide_coverage,10,PASS,en-Guide deckt Kernfunktionen
8325,k5_help_wiki,11,PASS,Wiki-Topic ok
8326,k6_text_quality,194,PASS,en: 40 Werte sauber
8327,k7_update_path,6,PASS,Update-Pfad ok
8328,k8_key_discipline,61,PASS,Schluesseldisziplin ok
8329,k9_dialog_invariants,3,PASS,language_select_dialog.py: Invarianten ok
8330,k10_regression_shield,14,PASS,Regressionsschild intakt
8331,k1_first_run_path,11,PASS,Erststartpfad ok
8332,k2_booking_lifecycle,11,PASS,Lebenszyklus ok
8333,k3_bundle_roundtrip,5,PASS,Bundle-Rundlauf ok
8334,k4_guide_coverage,10,PASS,fr-Guide deckt Kernfunktionen
8335,k5_help_wiki,11,PASS,Wiki-Topic ok
8336,k6_text_quality,200,PASS,fr: 40 Werte sauber
8337,k7_update_path,6,PASS,Update-Pfad ok
8338,k8_key_discipline,60,PASS,Schluesseldisziplin ok
8339,k9_dialog_invariants,7,PASS,login_dialog.py: Invarianten ok
8340,k10_regression_shield,14,PASS,Regressionsschild intakt
8341,k1_first_run_path,11,PASS,Erststartpfad ok
8342,k2_booking_lifecycle,11,PASS,Lebenszyklus ok
8343,k3_bundle_roundtrip,5,PASS,Bundle-Rundlauf ok
8344,k4_guide_coverage,10,PASS,de-Guide deckt Kernfunktionen
8345,k5_help_wiki,11,PASS,Wiki-Topic ok
8346,k6_text_quality,200,PASS,de: 40 Werte sauber
8347,k7_update_path,6,PASS,Update-Pfad ok
8348,k8_key_discipline,66,PASS,Schluesseldisziplin ok
8349,k9_dialog_invariants,5,PASS,main_window.py: Invarianten ok
8350,k10_regression_shield,14,PASS,Regressionsschild intakt
8351,k1_first_run_path,11,PASS,Erststartpfad ok
8352,k2_booking_lifecycle,11,PASS,Lebenszyklus ok
8353,k3_bundle_roundtrip,5,PASS,Bundle-Rundlauf ok
8354,k4_guide_coverage,10,PASS,en-Guide deckt Kernfunktionen
8355,k5_help_wiki,11,PASS,Wiki-Topic ok
8356,k6_text_quality,200,PASS,en: 40 Werte sauber
8357,k7_update_path,6,PASS,Update-Pfad ok
8358,k8_key_discipline,68,PASS,Schluesseldisziplin ok
8359,k9_dialog_invariants,3,PASS,month_close_dialog.py: Invarianten ok
8360,k10_regression_shield,14,PASS,Regressionsschild intakt
8361,k1_first_run_path,11,PASS,Erststartpfad ok
8362,k2_booking_lifecycle,11,PASS,Lebenszyklus ok
8363,k3_bundle_roundtrip,5,PASS,Bundle-Rundlauf ok
8364,k4_guide_coverage,10,PASS,fr-Guide deckt Kernfunktionen
8365,k5_help_wiki,11,PASS,Wiki-Topic ok
8366,k6_text_quality,200,PASS,fr: 40 Werte sauber
8367,k7_update_path,6,PASS,Update-Pfad ok
8368,k8_key_discipline,62,PASS,Schluesseldisziplin ok
8369,k9_dialog_invariants,3,PASS,quick_add_dialog.py: Invarianten ok
8370,k10_regression_shield,14,PASS,Regressionsschild intakt
8371,k1_first_run_path,11,PASS,Erststartpfad ok
8372,k2_booking_lifecycle,11,PASS,Lebenszyklus ok
8373,k3_bundle_roundtrip,5,PASS,Bundle-Rundlauf ok
8374,k4_guide_coverage,10,PASS,de-Guide deckt Kernfunktionen
8375,k5_help_wiki,11,PASS,Wiki-Topic ok
8376,k6_text_quality,200,PASS,de: 40 Werte sauber
8377,k7_update_path,6,PASS,Update-Pfad ok
8378,k8_key_discipline,70,PASS,Schluesseldisziplin ok
8379,k9_dialog_invariants,1,PASS,reauth.py: Invarianten ok
8380,k10_regression_shield,14,PASS,Regressionsschild intakt
8381,k1_first_run_path,11,PASS,Erststartpfad ok
8382,k2_booking_lifecycle,11,PASS,Lebenszyklus ok
8383,k3_bundle_roundtrip,5,PASS,Bundle-Rundlauf ok
8384,k4_guide_coverage,10,PASS,en-Guide deckt Kernfunktionen
8385,k5_help_wiki,11,PASS,Wiki-Topic ok
8386,k6_text_quality,200,PASS,en: 40 Werte sauber
8387,k7_update_path,6,PASS,Update-Pfad ok
8388,k8_key_discipline,60,PASS,Schluesseldisziplin ok
8389,k9_dialog_invariants,3,PASS,recurring_bookings_dialog.py: Invarianten ok
8390,k10_regression_shield,14,PASS,Regressionsschild intakt
8391,k1_first_run_path,11,PASS,Erststartpfad ok
8392,k2_booking_lifecycle,11,PASS,Lebenszyklus ok
8393,k3_bundle_roundtrip,5,PASS,Bundle-Rundlauf ok
8394,k4_guide_coverage,10,PASS,fr-Guide deckt Kernfunktionen
8395,k5_help_wiki,11,PASS,Wiki-Topic ok
8396,k6_text_quality,194,PASS,fr: 40 Werte sauber
8397,k7_update_path,6,PASS,Update-Pfad ok
8398,k8_key_discipline,60,PASS,Schluesseldisziplin ok
8399,k9_dialog_invariants,3,PASS,restore_key_dialog.py: Invarianten ok
8400,k10_regression_shield,14,PASS,Regressionsschild intakt
8401,k1_first_run_path,11,PASS,Erststartpfad ok
8402,k2_booking_lifecycle,11,PASS,Lebenszyklus ok
8403,k3_bundle_roundtrip,5,PASS,Bundle-Rundlauf ok
8404,k4_guide_coverage,10,PASS,de-Guide deckt Kernfunktionen
8405,k5_help_wiki,11,PASS,Wiki-Topic ok
8406,k6_text_quality,191,PASS,de: 40 Werte sauber
8407,k7_update_path,6,PASS,Update-Pfad ok
8408,k8_key_discipline,60,PASS,Schluesseldisziplin ok
8409,k9_dialog_invariants,1,PASS,savings_goal_messages.py: Invarianten ok
8410,k10_regression_shield,14,PASS,Regressionsschild intakt
8411,k1_first_run_path,11,PASS,Erststartpfad ok
8412,k2_booking_lifecycle,11,PASS,Lebenszyklus ok
8413,k3_bundle_roundtrip,5,PASS,Bundle-Rundlauf ok
8414,k4_guide_coverage,10,PASS,en-Guide deckt Kernfunktionen
8415,k5_help_wiki,11,PASS,Wiki-Topic ok
8416,k6_text_quality,185,PASS,en: 40 Werte sauber
8417,k7_update_path,6,PASS,Update-Pfad ok
8418,k8_key_discipline,65,PASS,Schluesseldisziplin ok
8419,k9_dialog_invariants,7,PASS,savings_goals_dialog.py: Invarianten ok
8420,k10_regression_shield,14,PASS,Regressionsschild intakt
8421,k1_first_run_path,11,PASS,Erststartpfad ok
8422,k2_booking_lifecycle,11,PASS,Lebenszyklus ok
8423,k3_bundle_roundtrip,5,PASS,Bundle-Rundlauf ok
8424,k4_guide_coverage,10,PASS,fr-Guide deckt Kernfunktionen
8425,k5_help_wiki,11,PASS,Wiki-Topic ok
8426,k6_text_quality,200,PASS,fr: 40 Werte sauber
8427,k7_update_path,6,PASS,Update-Pfad ok
8428,k8_key_discipline,60,PASS,Schluesseldisziplin ok
8429,k9_dialog_invariants,3,PASS,setup_assistant_dialog.py: Invarianten ok
8430,k10_regression_shield,14,PASS,Regressionsschild intakt
8431,k1_first_run_path,11,PASS,Erststartpfad ok
8432,k2_booking_lifecycle,11,PASS,Lebenszyklus ok
8433,k3_bundle_roundtrip,5,PASS,Bundle-Rundlauf ok
8434,k4_guide_coverage,10,PASS,de-Guide deckt Kernfunktionen
8435,k5_help_wiki,11,PASS,Wiki-Topic ok
8436,k6_text_quality,197,PASS,de: 40 Werte sauber
8437,k7_update_path,6,PASS,Update-Pfad ok
8438,k8_key_discipline,62,PASS,Schluesseldisziplin ok
8439,k9_dialog_invariants,3,PASS,shortcuts_dialog.py: Invarianten ok
8440,k10_regression_shield,14,PASS,Regressionsschild intakt
8441,k1_first_run_path,11,PASS,Erststartpfad ok
8442,k2_booking_lifecycle,11,PASS,Lebenszyklus ok
8443,k3_bundle_roundtrip,5,PASS,Bundle-Rundlauf ok
8444,k4_guide_coverage,10,PASS,en-Guide deckt Kernfunktionen
8445,k5_help_wiki,11,PASS,Wiki-Topic ok
8446,k6_text_quality,191,PASS,en: 40 Werte sauber
8447,k7_update_path,6,PASS,Update-Pfad ok
8448,k8_key_discipline,60,PASS,Schluesseldisziplin ok
8449,k9_dialog_invariants,3,PASS,special_income_dialog.py: Invarianten ok
8450,k10_regression_shield,14,PASS,Regressionsschild intakt
8451,k1_first_run_path,11,PASS,Erststartpfad ok
8452,k2_booking_lifecycle,11,PASS,Lebenszyklus ok
8453,k3_bundle_roundtrip,5,PASS,Bundle-Rundlauf ok
8454,k4_guide_coverage,10,PASS,fr-Guide deckt Kernfunktionen
8455,k5_help_wiki,11,PASS,Wiki-Topic ok
8456,k6_text_quality,200,PASS,fr: 40 Werte sauber
8457,k7_update_path,6,PASS,Update-Pfad ok
8458,k8_key_discipline,62,PASS,Schluesseldisziplin ok
8459,k9_dialog_invariants,3,PASS,startup_wizard.py: Invarianten ok
8460,k10_regression_shield,14,PASS,Regressionsschild intakt
8461,k1_first_run_path,11,PASS,Erststartpfad ok
8462,k2_booking_lifecycle,11,PASS,Lebenszyklus ok
8463,k3_bundle_roundtrip,5,PASS,Bundle-Rundlauf ok
8464,k4_guide_coverage,10,PASS,de-Guide deckt Kernfunktionen
8465,k5_help_wiki,11,PASS,Wiki-Topic ok
8466,k6_text_quality,197,PASS,de: 40 Werte sauber
8467,k7_update_path,6,PASS,Update-Pfad ok
8468,k8_key_discipline,60,PASS,Schluesseldisziplin ok
8469,k9_dialog_invariants,3,PASS,tags_manager_dialog.py: Invarianten ok
8470,k10_regression_shield,14,PASS,Regressionsschild intakt
8471,k1_first_run_path,11,PASS,Erststartpfad ok
8472,k2_booking_lifecycle,11,PASS,Lebenszyklus ok
8473,k3_bundle_roundtrip,5,PASS,Bundle-Rundlauf ok
8474,k4_guide_coverage,10,PASS,en-Guide deckt Kernfunktionen
8475,k5_help_wiki,11,PASS,Wiki-Topic ok
8476,k6_text_quality,200,PASS,en: 40 Werte sauber
8477,k7_update_path,6,PASS,Update-Pfad ok
8478,k8_key_discipline,61,PASS,Schluesseldisziplin ok
8479,k9_dialog_invariants,3,PASS,theme_editor_dialog.py: Invarianten ok
8480,k10_regression_shield,14,PASS,Regressionsschild intakt
8481,k1_first_run_path,11,PASS,Erststartpfad ok
8482,k2_booking_lifecycle,11,PASS,Lebenszyklus ok
8483,k3_bundle_roundtrip,5,PASS,Bundle-Rundlauf ok
8484,k4_guide_coverage,10,PASS,fr-Guide deckt Kernfunktionen
8485,k5_help_wiki,11,PASS,Wiki-Topic ok
8486,k6_text_quality,197,PASS,fr: 40 Werte sauber
8487,k7_update_path,6,PASS,Update-Pfad ok
8488,k8_key_discipline,61,PASS,Schluesseldisziplin ok
8489,k9_dialog_invariants,1,PASS,type_color_helper.py: Invarianten ok
8490,k10_regression_shield,14,PASS,Regressionsschild intakt
8491,k1_first_run_path,11,PASS,Erststartpfad ok
8492,k2_booking_lifecycle,11,PASS,Lebenszyklus ok
8493,k3_bundle_roundtrip,5,PASS,Bundle-Rundlauf ok
8494,k4_guide_coverage,10,PASS,de-Guide deckt Kernfunktionen
8495,k5_help_wiki,11,PASS,Wiki-Topic ok
8496,k6_text_quality,200,PASS,de: 40 Werte sauber
8497,k7_update_path,6,PASS,Update-Pfad ok
8498,k8_key_discipline,60,PASS,Schluesseldisziplin ok
8499,k9_dialog_invariants,1,PASS,ui_colors.py: Invarianten ok
8500,k10_regression_shield,14,PASS,Regressionsschild intakt
8501,k1_first_run_path,11,PASS,Erststartpfad ok
8502,k2_booking_lifecycle,11,PASS,Lebenszyklus ok
8503,k3_bundle_roundtrip,5,PASS,Bundle-Rundlauf ok
8504,k4_guide_coverage,10,PASS,en-Guide deckt Kernfunktionen
8505,k5_help_wiki,11,PASS,Wiki-Topic ok
8506,k6_text_quality,197,PASS,en: 40 Werte sauber
8507,k7_update_path,6,PASS,Update-Pfad ok
8508,k8_key_discipline,60,PASS,Schluesseldisziplin ok
8509,k9_dialog_invariants,3,PASS,update_dialog.py: Invarianten ok
8510,k10_regression_shield,14,PASS,Regressionsschild intakt
8511,k1_first_run_path,11,PASS,Erststartpfad ok
8512,k2_booking_lifecycle,11,PASS,Lebenszyklus ok
8513,k3_bundle_roundtrip,5,PASS,Bundle-Rundlauf ok
8514,k4_guide_coverage,10,PASS,fr-Guide deckt Kernfunktionen
8515,k5_help_wiki,11,PASS,Wiki-Topic ok
8516,k6_text_quality,185,PASS,fr: 40 Werte sauber
8517,k7_update_path,6,PASS,Update-Pfad ok
8518,k8_key_discipline,60,PASS,Schluesseldisziplin ok
8519,k9_dialog_invariants,1,PASS,account_data_hub.py: Invarianten ok
8520,k10_regression_shield,14,PASS,Regressionsschild intakt
8521,k1_first_run_path,11,PASS,Erststartpfad ok
8522,k2_booking_lifecycle,11,PASS,Lebenszyklus ok
8523,k3_bundle_roundtrip,5,PASS,Bundle-Rundlauf ok
8524,k4_guide_coverage,10,PASS,de-Guide deckt Kernfunktionen
8525,k5_help_wiki,11,PASS,Wiki-Topic ok
8526,k6_text_quality,197,PASS,de: 40 Werte sauber
8527,k7_update_path,6,PASS,Update-Pfad ok
8528,k8_key_discipline,60,PASS,Schluesseldisziplin ok
8529,k9_dialog_invariants,3,PASS,account_management_dialog.py: Invarianten ok
8530,k10_regression_shield,14,PASS,Regressionsschild intakt
8531,k1_first_run_path,11,PASS,Erststartpfad ok
8532,k2_booking_lifecycle,11,PASS,Lebenszyklus ok
8533,k3_bundle_roundtrip,5,PASS,Bundle-Rundlauf ok
8534,k4_guide_coverage,10,PASS,en-Guide deckt Kernfunktionen
8535,k5_help_wiki,11,PASS,Wiki-Topic ok
8536,k6_text_quality,200,PASS,en: 40 Werte sauber
8537,k7_update_path,6,PASS,Update-Pfad ok
8538,k8_key_discipline,62,PASS,Schluesseldisziplin ok
8539,k9_dialog_invariants,3,PASS,backup_restore_dialog.py: Invarianten ok
8540,k10_regression_shield,14,PASS,Regressionsschild intakt
8541,k1_first_run_path,11,PASS,Erststartpfad ok
8542,k2_booking_lifecycle,11,PASS,Lebenszyklus ok
8543,k3_bundle_roundtrip,5,PASS,Bundle-Rundlauf ok
8544,k4_guide_coverage,10,PASS,fr-Guide deckt Kernfunktionen
8545,k5_help_wiki,11,PASS,Wiki-Topic ok
8546,k6_text_quality,200,PASS,fr: 40 Werte sauber
8547,k7_update_path,6,PASS,Update-Pfad ok
8548,k8_key_discipline,68,PASS,Schluesseldisziplin ok
8549,k9_dialog_invariants,5,PASS,budget_adjustment_dialog.py: Invarianten ok
8550,k10_regression_shield,14,PASS,Regressionsschild intakt
8551,k1_first_run_path,11,PASS,Erststartpfad ok
8552,k2_booking_lifecycle,11,PASS,Lebenszyklus ok
8553,k3_bundle_roundtrip,5,PASS,Bundle-Rundlauf ok
8554,k4_guide_coverage,10,PASS,de-Guide deckt Kernfunktionen
8555,k5_help_wiki,11,PASS,Wiki-Topic ok
8556,k6_text_quality,197,PASS,de: 40 Werte sauber
8557,k7_update_path,6,PASS,Update-Pfad ok
8558,k8_key_discipline,62,PASS,Schluesseldisziplin ok
8559,k9_dialog_invariants,5,PASS,budget_entry_dialog_extended.py: Invarianten ok
8560,k10_regression_shield,14,PASS,Regressionsschild intakt
8561,k1_first_run_path,11,PASS,Erststartpfad ok
8562,k2_booking_lifecycle,11,PASS,Lebenszyklus ok
8563,k3_bundle_roundtrip,5,PASS,Bundle-Rundlauf ok
8564,k4_guide_coverage,10,PASS,en-Guide deckt Kernfunktionen
8565,k5_help_wiki,11,PASS,Wiki-Topic ok
8566,k6_text_quality,197,PASS,en: 40 Werte sauber
8567,k7_update_path,6,PASS,Update-Pfad ok
8568,k8_key_discipline,61,PASS,Schluesseldisziplin ok
8569,k9_dialog_invariants,3,PASS,budget_fill_dialog.py: Invarianten ok
8570,k10_regression_shield,14,PASS,Regressionsschild intakt
8571,k1_first_run_path,11,PASS,Erststartpfad ok
8572,k2_booking_lifecycle,11,PASS,Lebenszyklus ok
8573,k3_bundle_roundtrip,5,PASS,Bundle-Rundlauf ok
8574,k4_guide_coverage,10,PASS,fr-Guide deckt Kernfunktionen
8575,k5_help_wiki,11,PASS,Wiki-Topic ok
8576,k6_text_quality,200,PASS,fr: 40 Werte sauber
8577,k7_update_path,6,PASS,Update-Pfad ok
8578,k8_key_discipline,60,PASS,Schluesseldisziplin ok
8579,k9_dialog_invariants,3,PASS,category_delete_dialog.py: Invarianten ok
8580,k10_regression_shield,14,PASS,Regressionsschild intakt
8581,k1_first_run_path,11,PASS,Erststartpfad ok
8582,k2_booking_lifecycle,11,PASS,Lebenszyklus ok
8583,k3_bundle_roundtrip,5,PASS,Bundle-Rundlauf ok
8584,k4_guide_coverage,10,PASS,de-Guide deckt Kernfunktionen
8585,k5_help_wiki,11,PASS,Wiki-Topic ok
8586,k6_text_quality,200,PASS,de: 40 Werte sauber
8587,k7_update_path,6,PASS,Update-Pfad ok
8588,k8_key_discipline,60,PASS,Schluesseldisziplin ok
8589,k9_dialog_invariants,1,PASS,category_excel_io.py: Invarianten ok
8590,k10_regression_shield,14,PASS,Regressionsschild intakt
8591,k1_first_run_path,11,PASS,Erststartpfad ok
8592,k2_booking_lifecycle,11,PASS,Lebenszyklus ok
8593,k3_bundle_roundtrip,5,PASS,Bundle-Rundlauf ok
8594,k4_guide_coverage,10,PASS,en-Guide deckt Kernfunktionen
8595,k5_help_wiki,11,PASS,Wiki-Topic ok
8596,k6_text_quality,188,PASS,en: 40 Werte sauber
8597,k7_update_path,6,PASS,Update-Pfad ok
8598,k8_key_discipline,60,PASS,Schluesseldisziplin ok
8599,k9_dialog_invariants,3,PASS,category_manager_dialog.py: Invarianten ok
8600,k10_regression_shield,14,PASS,Regressionsschild intakt
8601,k1_first_run_path,11,PASS,Erststartpfad ok
8602,k2_booking_lifecycle,11,PASS,Lebenszyklus ok
8603,k3_bundle_roundtrip,5,PASS,Bundle-Rundlauf ok
8604,k4_guide_coverage,10,PASS,fr-Guide deckt Kernfunktionen
8605,k5_help_wiki,11,PASS,Wiki-Topic ok
8606,k6_text_quality,197,PASS,fr: 40 Werte sauber
8607,k7_update_path,6,PASS,Update-Pfad ok
8608,k8_key_discipline,60,PASS,Schluesseldisziplin ok
8609,k9_dialog_invariants,1,PASS,category_picker.py: Invarianten ok
8610,k10_regression_shield,14,PASS,Regressionsschild intakt
8611,k1_first_run_path,11,PASS,Erststartpfad ok
8612,k2_booking_lifecycle,11,PASS,Lebenszyklus ok
8613,k3_bundle_roundtrip,5,PASS,Bundle-Rundlauf ok
8614,k4_guide_coverage,10,PASS,de-Guide deckt Kernfunktionen
8615,k5_help_wiki,11,PASS,Wiki-Topic ok
8616,k6_text_quality,194,PASS,de: 40 Werte sauber
8617,k7_update_path,6,PASS,Update-Pfad ok
8618,k8_key_discipline,71,PASS,Schluesseldisziplin ok
8619,k9_dialog_invariants,7,PASS,category_properties_dialog.py: Invarianten ok
8620,k10_regression_shield,14,PASS,Regressionsschild intakt
8621,k1_first_run_path,11,PASS,Erststartpfad ok
8622,k2_booking_lifecycle,11,PASS,Lebenszyklus ok
8623,k3_bundle_roundtrip,5,PASS,Bundle-Rundlauf ok
8624,k4_guide_coverage,10,PASS,en-Guide deckt Kernfunktionen
8625,k5_help_wiki,11,PASS,Wiki-Topic ok
8626,k6_text_quality,200,PASS,en: 40 Werte sauber
8627,k7_update_path,6,PASS,Update-Pfad ok
8628,k8_key_discipline,70,PASS,Schluesseldisziplin ok
8629,k9_dialog_invariants,3,PASS,copy_year_dialog.py: Invarianten ok
8630,k10_regression_shield,14,PASS,Regressionsschild intakt
8631,k1_first_run_path,11,PASS,Erststartpfad ok
8632,k2_booking_lifecycle,11,PASS,Lebenszyklus ok
8633,k3_bundle_roundtrip,5,PASS,Bundle-Rundlauf ok
8634,k4_guide_coverage,10,PASS,fr-Guide deckt Kernfunktionen
8635,k5_help_wiki,11,PASS,Wiki-Topic ok
8636,k6_text_quality,200,PASS,fr: 40 Werte sauber
8637,k7_update_path,6,PASS,Update-Pfad ok
8638,k8_key_discipline,60,PASS,Schluesseldisziplin ok
8639,k9_dialog_invariants,3,PASS,database_management_dialog.py: Invarianten ok
8640,k10_regression_shield,14,PASS,Regressionsschild intakt
8641,k1_first_run_path,11,PASS,Erststartpfad ok
8642,k2_booking_lifecycle,11,PASS,Lebenszyklus ok
8643,k3_bundle_roundtrip,5,PASS,Bundle-Rundlauf ok
8644,k4_guide_coverage,10,PASS,de-Guide deckt Kernfunktionen
8645,k5_help_wiki,11,PASS,Wiki-Topic ok
8646,k6_text_quality,200,PASS,de: 40 Werte sauber
8647,k7_update_path,6,PASS,Update-Pfad ok
8648,k8_key_discipline,60,PASS,Schluesseldisziplin ok
8649,k9_dialog_invariants,3,PASS,export_dialog.py: Invarianten ok
8650,k10_regression_shield,14,PASS,Regressionsschild intakt
8651,k1_first_run_path,11,PASS,Erststartpfad ok
8652,k2_booking_lifecycle,11,PASS,Lebenszyklus ok
8653,k3_bundle_roundtrip,5,PASS,Bundle-Rundlauf ok
8654,k4_guide_coverage,10,PASS,en-Guide deckt Kernfunktionen
8655,k5_help_wiki,11,PASS,Wiki-Topic ok
8656,k6_text_quality,176,PASS,en: 40 Werte sauber
8657,k7_update_path,6,PASS,Update-Pfad ok
8658,k8_key_discipline,61,PASS,Schluesseldisziplin ok
8659,k9_dialog_invariants,3,PASS,favorites_dashboard_dialog.py: Invarianten ok
8660,k10_regression_shield,14,PASS,Regressionsschild intakt
8661,k1_first_run_path,11,PASS,Erststartpfad ok
8662,k2_booking_lifecycle,11,PASS,Lebenszyklus ok
8663,k3_bundle_roundtrip,5,PASS,Bundle-Rundlauf ok
8664,k4_guide_coverage,10,PASS,fr-Guide deckt Kernfunktionen
8665,k5_help_wiki,11,PASS,Wiki-Topic ok
8666,k6_text_quality,188,PASS,fr: 40 Werte sauber
8667,k7_update_path,6,PASS,Update-Pfad ok
8668,k8_key_discipline,78,PASS,Schluesseldisziplin ok
8669,k9_dialog_invariants,3,PASS,global_search_dialog.py: Invarianten ok
8670,k10_regression_shield,14,PASS,Regressionsschild intakt
8671,k1_first_run_path,11,PASS,Erststartpfad ok
8672,k2_booking_lifecycle,11,PASS,Lebenszyklus ok
8673,k3_bundle_roundtrip,5,PASS,Bundle-Rundlauf ok
8674,k4_guide_coverage,10,PASS,de-Guide deckt Kernfunktionen
8675,k5_help_wiki,11,PASS,Wiki-Topic ok
8676,k6_text_quality,191,PASS,de: 40 Werte sauber
8677,k7_update_path,6,PASS,Update-Pfad ok
8678,k8_key_discipline,60,PASS,Schluesseldisziplin ok
8679,k9_dialog_invariants,1,PASS,help_content.py: Invarianten ok
8680,k10_regression_shield,14,PASS,Regressionsschild intakt
8681,k1_first_run_path,11,PASS,Erststartpfad ok
8682,k2_booking_lifecycle,11,PASS,Lebenszyklus ok
8683,k3_bundle_roundtrip,5,PASS,Bundle-Rundlauf ok
8684,k4_guide_coverage,10,PASS,en-Guide deckt Kernfunktionen
8685,k5_help_wiki,11,PASS,Wiki-Topic ok
8686,k6_text_quality,191,PASS,en: 40 Werte sauber
8687,k7_update_path,6,PASS,Update-Pfad ok
8688,k8_key_discipline,60,PASS,Schluesseldisziplin ok
8689,k9_dialog_invariants,3,PASS,help_dialog.py: Invarianten ok
8690,k10_regression_shield,14,PASS,Regressionsschild intakt
8691,k1_first_run_path,11,PASS,Erststartpfad ok
8692,k2_booking_lifecycle,11,PASS,Lebenszyklus ok
8693,k3_bundle_roundtrip,5,PASS,Bundle-Rundlauf ok
8694,k4_guide_coverage,10,PASS,fr-Guide deckt Kernfunktionen
8695,k5_help_wiki,11,PASS,Wiki-Topic ok
8696,k6_text_quality,200,PASS,fr: 40 Werte sauber
8697,k7_update_path,6,PASS,Update-Pfad ok
8698,k8_key_discipline,60,PASS,Schluesseldisziplin ok
8699,k9_dialog_invariants,3,PASS,language_select_dialog.py: Invarianten ok
8700,k10_regression_shield,14,PASS,Regressionsschild intakt
8701,k1_first_run_path,11,PASS,Erststartpfad ok
8702,k2_booking_lifecycle,11,PASS,Lebenszyklus ok
8703,k3_bundle_roundtrip,5,PASS,Bundle-Rundlauf ok
8704,k4_guide_coverage,10,PASS,de-Guide deckt Kernfunktionen
8705,k5_help_wiki,11,PASS,Wiki-Topic ok
8706,k6_text_quality,200,PASS,de: 40 Werte sauber
8707,k7_update_path,6,PASS,Update-Pfad ok
8708,k8_key_discipline,60,PASS,Schluesseldisziplin ok
8709,k9_dialog_invariants,7,PASS,login_dialog.py: Invarianten ok
8710,k10_regression_shield,14,PASS,Regressionsschild intakt
8711,k1_first_run_path,11,PASS,Erststartpfad ok
8712,k2_booking_lifecycle,11,PASS,Lebenszyklus ok
8713,k3_bundle_roundtrip,5,PASS,Bundle-Rundlauf ok
8714,k4_guide_coverage,10,PASS,en-Guide deckt Kernfunktionen
8715,k5_help_wiki,11,PASS,Wiki-Topic ok
8716,k6_text_quality,200,PASS,en: 40 Werte sauber
8717,k7_update_path,6,PASS,Update-Pfad ok
8718,k8_key_discipline,60,PASS,Schluesseldisziplin ok
8719,k9_dialog_invariants,5,PASS,main_window.py: Invarianten ok
8720,k10_regression_shield,14,PASS,Regressionsschild intakt
8721,k1_first_run_path,11,PASS,Erststartpfad ok
8722,k2_booking_lifecycle,11,PASS,Lebenszyklus ok
8723,k3_bundle_roundtrip,5,PASS,Bundle-Rundlauf ok
8724,k4_guide_coverage,10,PASS,fr-Guide deckt Kernfunktionen
8725,k5_help_wiki,11,PASS,Wiki-Topic ok
8726,k6_text_quality,200,PASS,fr: 40 Werte sauber
8727,k7_update_path,6,PASS,Update-Pfad ok
8728,k8_key_discipline,32,PASS,Schluesseldisziplin ok
8729,k9_dialog_invariants,3,PASS,month_close_dialog.py: Invarianten ok
8730,k10_regression_shield,14,PASS,Regressionsschild intakt
8731,k1_first_run_path,11,PASS,Erststartpfad ok
8732,k2_booking_lifecycle,11,PASS,Lebenszyklus ok
8733,k3_bundle_roundtrip,5,PASS,Bundle-Rundlauf ok
8734,k4_guide_coverage,10,PASS,de-Guide deckt Kernfunktionen
8735,k5_help_wiki,11,PASS,Wiki-Topic ok
8736,k6_text_quality,200,PASS,de: 40 Werte sauber
8737,k7_update_path,6,PASS,Update-Pfad ok
8738,k8_key_discipline,60,PASS,Schluesseldisziplin ok
8739,k9_dialog_invariants,3,PASS,quick_add_dialog.py: Invarianten ok
8740,k10_regression_shield,14,PASS,Regressionsschild intakt
8741,k1_first_run_path,11,PASS,Erststartpfad ok
8742,k2_booking_lifecycle,11,PASS,Lebenszyklus ok
8743,k3_bundle_roundtrip,5,PASS,Bundle-Rundlauf ok
8744,k4_guide_coverage,10,PASS,en-Guide deckt Kernfunktionen
8745,k5_help_wiki,11,PASS,Wiki-Topic ok
8746,k6_text_quality,200,PASS,en: 40 Werte sauber
8747,k7_update_path,6,PASS,Update-Pfad ok
8748,k8_key_discipline,60,PASS,Schluesseldisziplin ok
8749,k9_dialog_invariants,1,PASS,reauth.py: Invarianten ok
8750,k10_regression_shield,14,PASS,Regressionsschild intakt
8751,k1_first_run_path,11,PASS,Erststartpfad ok
8752,k2_booking_lifecycle,11,PASS,Lebenszyklus ok
8753,k3_bundle_roundtrip,5,PASS,Bundle-Rundlauf ok
8754,k4_guide_coverage,10,PASS,fr-Guide deckt Kernfunktionen
8755,k5_help_wiki,11,PASS,Wiki-Topic ok
8756,k6_text_quality,35,PASS,fr: 7 Werte sauber
8757,k7_update_path,6,PASS,Update-Pfad ok
8758,k8_key_discipline,65,PASS,Schluesseldisziplin ok
8759,k9_dialog_invariants,3,PASS,recurring_bookings_dialog.py: Invarianten ok
8760,k10_regression_shield,14,PASS,Regressionsschild intakt
8761,k1_first_run_path,11,PASS,Erststartpfad ok
8762,k2_booking_lifecycle,11,PASS,Lebenszyklus ok
8763,k3_bundle_roundtrip,5,PASS,Bundle-Rundlauf ok
8764,k4_guide_coverage,10,PASS,de-Guide deckt Kernfunktionen
8765,k5_help_wiki,11,PASS,Wiki-Topic ok
8766,k6_text_quality,200,PASS,de: 40 Werte sauber
8767,k7_update_path,6,PASS,Update-Pfad ok
8768,k8_key_discipline,66,PASS,Schluesseldisziplin ok
8769,k9_dialog_invariants,3,PASS,restore_key_dialog.py: Invarianten ok
8770,k10_regression_shield,14,PASS,Regressionsschild intakt
8771,k1_first_run_path,11,PASS,Erststartpfad ok
8772,k2_booking_lifecycle,11,PASS,Lebenszyklus ok
8773,k3_bundle_roundtrip,5,PASS,Bundle-Rundlauf ok
8774,k4_guide_coverage,10,PASS,en-Guide deckt Kernfunktionen
8775,k5_help_wiki,11,PASS,Wiki-Topic ok
8776,k6_text_quality,194,PASS,en: 40 Werte sauber
8777,k7_update_path,6,PASS,Update-Pfad ok
8778,k8_key_discipline,65,PASS,Schluesseldisziplin ok
8779,k9_dialog_invariants,1,PASS,savings_goal_messages.py: Invarianten ok
8780,k10_regression_shield,14,PASS,Regressionsschild intakt
8781,k1_first_run_path,11,PASS,Erststartpfad ok
8782,k2_booking_lifecycle,11,PASS,Lebenszyklus ok
8783,k3_bundle_roundtrip,5,PASS,Bundle-Rundlauf ok
8784,k4_guide_coverage,10,PASS,fr-Guide deckt Kernfunktionen
8785,k5_help_wiki,11,PASS,Wiki-Topic ok
8786,k6_text_quality,194,PASS,fr: 40 Werte sauber
8787,k7_update_path,6,PASS,Update-Pfad ok
8788,k8_key_discipline,60,PASS,Schluesseldisziplin ok
8789,k9_dialog_invariants,7,PASS,savings_goals_dialog.py: Invarianten ok
8790,k10_regression_shield,14,PASS,Regressionsschild intakt
8791,k1_first_run_path,11,PASS,Erststartpfad ok
8792,k2_booking_lifecycle,11,PASS,Lebenszyklus ok
8793,k3_bundle_roundtrip,5,PASS,Bundle-Rundlauf ok
8794,k4_guide_coverage,10,PASS,de-Guide deckt Kernfunktionen
8795,k5_help_wiki,11,PASS,Wiki-Topic ok
8796,k6_text_quality,179,PASS,de: 40 Werte sauber
8797,k7_update_path,6,PASS,Update-Pfad ok
8798,k8_key_discipline,60,PASS,Schluesseldisziplin ok
8799,k9_dialog_invariants,3,PASS,setup_assistant_dialog.py: Invarianten ok
8800,k10_regression_shield,14,PASS,Regressionsschild intakt
8801,k1_first_run_path,11,PASS,Erststartpfad ok
8802,k2_booking_lifecycle,11,PASS,Lebenszyklus ok
8803,k3_bundle_roundtrip,5,PASS,Bundle-Rundlauf ok
8804,k4_guide_coverage,10,PASS,en-Guide deckt Kernfunktionen
8805,k5_help_wiki,11,PASS,Wiki-Topic ok
8806,k6_text_quality,191,PASS,en: 40 Werte sauber
8807,k7_update_path,6,PASS,Update-Pfad ok
8808,k8_key_discipline,60,PASS,Schluesseldisziplin ok
8809,k9_dialog_invariants,3,PASS,shortcuts_dialog.py: Invarianten ok
8810,k10_regression_shield,14,PASS,Regressionsschild intakt
8811,k1_first_run_path,11,PASS,Erststartpfad ok
8812,k2_booking_lifecycle,11,PASS,Lebenszyklus ok
8813,k3_bundle_roundtrip,5,PASS,Bundle-Rundlauf ok
8814,k4_guide_coverage,10,PASS,fr-Guide deckt Kernfunktionen
8815,k5_help_wiki,11,PASS,Wiki-Topic ok
8816,k6_text_quality,200,PASS,fr: 40 Werte sauber
8817,k7_update_path,6,PASS,Update-Pfad ok
8818,k8_key_discipline,61,PASS,Schluesseldisziplin ok
8819,k9_dialog_invariants,3,PASS,special_income_dialog.py: Invarianten ok
8820,k10_regression_shield,14,PASS,Regressionsschild intakt
8821,k1_first_run_path,11,PASS,Erststartpfad ok
8822,k2_booking_lifecycle,11,PASS,Lebenszyklus ok
8823,k3_bundle_roundtrip,5,PASS,Bundle-Rundlauf ok
8824,k4_guide_coverage,10,PASS,de-Guide deckt Kernfunktionen
8825,k5_help_wiki,11,PASS,Wiki-Topic ok
8826,k6_text_quality,191,PASS,de: 40 Werte sauber
8827,k7_update_path,6,PASS,Update-Pfad ok
8828,k8_key_discipline,60,PASS,Schluesseldisziplin ok
8829,k9_dialog_invariants,3,PASS,startup_wizard.py: Invarianten ok
8830,k10_regression_shield,14,PASS,Regressionsschild intakt
8831,k1_first_run_path,11,PASS,Erststartpfad ok
8832,k2_booking_lifecycle,11,PASS,Lebenszyklus ok
8833,k3_bundle_roundtrip,5,PASS,Bundle-Rundlauf ok
8834,k4_guide_coverage,10,PASS,en-Guide deckt Kernfunktionen
8835,k5_help_wiki,11,PASS,Wiki-Topic ok
8836,k6_text_quality,200,PASS,en: 40 Werte sauber
8837,k7_update_path,6,PASS,Update-Pfad ok
8838,k8_key_discipline,66,PASS,Schluesseldisziplin ok
8839,k9_dialog_invariants,3,PASS,tags_manager_dialog.py: Invarianten ok
8840,k10_regression_shield,14,PASS,Regressionsschild intakt
8841,k1_first_run_path,11,PASS,Erststartpfad ok
8842,k2_booking_lifecycle,11,PASS,Lebenszyklus ok
8843,k3_bundle_roundtrip,5,PASS,Bundle-Rundlauf ok
8844,k4_guide_coverage,10,PASS,fr-Guide deckt Kernfunktionen
8845,k5_help_wiki,11,PASS,Wiki-Topic ok
8846,k6_text_quality,200,PASS,fr: 40 Werte sauber
8847,k7_update_path,6,PASS,Update-Pfad ok
8848,k8_key_discipline,68,PASS,Schluesseldisziplin ok
8849,k9_dialog_invariants,3,PASS,theme_editor_dialog.py: Invarianten ok
8850,k10_regression_shield,14,PASS,Regressionsschild intakt
8851,k1_first_run_path,11,PASS,Erststartpfad ok
8852,k2_booking_lifecycle,11,PASS,Lebenszyklus ok
8853,k3_bundle_roundtrip,5,PASS,Bundle-Rundlauf ok
8854,k4_guide_coverage,10,PASS,de-Guide deckt Kernfunktionen
8855,k5_help_wiki,11,PASS,Wiki-Topic ok
8856,k6_text_quality,200,PASS,de: 40 Werte sauber
8857,k7_update_path,6,PASS,Update-Pfad ok
8858,k8_key_discipline,62,PASS,Schluesseldisziplin ok
8859,k9_dialog_invariants,1,PASS,type_color_helper.py: Invarianten ok
8860,k10_regression_shield,14,PASS,Regressionsschild intakt
8861,k1_first_run_path,11,PASS,Erststartpfad ok
8862,k2_booking_lifecycle,11,PASS,Lebenszyklus ok
8863,k3_bundle_roundtrip,5,PASS,Bundle-Rundlauf ok
8864,k4_guide_coverage,10,PASS,en-Guide deckt Kernfunktionen
8865,k5_help_wiki,11,PASS,Wiki-Topic ok
8866,k6_text_quality,197,PASS,en: 40 Werte sauber
8867,k7_update_path,6,PASS,Update-Pfad ok
8868,k8_key_discipline,70,PASS,Schluesseldisziplin ok
8869,k9_dialog_invariants,1,PASS,ui_colors.py: Invarianten ok
8870,k10_regression_shield,14,PASS,Regressionsschild intakt
8871,k1_first_run_path,11,PASS,Erststartpfad ok
8872,k2_booking_lifecycle,11,PASS,Lebenszyklus ok
8873,k3_bundle_roundtrip,5,PASS,Bundle-Rundlauf ok
8874,k4_guide_coverage,10,PASS,fr-Guide deckt Kernfunktionen
8875,k5_help_wiki,11,PASS,Wiki-Topic ok
8876,k6_text_quality,200,PASS,fr: 40 Werte sauber
8877,k7_update_path,6,PASS,Update-Pfad ok
8878,k8_key_discipline,60,PASS,Schluesseldisziplin ok
8879,k9_dialog_invariants,3,PASS,update_dialog.py: Invarianten ok
8880,k10_regression_shield,14,PASS,Regressionsschild intakt
8881,k1_first_run_path,11,PASS,Erststartpfad ok
8882,k2_booking_lifecycle,11,PASS,Lebenszyklus ok
8883,k3_bundle_roundtrip,5,PASS,Bundle-Rundlauf ok
8884,k4_guide_coverage,10,PASS,de-Guide deckt Kernfunktionen
8885,k5_help_wiki,11,PASS,Wiki-Topic ok
8886,k6_text_quality,200,PASS,de: 40 Werte sauber
8887,k7_update_path,6,PASS,Update-Pfad ok
8888,k8_key_discipline,60,PASS,Schluesseldisziplin ok
8889,k9_dialog_invariants,1,PASS,account_data_hub.py: Invarianten ok
8890,k10_regression_shield,14,PASS,Regressionsschild intakt
8891,k1_first_run_path,11,PASS,Erststartpfad ok
8892,k2_booking_lifecycle,11,PASS,Lebenszyklus ok
8893,k3_bundle_roundtrip,5,PASS,Bundle-Rundlauf ok
8894,k4_guide_coverage,10,PASS,en-Guide deckt Kernfunktionen
8895,k5_help_wiki,11,PASS,Wiki-Topic ok
8896,k6_text_quality,200,PASS,en: 40 Werte sauber
8897,k7_update_path,6,PASS,Update-Pfad ok
8898,k8_key_discipline,60,PASS,Schluesseldisziplin ok
8899,k9_dialog_invariants,3,PASS,account_management_dialog.py: Invarianten ok
8900,k10_regression_shield,14,PASS,Regressionsschild intakt
8901,k1_first_run_path,11,PASS,Erststartpfad ok
8902,k2_booking_lifecycle,11,PASS,Lebenszyklus ok
8903,k3_bundle_roundtrip,5,PASS,Bundle-Rundlauf ok
8904,k4_guide_coverage,10,PASS,fr-Guide deckt Kernfunktionen
8905,k5_help_wiki,11,PASS,Wiki-Topic ok
8906,k6_text_quality,200,PASS,fr: 40 Werte sauber
8907,k7_update_path,6,PASS,Update-Pfad ok
8908,k8_key_discipline,65,PASS,Schluesseldisziplin ok
8909,k9_dialog_invariants,3,PASS,backup_restore_dialog.py: Invarianten ok
8910,k10_regression_shield,14,PASS,Regressionsschild intakt
8911,k1_first_run_path,11,PASS,Erststartpfad ok
8912,k2_booking_lifecycle,11,PASS,Lebenszyklus ok
8913,k3_bundle_roundtrip,5,PASS,Bundle-Rundlauf ok
8914,k4_guide_coverage,10,PASS,de-Guide deckt Kernfunktionen
8915,k5_help_wiki,11,PASS,Wiki-Topic ok
8916,k6_text_quality,194,PASS,de: 40 Werte sauber
8917,k7_update_path,6,PASS,Update-Pfad ok
8918,k8_key_discipline,60,PASS,Schluesseldisziplin ok
8919,k9_dialog_invariants,5,PASS,budget_adjustment_dialog.py: Invarianten ok
8920,k10_regression_shield,14,PASS,Regressionsschild intakt
8921,k1_first_run_path,11,PASS,Erststartpfad ok
8922,k2_booking_lifecycle,11,PASS,Lebenszyklus ok
8923,k3_bundle_roundtrip,5,PASS,Bundle-Rundlauf ok
8924,k4_guide_coverage,10,PASS,en-Guide deckt Kernfunktionen
8925,k5_help_wiki,11,PASS,Wiki-Topic ok
8926,k6_text_quality,200,PASS,en: 40 Werte sauber
8927,k7_update_path,6,PASS,Update-Pfad ok
8928,k8_key_discipline,62,PASS,Schluesseldisziplin ok
8929,k9_dialog_invariants,5,PASS,budget_entry_dialog_extended.py: Invarianten ok
8930,k10_regression_shield,14,PASS,Regressionsschild intakt
8931,k1_first_run_path,11,PASS,Erststartpfad ok
8932,k2_booking_lifecycle,11,PASS,Lebenszyklus ok
8933,k3_bundle_roundtrip,5,PASS,Bundle-Rundlauf ok
8934,k4_guide_coverage,10,PASS,fr-Guide deckt Kernfunktionen
8935,k5_help_wiki,11,PASS,Wiki-Topic ok
8936,k6_text_quality,200,PASS,fr: 40 Werte sauber
8937,k7_update_path,6,PASS,Update-Pfad ok
8938,k8_key_discipline,60,PASS,Schluesseldisziplin ok
8939,k9_dialog_invariants,3,PASS,budget_fill_dialog.py: Invarianten ok
8940,k10_regression_shield,14,PASS,Regressionsschild intakt
8941,k1_first_run_path,11,PASS,Erststartpfad ok
8942,k2_booking_lifecycle,11,PASS,Lebenszyklus ok
8943,k3_bundle_roundtrip,5,PASS,Bundle-Rundlauf ok
8944,k4_guide_coverage,10,PASS,de-Guide deckt Kernfunktionen
8945,k5_help_wiki,11,PASS,Wiki-Topic ok
8946,k6_text_quality,194,PASS,de: 40 Werte sauber
8947,k7_update_path,6,PASS,Update-Pfad ok
8948,k8_key_discipline,62,PASS,Schluesseldisziplin ok
8949,k9_dialog_invariants,3,PASS,category_delete_dialog.py: Invarianten ok
8950,k10_regression_shield,14,PASS,Regressionsschild intakt
8951,k1_first_run_path,11,PASS,Erststartpfad ok
8952,k2_booking_lifecycle,11,PASS,Lebenszyklus ok
8953,k3_bundle_roundtrip,5,PASS,Bundle-Rundlauf ok
8954,k4_guide_coverage,10,PASS,en-Guide deckt Kernfunktionen
8955,k5_help_wiki,11,PASS,Wiki-Topic ok
8956,k6_text_quality,197,PASS,en: 40 Werte sauber
8957,k7_update_path,6,PASS,Update-Pfad ok
8958,k8_key_discipline,60,PASS,Schluesseldisziplin ok
8959,k9_dialog_invariants,1,PASS,category_excel_io.py: Invarianten ok
8960,k10_regression_shield,14,PASS,Regressionsschild intakt
8961,k1_first_run_path,11,PASS,Erststartpfad ok
8962,k2_booking_lifecycle,11,PASS,Lebenszyklus ok
8963,k3_bundle_roundtrip,5,PASS,Bundle-Rundlauf ok
8964,k4_guide_coverage,10,PASS,fr-Guide deckt Kernfunktionen
8965,k5_help_wiki,11,PASS,Wiki-Topic ok
8966,k6_text_quality,200,PASS,fr: 40 Werte sauber
8967,k7_update_path,6,PASS,Update-Pfad ok
8968,k8_key_discipline,61,PASS,Schluesseldisziplin ok
8969,k9_dialog_invariants,3,PASS,category_manager_dialog.py: Invarianten ok
8970,k10_regression_shield,14,PASS,Regressionsschild intakt
8971,k1_first_run_path,11,PASS,Erststartpfad ok
8972,k2_booking_lifecycle,11,PASS,Lebenszyklus ok
8973,k3_bundle_roundtrip,5,PASS,Bundle-Rundlauf ok
8974,k4_guide_coverage,10,PASS,de-Guide deckt Kernfunktionen
8975,k5_help_wiki,11,PASS,Wiki-Topic ok
8976,k6_text_quality,200,PASS,de: 40 Werte sauber
8977,k7_update_path,6,PASS,Update-Pfad ok
8978,k8_key_discipline,61,PASS,Schluesseldisziplin ok
8979,k9_dialog_invariants,1,PASS,category_picker.py: Invarianten ok
8980,k10_regression_shield,14,PASS,Regressionsschild intakt
8981,k1_first_run_path,11,PASS,Erststartpfad ok
8982,k2_booking_lifecycle,11,PASS,Lebenszyklus ok
8983,k3_bundle_roundtrip,5,PASS,Bundle-Rundlauf ok
8984,k4_guide_coverage,10,PASS,en-Guide deckt Kernfunktionen
8985,k5_help_wiki,11,PASS,Wiki-Topic ok
8986,k6_text_quality,200,PASS,en: 40 Werte sauber
8987,k7_update_path,6,PASS,Update-Pfad ok
8988,k8_key_discipline,60,PASS,Schluesseldisziplin ok
8989,k9_dialog_invariants,7,PASS,category_properties_dialog.py: Invarianten ok
8990,k10_regression_shield,14,PASS,Regressionsschild intakt
8991,k1_first_run_path,11,PASS,Erststartpfad ok
8992,k2_booking_lifecycle,11,PASS,Lebenszyklus ok
8993,k3_bundle_roundtrip,5,PASS,Bundle-Rundlauf ok
8994,k4_guide_coverage,10,PASS,fr-Guide deckt Kernfunktionen
8995,k5_help_wiki,11,PASS,Wiki-Topic ok
8996,k6_text_quality,200,PASS,fr: 40 Werte sauber
8997,k7_update_path,6,PASS,Update-Pfad ok
8998,k8_key_discipline,60,PASS,Schluesseldisziplin ok
8999,k9_dialog_invariants,3,PASS,copy_year_dialog.py: Invarianten ok
9000,k10_regression_shield,14,PASS,Regressionsschild intakt
9001,k1_first_run_path,11,PASS,Erststartpfad ok
9002,k2_booking_lifecycle,11,PASS,Lebenszyklus ok
9003,k3_bundle_roundtrip,5,PASS,Bundle-Rundlauf ok
9004,k4_guide_coverage,10,PASS,de-Guide deckt Kernfunktionen
9005,k5_help_wiki,11,PASS,Wiki-Topic ok
9006,k6_text_quality,200,PASS,de: 40 Werte sauber
9007,k7_update_path,6,PASS,Update-Pfad ok
9008,k8_key_discipline,60,PASS,Schluesseldisziplin ok
9009,k9_dialog_invariants,3,PASS,database_management_dialog.py: Invarianten ok
9010,k10_regression_shield,14,PASS,Regressionsschild intakt
9011,k1_first_run_path,11,PASS,Erststartpfad ok
9012,k2_booking_lifecycle,11,PASS,Lebenszyklus ok
9013,k3_bundle_roundtrip,5,PASS,Bundle-Rundlauf ok
9014,k4_guide_coverage,10,PASS,en-Guide deckt Kernfunktionen
9015,k5_help_wiki,11,PASS,Wiki-Topic ok
9016,k6_text_quality,197,PASS,en: 40 Werte sauber
9017,k7_update_path,6,PASS,Update-Pfad ok
9018,k8_key_discipline,60,PASS,Schluesseldisziplin ok
9019,k9_dialog_invariants,3,PASS,export_dialog.py: Invarianten ok
9020,k10_regression_shield,14,PASS,Regressionsschild intakt
9021,k1_first_run_path,11,PASS,Erststartpfad ok
9022,k2_booking_lifecycle,11,PASS,Lebenszyklus ok
9023,k3_bundle_roundtrip,5,PASS,Bundle-Rundlauf ok
9024,k4_guide_coverage,10,PASS,fr-Guide deckt Kernfunktionen
9025,k5_help_wiki,11,PASS,Wiki-Topic ok
9026,k6_text_quality,194,PASS,fr: 40 Werte sauber
9027,k7_update_path,6,PASS,Update-Pfad ok
9028,k8_key_discipline,62,PASS,Schluesseldisziplin ok
9029,k9_dialog_invariants,3,PASS,favorites_dashboard_dialog.py: Invarianten ok
9030,k10_regression_shield,14,PASS,Regressionsschild intakt
9031,k1_first_run_path,11,PASS,Erststartpfad ok
9032,k2_booking_lifecycle,11,PASS,Lebenszyklus ok
9033,k3_bundle_roundtrip,5,PASS,Bundle-Rundlauf ok
9034,k4_guide_coverage,10,PASS,de-Guide deckt Kernfunktionen
9035,k5_help_wiki,11,PASS,Wiki-Topic ok
9036,k6_text_quality,191,PASS,de: 40 Werte sauber
9037,k7_update_path,6,PASS,Update-Pfad ok
9038,k8_key_discipline,68,PASS,Schluesseldisziplin ok
9039,k9_dialog_invariants,3,PASS,global_search_dialog.py: Invarianten ok
9040,k10_regression_shield,14,PASS,Regressionsschild intakt
9041,k1_first_run_path,11,PASS,Erststartpfad ok
9042,k2_booking_lifecycle,11,PASS,Lebenszyklus ok
9043,k3_bundle_roundtrip,5,PASS,Bundle-Rundlauf ok
9044,k4_guide_coverage,10,PASS,en-Guide deckt Kernfunktionen
9045,k5_help_wiki,11,PASS,Wiki-Topic ok
9046,k6_text_quality,191,PASS,en: 40 Werte sauber
9047,k7_update_path,6,PASS,Update-Pfad ok
9048,k8_key_discipline,62,PASS,Schluesseldisziplin ok
9049,k9_dialog_invariants,1,PASS,help_content.py: Invarianten ok
9050,k10_regression_shield,14,PASS,Regressionsschild intakt
9051,k1_first_run_path,11,PASS,Erststartpfad ok
9052,k2_booking_lifecycle,11,PASS,Lebenszyklus ok
9053,k3_bundle_roundtrip,5,PASS,Bundle-Rundlauf ok
9054,k4_guide_coverage,10,PASS,fr-Guide deckt Kernfunktionen
9055,k5_help_wiki,11,PASS,Wiki-Topic ok
9056,k6_text_quality,197,PASS,fr: 40 Werte sauber
9057,k7_update_path,6,PASS,Update-Pfad ok
9058,k8_key_discipline,61,PASS,Schluesseldisziplin ok
9059,k9_dialog_invariants,3,PASS,help_dialog.py: Invarianten ok
9060,k10_regression_shield,14,PASS,Regressionsschild intakt
9061,k1_first_run_path,11,PASS,Erststartpfad ok
9062,k2_booking_lifecycle,11,PASS,Lebenszyklus ok
9063,k3_bundle_roundtrip,5,PASS,Bundle-Rundlauf ok
9064,k4_guide_coverage,10,PASS,de-Guide deckt Kernfunktionen
9065,k5_help_wiki,11,PASS,Wiki-Topic ok
9066,k6_text_quality,188,PASS,de: 40 Werte sauber
9067,k7_update_path,6,PASS,Update-Pfad ok
9068,k8_key_discipline,60,PASS,Schluesseldisziplin ok
9069,k9_dialog_invariants,3,PASS,language_select_dialog.py: Invarianten ok
9070,k10_regression_shield,14,PASS,Regressionsschild intakt
9071,k1_first_run_path,11,PASS,Erststartpfad ok
9072,k2_booking_lifecycle,11,PASS,Lebenszyklus ok
9073,k3_bundle_roundtrip,5,PASS,Bundle-Rundlauf ok
9074,k4_guide_coverage,10,PASS,en-Guide deckt Kernfunktionen
9075,k5_help_wiki,11,PASS,Wiki-Topic ok
9076,k6_text_quality,194,PASS,en: 40 Werte sauber
9077,k7_update_path,6,PASS,Update-Pfad ok
9078,k8_key_discipline,60,PASS,Schluesseldisziplin ok
9079,k9_dialog_invariants,7,PASS,login_dialog.py: Invarianten ok
9080,k10_regression_shield,14,PASS,Regressionsschild intakt
9081,k1_first_run_path,11,PASS,Erststartpfad ok
9082,k2_booking_lifecycle,11,PASS,Lebenszyklus ok
9083,k3_bundle_roundtrip,5,PASS,Bundle-Rundlauf ok
9084,k4_guide_coverage,10,PASS,fr-Guide deckt Kernfunktionen
9085,k5_help_wiki,11,PASS,Wiki-Topic ok
9086,k6_text_quality,197,PASS,fr: 40 Werte sauber
9087,k7_update_path,6,PASS,Update-Pfad ok
9088,k8_key_discipline,60,PASS,Schluesseldisziplin ok
9089,k9_dialog_invariants,5,PASS,main_window.py: Invarianten ok
9090,k10_regression_shield,14,PASS,Regressionsschild intakt
9091,k1_first_run_path,11,PASS,Erststartpfad ok
9092,k2_booking_lifecycle,11,PASS,Lebenszyklus ok
9093,k3_bundle_roundtrip,5,PASS,Bundle-Rundlauf ok
9094,k4_guide_coverage,10,PASS,de-Guide deckt Kernfunktionen
9095,k5_help_wiki,11,PASS,Wiki-Topic ok
9096,k6_text_quality,200,PASS,de: 40 Werte sauber
9097,k7_update_path,6,PASS,Update-Pfad ok
9098,k8_key_discipline,60,PASS,Schluesseldisziplin ok
9099,k9_dialog_invariants,3,PASS,month_close_dialog.py: Invarianten ok
9100,k10_regression_shield,14,PASS,Regressionsschild intakt
9101,k1_first_run_path,11,PASS,Erststartpfad ok
9102,k2_booking_lifecycle,11,PASS,Lebenszyklus ok
9103,k3_bundle_roundtrip,5,PASS,Bundle-Rundlauf ok
9104,k4_guide_coverage,10,PASS,en-Guide deckt Kernfunktionen
9105,k5_help_wiki,11,PASS,Wiki-Topic ok
9106,k6_text_quality,200,PASS,en: 40 Werte sauber
9107,k7_update_path,6,PASS,Update-Pfad ok
9108,k8_key_discipline,71,PASS,Schluesseldisziplin ok
9109,k9_dialog_invariants,3,PASS,quick_add_dialog.py: Invarianten ok
9110,k10_regression_shield,14,PASS,Regressionsschild intakt
9111,k1_first_run_path,11,PASS,Erststartpfad ok
9112,k2_booking_lifecycle,11,PASS,Lebenszyklus ok
9113,k3_bundle_roundtrip,5,PASS,Bundle-Rundlauf ok
9114,k4_guide_coverage,10,PASS,fr-Guide deckt Kernfunktionen
9115,k5_help_wiki,11,PASS,Wiki-Topic ok
9116,k6_text_quality,197,PASS,fr: 40 Werte sauber
9117,k7_update_path,6,PASS,Update-Pfad ok
9118,k8_key_discipline,70,PASS,Schluesseldisziplin ok
9119,k9_dialog_invariants,1,PASS,reauth.py: Invarianten ok
9120,k10_regression_shield,14,PASS,Regressionsschild intakt
9121,k1_first_run_path,11,PASS,Erststartpfad ok
9122,k2_booking_lifecycle,11,PASS,Lebenszyklus ok
9123,k3_bundle_roundtrip,5,PASS,Bundle-Rundlauf ok
9124,k4_guide_coverage,10,PASS,de-Guide deckt Kernfunktionen
9125,k5_help_wiki,11,PASS,Wiki-Topic ok
9126,k6_text_quality,197,PASS,de: 40 Werte sauber
9127,k7_update_path,6,PASS,Update-Pfad ok
9128,k8_key_discipline,60,PASS,Schluesseldisziplin ok
9129,k9_dialog_invariants,3,PASS,recurring_bookings_dialog.py: Invarianten ok
9130,k10_regression_shield,14,PASS,Regressionsschild intakt
9131,k1_first_run_path,11,PASS,Erststartpfad ok
9132,k2_booking_lifecycle,11,PASS,Lebenszyklus ok
9133,k3_bundle_roundtrip,5,PASS,Bundle-Rundlauf ok
9134,k4_guide_coverage,10,PASS,en-Guide deckt Kernfunktionen
9135,k5_help_wiki,11,PASS,Wiki-Topic ok
9136,k6_text_quality,194,PASS,en: 40 Werte sauber
9137,k7_update_path,6,PASS,Update-Pfad ok
9138,k8_key_discipline,60,PASS,Schluesseldisziplin ok
9139,k9_dialog_invariants,3,PASS,restore_key_dialog.py: Invarianten ok
9140,k10_regression_shield,14,PASS,Regressionsschild intakt
9141,k1_first_run_path,11,PASS,Erststartpfad ok
9142,k2_booking_lifecycle,11,PASS,Lebenszyklus ok
9143,k3_bundle_roundtrip,5,PASS,Bundle-Rundlauf ok
9144,k4_guide_coverage,10,PASS,fr-Guide deckt Kernfunktionen
9145,k5_help_wiki,11,PASS,Wiki-Topic ok
9146,k6_text_quality,185,PASS,fr: 40 Werte sauber
9147,k7_update_path,6,PASS,Update-Pfad ok
9148,k8_key_discipline,61,PASS,Schluesseldisziplin ok
9149,k9_dialog_invariants,1,PASS,savings_goal_messages.py: Invarianten ok
9150,k10_regression_shield,14,PASS,Regressionsschild intakt
9151,k1_first_run_path,11,PASS,Erststartpfad ok
9152,k2_booking_lifecycle,11,PASS,Lebenszyklus ok
9153,k3_bundle_roundtrip,5,PASS,Bundle-Rundlauf ok
9154,k4_guide_coverage,10,PASS,de-Guide deckt Kernfunktionen
9155,k5_help_wiki,11,PASS,Wiki-Topic ok
9156,k6_text_quality,200,PASS,de: 40 Werte sauber
9157,k7_update_path,6,PASS,Update-Pfad ok
9158,k8_key_discipline,78,PASS,Schluesseldisziplin ok
9159,k9_dialog_invariants,7,PASS,savings_goals_dialog.py: Invarianten ok
9160,k10_regression_shield,14,PASS,Regressionsschild intakt
9161,k1_first_run_path,11,PASS,Erststartpfad ok
9162,k2_booking_lifecycle,11,PASS,Lebenszyklus ok
9163,k3_bundle_roundtrip,5,PASS,Bundle-Rundlauf ok
9164,k4_guide_coverage,10,PASS,en-Guide deckt Kernfunktionen
9165,k5_help_wiki,11,PASS,Wiki-Topic ok
9166,k6_text_quality,200,PASS,en: 40 Werte sauber
9167,k7_update_path,6,PASS,Update-Pfad ok
9168,k8_key_discipline,60,PASS,Schluesseldisziplin ok
9169,k9_dialog_invariants,3,PASS,setup_assistant_dialog.py: Invarianten ok
9170,k10_regression_shield,14,PASS,Regressionsschild intakt
9171,k1_first_run_path,11,PASS,Erststartpfad ok
9172,k2_booking_lifecycle,11,PASS,Lebenszyklus ok
9173,k3_bundle_roundtrip,5,PASS,Bundle-Rundlauf ok
9174,k4_guide_coverage,10,PASS,fr-Guide deckt Kernfunktionen
9175,k5_help_wiki,11,PASS,Wiki-Topic ok
9176,k6_text_quality,200,PASS,fr: 40 Werte sauber
9177,k7_update_path,6,PASS,Update-Pfad ok
9178,k8_key_discipline,60,PASS,Schluesseldisziplin ok
9179,k9_dialog_invariants,3,PASS,shortcuts_dialog.py: Invarianten ok
9180,k10_regression_shield,14,PASS,Regressionsschild intakt
9181,k1_first_run_path,11,PASS,Erststartpfad ok
9182,k2_booking_lifecycle,11,PASS,Lebenszyklus ok
9183,k3_bundle_roundtrip,5,PASS,Bundle-Rundlauf ok
9184,k4_guide_coverage,10,PASS,de-Guide deckt Kernfunktionen
9185,k5_help_wiki,11,PASS,Wiki-Topic ok
9186,k6_text_quality,197,PASS,de: 40 Werte sauber
9187,k7_update_path,6,PASS,Update-Pfad ok
9188,k8_key_discipline,60,PASS,Schluesseldisziplin ok
9189,k9_dialog_invariants,3,PASS,special_income_dialog.py: Invarianten ok
9190,k10_regression_shield,14,PASS,Regressionsschild intakt
9191,k1_first_run_path,11,PASS,Erststartpfad ok
9192,k2_booking_lifecycle,11,PASS,Lebenszyklus ok
9193,k3_bundle_roundtrip,5,PASS,Bundle-Rundlauf ok
9194,k4_guide_coverage,10,PASS,en-Guide deckt Kernfunktionen
9195,k5_help_wiki,11,PASS,Wiki-Topic ok
9196,k6_text_quality,200,PASS,en: 40 Werte sauber
9197,k7_update_path,6,PASS,Update-Pfad ok
9198,k8_key_discipline,60,PASS,Schluesseldisziplin ok
9199,k9_dialog_invariants,3,PASS,startup_wizard.py: Invarianten ok
9200,k10_regression_shield,14,PASS,Regressionsschild intakt
9201,k1_first_run_path,11,PASS,Erststartpfad ok
9202,k2_booking_lifecycle,11,PASS,Lebenszyklus ok
9203,k3_bundle_roundtrip,5,PASS,Bundle-Rundlauf ok
9204,k4_guide_coverage,10,PASS,fr-Guide deckt Kernfunktionen
9205,k5_help_wiki,11,PASS,Wiki-Topic ok
9206,k6_text_quality,200,PASS,fr: 40 Werte sauber
9207,k7_update_path,6,PASS,Update-Pfad ok
9208,k8_key_discipline,60,PASS,Schluesseldisziplin ok
9209,k9_dialog_invariants,3,PASS,tags_manager_dialog.py: Invarianten ok
9210,k10_regression_shield,14,PASS,Regressionsschild intakt
9211,k1_first_run_path,11,PASS,Erststartpfad ok
9212,k2_booking_lifecycle,11,PASS,Lebenszyklus ok
9213,k3_bundle_roundtrip,5,PASS,Bundle-Rundlauf ok
9214,k4_guide_coverage,10,PASS,de-Guide deckt Kernfunktionen
9215,k5_help_wiki,11,PASS,Wiki-Topic ok
9216,k6_text_quality,200,PASS,de: 40 Werte sauber
9217,k7_update_path,6,PASS,Update-Pfad ok
9218,k8_key_discipline,60,PASS,Schluesseldisziplin ok
9219,k9_dialog_invariants,3,PASS,theme_editor_dialog.py: Invarianten ok
9220,k10_regression_shield,14,PASS,Regressionsschild intakt
9221,k1_first_run_path,11,PASS,Erststartpfad ok
9222,k2_booking_lifecycle,11,PASS,Lebenszyklus ok
9223,k3_bundle_roundtrip,5,PASS,Bundle-Rundlauf ok
9224,k4_guide_coverage,10,PASS,en-Guide deckt Kernfunktionen
9225,k5_help_wiki,11,PASS,Wiki-Topic ok
9226,k6_text_quality,185,PASS,en: 40 Werte sauber
9227,k7_update_path,6,PASS,Update-Pfad ok
9228,k8_key_discipline,60,PASS,Schluesseldisziplin ok
9229,k9_dialog_invariants,1,PASS,type_color_helper.py: Invarianten ok
9230,k10_regression_shield,14,PASS,Regressionsschild intakt
9231,k1_first_run_path,11,PASS,Erststartpfad ok
9232,k2_booking_lifecycle,11,PASS,Lebenszyklus ok
9233,k3_bundle_roundtrip,5,PASS,Bundle-Rundlauf ok
9234,k4_guide_coverage,10,PASS,fr-Guide deckt Kernfunktionen
9235,k5_help_wiki,11,PASS,Wiki-Topic ok
9236,k6_text_quality,194,PASS,fr: 40 Werte sauber
9237,k7_update_path,6,PASS,Update-Pfad ok
9238,k8_key_discipline,60,PASS,Schluesseldisziplin ok
9239,k9_dialog_invariants,1,PASS,ui_colors.py: Invarianten ok
9240,k10_regression_shield,14,PASS,Regressionsschild intakt
9241,k1_first_run_path,11,PASS,Erststartpfad ok
9242,k2_booking_lifecycle,11,PASS,Lebenszyklus ok
9243,k3_bundle_roundtrip,5,PASS,Bundle-Rundlauf ok
9244,k4_guide_coverage,10,PASS,de-Guide deckt Kernfunktionen
9245,k5_help_wiki,11,PASS,Wiki-Topic ok
9246,k6_text_quality,197,PASS,de: 40 Werte sauber
9247,k7_update_path,6,PASS,Update-Pfad ok
9248,k8_key_discipline,65,PASS,Schluesseldisziplin ok
9249,k9_dialog_invariants,3,PASS,update_dialog.py: Invarianten ok
9250,k10_regression_shield,14,PASS,Regressionsschild intakt
9251,k1_first_run_path,11,PASS,Erststartpfad ok
9252,k2_booking_lifecycle,11,PASS,Lebenszyklus ok
9253,k3_bundle_roundtrip,5,PASS,Bundle-Rundlauf ok
9254,k4_guide_coverage,10,PASS,en-Guide deckt Kernfunktionen
9255,k5_help_wiki,11,PASS,Wiki-Topic ok
9256,k6_text_quality,200,PASS,en: 40 Werte sauber
9257,k7_update_path,6,PASS,Update-Pfad ok
9258,k8_key_discipline,66,PASS,Schluesseldisziplin ok
9259,k9_dialog_invariants,1,PASS,account_data_hub.py: Invarianten ok
9260,k10_regression_shield,14,PASS,Regressionsschild intakt
9261,k1_first_run_path,11,PASS,Erststartpfad ok
9262,k2_booking_lifecycle,11,PASS,Lebenszyklus ok
9263,k3_bundle_roundtrip,5,PASS,Bundle-Rundlauf ok
9264,k4_guide_coverage,10,PASS,fr-Guide deckt Kernfunktionen
9265,k5_help_wiki,11,PASS,Wiki-Topic ok
9266,k6_text_quality,200,PASS,fr: 40 Werte sauber
9267,k7_update_path,6,PASS,Update-Pfad ok
9268,k8_key_discipline,65,PASS,Schluesseldisziplin ok
9269,k9_dialog_invariants,3,PASS,account_management_dialog.py: Invarianten ok
9270,k10_regression_shield,14,PASS,Regressionsschild intakt
9271,k1_first_run_path,11,PASS,Erststartpfad ok
9272,k2_booking_lifecycle,11,PASS,Lebenszyklus ok
9273,k3_bundle_roundtrip,5,PASS,Bundle-Rundlauf ok
9274,k4_guide_coverage,10,PASS,de-Guide deckt Kernfunktionen
9275,k5_help_wiki,11,PASS,Wiki-Topic ok
9276,k6_text_quality,197,PASS,de: 40 Werte sauber
9277,k7_update_path,6,PASS,Update-Pfad ok
9278,k8_key_discipline,60,PASS,Schluesseldisziplin ok
9279,k9_dialog_invariants,3,PASS,backup_restore_dialog.py: Invarianten ok
9280,k10_regression_shield,14,PASS,Regressionsschild intakt
9281,k1_first_run_path,11,PASS,Erststartpfad ok
9282,k2_booking_lifecycle,11,PASS,Lebenszyklus ok
9283,k3_bundle_roundtrip,5,PASS,Bundle-Rundlauf ok
9284,k4_guide_coverage,10,PASS,en-Guide deckt Kernfunktionen
9285,k5_help_wiki,11,PASS,Wiki-Topic ok
9286,k6_text_quality,164,PASS,en: 40 Werte sauber
9287,k7_update_path,6,PASS,Update-Pfad ok
9288,k8_key_discipline,60,PASS,Schluesseldisziplin ok
9289,k9_dialog_invariants,5,PASS,budget_adjustment_dialog.py: Invarianten ok
9290,k10_regression_shield,14,PASS,Regressionsschild intakt
9291,k1_first_run_path,11,PASS,Erststartpfad ok
9292,k2_booking_lifecycle,11,PASS,Lebenszyklus ok
9293,k3_bundle_roundtrip,5,PASS,Bundle-Rundlauf ok
9294,k4_guide_coverage,10,PASS,fr-Guide deckt Kernfunktionen
9295,k5_help_wiki,11,PASS,Wiki-Topic ok
9296,k6_text_quality,197,PASS,fr: 40 Werte sauber
9297,k7_update_path,6,PASS,Update-Pfad ok
9298,k8_key_discipline,60,PASS,Schluesseldisziplin ok
9299,k9_dialog_invariants,5,PASS,budget_entry_dialog_extended.py: Invarianten ok
9300,k10_regression_shield,14,PASS,Regressionsschild intakt
9301,k1_first_run_path,11,PASS,Erststartpfad ok
9302,k2_booking_lifecycle,11,PASS,Lebenszyklus ok
9303,k3_bundle_roundtrip,5,PASS,Bundle-Rundlauf ok
9304,k4_guide_coverage,10,PASS,de-Guide deckt Kernfunktionen
9305,k5_help_wiki,11,PASS,Wiki-Topic ok
9306,k6_text_quality,182,PASS,de: 40 Werte sauber
9307,k7_update_path,6,PASS,Update-Pfad ok
9308,k8_key_discipline,61,PASS,Schluesseldisziplin ok
9309,k9_dialog_invariants,3,PASS,budget_fill_dialog.py: Invarianten ok
9310,k10_regression_shield,14,PASS,Regressionsschild intakt
9311,k1_first_run_path,11,PASS,Erststartpfad ok
9312,k2_booking_lifecycle,11,PASS,Lebenszyklus ok
9313,k3_bundle_roundtrip,5,PASS,Bundle-Rundlauf ok
9314,k4_guide_coverage,10,PASS,en-Guide deckt Kernfunktionen
9315,k5_help_wiki,11,PASS,Wiki-Topic ok
9316,k6_text_quality,200,PASS,en: 40 Werte sauber
9317,k7_update_path,6,PASS,Update-Pfad ok
9318,k8_key_discipline,60,PASS,Schluesseldisziplin ok
9319,k9_dialog_invariants,3,PASS,category_delete_dialog.py: Invarianten ok
9320,k10_regression_shield,14,PASS,Regressionsschild intakt
9321,k1_first_run_path,11,PASS,Erststartpfad ok
9322,k2_booking_lifecycle,11,PASS,Lebenszyklus ok
9323,k3_bundle_roundtrip,5,PASS,Bundle-Rundlauf ok
9324,k4_guide_coverage,10,PASS,fr-Guide deckt Kernfunktionen
9325,k5_help_wiki,11,PASS,Wiki-Topic ok
9326,k6_text_quality,200,PASS,fr: 40 Werte sauber
9327,k7_update_path,6,PASS,Update-Pfad ok
9328,k8_key_discipline,66,PASS,Schluesseldisziplin ok
9329,k9_dialog_invariants,1,PASS,category_excel_io.py: Invarianten ok
9330,k10_regression_shield,14,PASS,Regressionsschild intakt
9331,k1_first_run_path,11,PASS,Erststartpfad ok
9332,k2_booking_lifecycle,11,PASS,Lebenszyklus ok
9333,k3_bundle_roundtrip,5,PASS,Bundle-Rundlauf ok
9334,k4_guide_coverage,10,PASS,de-Guide deckt Kernfunktionen
9335,k5_help_wiki,11,PASS,Wiki-Topic ok
9336,k6_text_quality,200,PASS,de: 40 Werte sauber
9337,k7_update_path,6,PASS,Update-Pfad ok
9338,k8_key_discipline,68,PASS,Schluesseldisziplin ok
9339,k9_dialog_invariants,3,PASS,category_manager_dialog.py: Invarianten ok
9340,k10_regression_shield,14,PASS,Regressionsschild intakt
9341,k1_first_run_path,11,PASS,Erststartpfad ok
9342,k2_booking_lifecycle,11,PASS,Lebenszyklus ok
9343,k3_bundle_roundtrip,5,PASS,Bundle-Rundlauf ok
9344,k4_guide_coverage,10,PASS,en-Guide deckt Kernfunktionen
9345,k5_help_wiki,11,PASS,Wiki-Topic ok
9346,k6_text_quality,200,PASS,en: 40 Werte sauber
9347,k7_update_path,6,PASS,Update-Pfad ok
9348,k8_key_discipline,48,PASS,Schluesseldisziplin ok
9349,k9_dialog_invariants,1,PASS,category_picker.py: Invarianten ok
9350,k10_regression_shield,14,PASS,Regressionsschild intakt
9351,k1_first_run_path,11,PASS,Erststartpfad ok
9352,k2_booking_lifecycle,11,PASS,Lebenszyklus ok
9353,k3_bundle_roundtrip,5,PASS,Bundle-Rundlauf ok
9354,k4_guide_coverage,10,PASS,fr-Guide deckt Kernfunktionen
9355,k5_help_wiki,11,PASS,Wiki-Topic ok
9356,k6_text_quality,200,PASS,fr: 40 Werte sauber
9357,k7_update_path,6,PASS,Update-Pfad ok
9358,k8_key_discipline,15,PASS,Schluesseldisziplin ok
9359,k9_dialog_invariants,7,PASS,category_properties_dialog.py: Invarianten ok
9360,k10_regression_shield,14,PASS,Regressionsschild intakt
9361,k1_first_run_path,11,PASS,Erststartpfad ok
9362,k2_booking_lifecycle,11,PASS,Lebenszyklus ok
9363,k3_bundle_roundtrip,5,PASS,Bundle-Rundlauf ok
9364,k4_guide_coverage,10,PASS,de-Guide deckt Kernfunktionen
9365,k5_help_wiki,11,PASS,Wiki-Topic ok
9366,k6_text_quality,200,PASS,de: 40 Werte sauber
9367,k7_update_path,6,PASS,Update-Pfad ok
9368,k8_key_discipline,60,PASS,Schluesseldisziplin ok
9369,k9_dialog_invariants,3,PASS,copy_year_dialog.py: Invarianten ok
9370,k10_regression_shield,14,PASS,Regressionsschild intakt
9371,k1_first_run_path,11,PASS,Erststartpfad ok
9372,k2_booking_lifecycle,11,PASS,Lebenszyklus ok
9373,k3_bundle_roundtrip,5,PASS,Bundle-Rundlauf ok
9374,k4_guide_coverage,10,PASS,en-Guide deckt Kernfunktionen
9375,k5_help_wiki,11,PASS,Wiki-Topic ok
9376,k6_text_quality,130,PASS,en: 26 Werte sauber
9377,k7_update_path,6,PASS,Update-Pfad ok
9378,k8_key_discipline,60,PASS,Schluesseldisziplin ok
9379,k9_dialog_invariants,3,PASS,database_management_dialog.py: Invarianten ok
9380,k10_regression_shield,14,PASS,Regressionsschild intakt
9381,k1_first_run_path,11,PASS,Erststartpfad ok
9382,k2_booking_lifecycle,11,PASS,Lebenszyklus ok
9383,k3_bundle_roundtrip,5,PASS,Bundle-Rundlauf ok
9384,k4_guide_coverage,10,PASS,fr-Guide deckt Kernfunktionen
9385,k5_help_wiki,11,PASS,Wiki-Topic ok
9386,k6_text_quality,200,PASS,fr: 40 Werte sauber
9387,k7_update_path,6,PASS,Update-Pfad ok
9388,k8_key_discipline,60,PASS,Schluesseldisziplin ok
9389,k9_dialog_invariants,3,PASS,export_dialog.py: Invarianten ok
9390,k10_regression_shield,14,PASS,Regressionsschild intakt
9391,k1_first_run_path,11,PASS,Erststartpfad ok
9392,k2_booking_lifecycle,11,PASS,Lebenszyklus ok
9393,k3_bundle_roundtrip,5,PASS,Bundle-Rundlauf ok
9394,k4_guide_coverage,10,PASS,de-Guide deckt Kernfunktionen
9395,k5_help_wiki,11,PASS,Wiki-Topic ok
9396,k6_text_quality,194,PASS,de: 40 Werte sauber
9397,k7_update_path,6,PASS,Update-Pfad ok
9398,k8_key_discipline,65,PASS,Schluesseldisziplin ok
9399,k9_dialog_invariants,3,PASS,favorites_dashboard_dialog.py: Invarianten ok
9400,k10_regression_shield,14,PASS,Regressionsschild intakt
9401,k1_first_run_path,11,PASS,Erststartpfad ok
9402,k2_booking_lifecycle,11,PASS,Lebenszyklus ok
9403,k3_bundle_roundtrip,5,PASS,Bundle-Rundlauf ok
9404,k4_guide_coverage,10,PASS,en-Guide deckt Kernfunktionen
9405,k5_help_wiki,11,PASS,Wiki-Topic ok
9406,k6_text_quality,197,PASS,en: 40 Werte sauber
9407,k7_update_path,6,PASS,Update-Pfad ok
9408,k8_key_discipline,60,PASS,Schluesseldisziplin ok
9409,k9_dialog_invariants,3,PASS,global_search_dialog.py: Invarianten ok
9410,k10_regression_shield,14,PASS,Regressionsschild intakt
9411,k1_first_run_path,11,PASS,Erststartpfad ok
9412,k2_booking_lifecycle,11,PASS,Lebenszyklus ok
9413,k3_bundle_roundtrip,5,PASS,Bundle-Rundlauf ok
9414,k4_guide_coverage,10,PASS,fr-Guide deckt Kernfunktionen
9415,k5_help_wiki,11,PASS,Wiki-Topic ok
9416,k6_text_quality,188,PASS,fr: 40 Werte sauber
9417,k7_update_path,6,PASS,Update-Pfad ok
9418,k8_key_discipline,62,PASS,Schluesseldisziplin ok
9419,k9_dialog_invariants,1,PASS,help_content.py: Invarianten ok
9420,k10_regression_shield,14,PASS,Regressionsschild intakt
9421,k1_first_run_path,11,PASS,Erststartpfad ok
9422,k2_booking_lifecycle,11,PASS,Lebenszyklus ok
9423,k3_bundle_roundtrip,5,PASS,Bundle-Rundlauf ok
9424,k4_guide_coverage,10,PASS,de-Guide deckt Kernfunktionen
9425,k5_help_wiki,11,PASS,Wiki-Topic ok
9426,k6_text_quality,176,PASS,de: 40 Werte sauber
9427,k7_update_path,6,PASS,Update-Pfad ok
9428,k8_key_discipline,60,PASS,Schluesseldisziplin ok
9429,k9_dialog_invariants,3,PASS,help_dialog.py: Invarianten ok
9430,k10_regression_shield,14,PASS,Regressionsschild intakt
9431,k1_first_run_path,11,PASS,Erststartpfad ok
9432,k2_booking_lifecycle,11,PASS,Lebenszyklus ok
9433,k3_bundle_roundtrip,5,PASS,Bundle-Rundlauf ok
9434,k4_guide_coverage,10,PASS,en-Guide deckt Kernfunktionen
9435,k5_help_wiki,11,PASS,Wiki-Topic ok
9436,k6_text_quality,194,PASS,en: 40 Werte sauber
9437,k7_update_path,6,PASS,Update-Pfad ok
9438,k8_key_discipline,62,PASS,Schluesseldisziplin ok
9439,k9_dialog_invariants,3,PASS,language_select_dialog.py: Invarianten ok
9440,k10_regression_shield,14,PASS,Regressionsschild intakt
9441,k1_first_run_path,11,PASS,Erststartpfad ok
9442,k2_booking_lifecycle,11,PASS,Lebenszyklus ok
9443,k3_bundle_roundtrip,5,PASS,Bundle-Rundlauf ok
9444,k4_guide_coverage,10,PASS,fr-Guide deckt Kernfunktionen
9445,k5_help_wiki,11,PASS,Wiki-Topic ok
9446,k6_text_quality,194,PASS,fr: 40 Werte sauber
9447,k7_update_path,6,PASS,Update-Pfad ok
9448,k8_key_discipline,60,PASS,Schluesseldisziplin ok
9449,k9_dialog_invariants,7,PASS,login_dialog.py: Invarianten ok
9450,k10_regression_shield,14,PASS,Regressionsschild intakt
9451,k1_first_run_path,11,PASS,Erststartpfad ok
9452,k2_booking_lifecycle,11,PASS,Lebenszyklus ok
9453,k3_bundle_roundtrip,5,PASS,Bundle-Rundlauf ok
9454,k4_guide_coverage,10,PASS,de-Guide deckt Kernfunktionen
9455,k5_help_wiki,11,PASS,Wiki-Topic ok
9456,k6_text_quality,194,PASS,de: 40 Werte sauber
9457,k7_update_path,6,PASS,Update-Pfad ok
9458,k8_key_discipline,61,PASS,Schluesseldisziplin ok
9459,k9_dialog_invariants,5,PASS,main_window.py: Invarianten ok
9460,k10_regression_shield,14,PASS,Regressionsschild intakt
9461,k1_first_run_path,11,PASS,Erststartpfad ok
9462,k2_booking_lifecycle,11,PASS,Lebenszyklus ok
9463,k3_bundle_roundtrip,5,PASS,Bundle-Rundlauf ok
9464,k4_guide_coverage,10,PASS,en-Guide deckt Kernfunktionen
9465,k5_help_wiki,11,PASS,Wiki-Topic ok
9466,k6_text_quality,200,PASS,en: 40 Werte sauber
9467,k7_update_path,6,PASS,Update-Pfad ok
9468,k8_key_discipline,61,PASS,Schluesseldisziplin ok
9469,k9_dialog_invariants,3,PASS,month_close_dialog.py: Invarianten ok
9470,k10_regression_shield,14,PASS,Regressionsschild intakt
9471,k1_first_run_path,11,PASS,Erststartpfad ok
9472,k2_booking_lifecycle,11,PASS,Lebenszyklus ok
9473,k3_bundle_roundtrip,5,PASS,Bundle-Rundlauf ok
9474,k4_guide_coverage,10,PASS,fr-Guide deckt Kernfunktionen
9475,k5_help_wiki,11,PASS,Wiki-Topic ok
9476,k6_text_quality,200,PASS,fr: 40 Werte sauber
9477,k7_update_path,6,PASS,Update-Pfad ok
9478,k8_key_discipline,60,PASS,Schluesseldisziplin ok
9479,k9_dialog_invariants,3,PASS,quick_add_dialog.py: Invarianten ok
9480,k10_regression_shield,14,PASS,Regressionsschild intakt
9481,k1_first_run_path,11,PASS,Erststartpfad ok
9482,k2_booking_lifecycle,11,PASS,Lebenszyklus ok
9483,k3_bundle_roundtrip,5,PASS,Bundle-Rundlauf ok
9484,k4_guide_coverage,10,PASS,de-Guide deckt Kernfunktionen
9485,k5_help_wiki,11,PASS,Wiki-Topic ok
9486,k6_text_quality,197,PASS,de: 40 Werte sauber
9487,k7_update_path,6,PASS,Update-Pfad ok
9488,k8_key_discipline,60,PASS,Schluesseldisziplin ok
9489,k9_dialog_invariants,1,PASS,reauth.py: Invarianten ok
9490,k10_regression_shield,14,PASS,Regressionsschild intakt
9491,k1_first_run_path,11,PASS,Erststartpfad ok
9492,k2_booking_lifecycle,11,PASS,Lebenszyklus ok
9493,k3_bundle_roundtrip,5,PASS,Bundle-Rundlauf ok
9494,k4_guide_coverage,10,PASS,en-Guide deckt Kernfunktionen
9495,k5_help_wiki,11,PASS,Wiki-Topic ok
9496,k6_text_quality,200,PASS,en: 40 Werte sauber
9497,k7_update_path,6,PASS,Update-Pfad ok
9498,k8_key_discipline,60,PASS,Schluesseldisziplin ok
9499,k9_dialog_invariants,3,PASS,recurring_bookings_dialog.py: Invarianten ok
9500,k10_regression_shield,14,PASS,Regressionsschild intakt
9501,k1_first_run_path,11,PASS,Erststartpfad ok
9502,k2_booking_lifecycle,11,PASS,Lebenszyklus ok
9503,k3_bundle_roundtrip,5,PASS,Bundle-Rundlauf ok
9504,k4_guide_coverage,10,PASS,fr-Guide deckt Kernfunktionen
9505,k5_help_wiki,11,PASS,Wiki-Topic ok
9506,k6_text_quality,200,PASS,fr: 40 Werte sauber
9507,k7_update_path,6,PASS,Update-Pfad ok
9508,k8_key_discipline,60,PASS,Schluesseldisziplin ok
9509,k9_dialog_invariants,3,PASS,restore_key_dialog.py: Invarianten ok
9510,k10_regression_shield,14,PASS,Regressionsschild intakt
9511,k1_first_run_path,11,PASS,Erststartpfad ok
9512,k2_booking_lifecycle,11,PASS,Lebenszyklus ok
9513,k3_bundle_roundtrip,5,PASS,Bundle-Rundlauf ok
9514,k4_guide_coverage,10,PASS,de-Guide deckt Kernfunktionen
9515,k5_help_wiki,11,PASS,Wiki-Topic ok
9516,k6_text_quality,200,PASS,de: 40 Werte sauber
9517,k7_update_path,6,PASS,Update-Pfad ok
9518,k8_key_discipline,62,PASS,Schluesseldisziplin ok
9519,k9_dialog_invariants,1,PASS,savings_goal_messages.py: Invarianten ok
9520,k10_regression_shield,14,PASS,Regressionsschild intakt
9521,k1_first_run_path,11,PASS,Erststartpfad ok
9522,k2_booking_lifecycle,11,PASS,Lebenszyklus ok
9523,k3_bundle_roundtrip,5,PASS,Bundle-Rundlauf ok
9524,k4_guide_coverage,10,PASS,en-Guide deckt Kernfunktionen
9525,k5_help_wiki,11,PASS,Wiki-Topic ok
9526,k6_text_quality,200,PASS,en: 40 Werte sauber
9527,k7_update_path,6,PASS,Update-Pfad ok
9528,k8_key_discipline,68,PASS,Schluesseldisziplin ok
9529,k9_dialog_invariants,7,PASS,savings_goals_dialog.py: Invarianten ok
9530,k10_regression_shield,14,PASS,Regressionsschild intakt
9531,k1_first_run_path,11,PASS,Erststartpfad ok
9532,k2_booking_lifecycle,11,PASS,Lebenszyklus ok
9533,k3_bundle_roundtrip,5,PASS,Bundle-Rundlauf ok
9534,k4_guide_coverage,10,PASS,fr-Guide deckt Kernfunktionen
9535,k5_help_wiki,11,PASS,Wiki-Topic ok
9536,k6_text_quality,194,PASS,fr: 40 Werte sauber
9537,k7_update_path,6,PASS,Update-Pfad ok
9538,k8_key_discipline,62,PASS,Schluesseldisziplin ok
9539,k9_dialog_invariants,3,PASS,setup_assistant_dialog.py: Invarianten ok
9540,k10_regression_shield,14,PASS,Regressionsschild intakt
9541,k1_first_run_path,11,PASS,Erststartpfad ok
9542,k2_booking_lifecycle,11,PASS,Lebenszyklus ok
9543,k3_bundle_roundtrip,5,PASS,Bundle-Rundlauf ok
9544,k4_guide_coverage,10,PASS,de-Guide deckt Kernfunktionen
9545,k5_help_wiki,11,PASS,Wiki-Topic ok
9546,k6_text_quality,197,PASS,de: 40 Werte sauber
9547,k7_update_path,6,PASS,Update-Pfad ok
9548,k8_key_discipline,61,PASS,Schluesseldisziplin ok
9549,k9_dialog_invariants,3,PASS,shortcuts_dialog.py: Invarianten ok
9550,k10_regression_shield,14,PASS,Regressionsschild intakt
9551,k1_first_run_path,11,PASS,Erststartpfad ok
9552,k2_booking_lifecycle,11,PASS,Lebenszyklus ok
9553,k3_bundle_roundtrip,5,PASS,Bundle-Rundlauf ok
9554,k4_guide_coverage,10,PASS,en-Guide deckt Kernfunktionen
9555,k5_help_wiki,11,PASS,Wiki-Topic ok
9556,k6_text_quality,200,PASS,en: 40 Werte sauber
9557,k7_update_path,6,PASS,Update-Pfad ok
9558,k8_key_discipline,60,PASS,Schluesseldisziplin ok
9559,k9_dialog_invariants,3,PASS,special_income_dialog.py: Invarianten ok
9560,k10_regression_shield,14,PASS,Regressionsschild intakt
9561,k1_first_run_path,11,PASS,Erststartpfad ok
9562,k2_booking_lifecycle,11,PASS,Lebenszyklus ok
9563,k3_bundle_roundtrip,5,PASS,Bundle-Rundlauf ok
9564,k4_guide_coverage,10,PASS,fr-Guide deckt Kernfunktionen
9565,k5_help_wiki,11,PASS,Wiki-Topic ok
9566,k6_text_quality,200,PASS,fr: 40 Werte sauber
9567,k7_update_path,6,PASS,Update-Pfad ok
9568,k8_key_discipline,60,PASS,Schluesseldisziplin ok
9569,k9_dialog_invariants,3,PASS,startup_wizard.py: Invarianten ok
9570,k10_regression_shield,14,PASS,Regressionsschild intakt
9571,k1_first_run_path,11,PASS,Erststartpfad ok
9572,k2_booking_lifecycle,11,PASS,Lebenszyklus ok
9573,k3_bundle_roundtrip,5,PASS,Bundle-Rundlauf ok
9574,k4_guide_coverage,10,PASS,de-Guide deckt Kernfunktionen
9575,k5_help_wiki,11,PASS,Wiki-Topic ok
9576,k6_text_quality,194,PASS,de: 40 Werte sauber
9577,k7_update_path,6,PASS,Update-Pfad ok
9578,k8_key_discipline,60,PASS,Schluesseldisziplin ok
9579,k9_dialog_invariants,3,PASS,tags_manager_dialog.py: Invarianten ok
9580,k10_regression_shield,14,PASS,Regressionsschild intakt
9581,k1_first_run_path,11,PASS,Erststartpfad ok
9582,k2_booking_lifecycle,11,PASS,Lebenszyklus ok
9583,k3_bundle_roundtrip,5,PASS,Bundle-Rundlauf ok
9584,k4_guide_coverage,10,PASS,en-Guide deckt Kernfunktionen
9585,k5_help_wiki,11,PASS,Wiki-Topic ok
9586,k6_text_quality,200,PASS,en: 40 Werte sauber
9587,k7_update_path,6,PASS,Update-Pfad ok
9588,k8_key_discipline,60,PASS,Schluesseldisziplin ok
9589,k9_dialog_invariants,3,PASS,theme_editor_dialog.py: Invarianten ok
9590,k10_regression_shield,14,PASS,Regressionsschild intakt
9591,k1_first_run_path,11,PASS,Erststartpfad ok
9592,k2_booking_lifecycle,11,PASS,Lebenszyklus ok
9593,k3_bundle_roundtrip,5,PASS,Bundle-Rundlauf ok
9594,k4_guide_coverage,10,PASS,fr-Guide deckt Kernfunktionen
9595,k5_help_wiki,11,PASS,Wiki-Topic ok
9596,k6_text_quality,200,PASS,fr: 40 Werte sauber
9597,k7_update_path,6,PASS,Update-Pfad ok
9598,k8_key_discipline,71,PASS,Schluesseldisziplin ok
9599,k9_dialog_invariants,1,PASS,type_color_helper.py: Invarianten ok
9600,k10_regression_shield,14,PASS,Regressionsschild intakt
9601,k1_first_run_path,11,PASS,Erststartpfad ok
9602,k2_booking_lifecycle,11,PASS,Lebenszyklus ok
9603,k3_bundle_roundtrip,5,PASS,Bundle-Rundlauf ok
9604,k4_guide_coverage,10,PASS,de-Guide deckt Kernfunktionen
9605,k5_help_wiki,11,PASS,Wiki-Topic ok
9606,k6_text_quality,200,PASS,de: 40 Werte sauber
9607,k7_update_path,6,PASS,Update-Pfad ok
9608,k8_key_discipline,70,PASS,Schluesseldisziplin ok
9609,k9_dialog_invariants,1,PASS,ui_colors.py: Invarianten ok
9610,k10_regression_shield,14,PASS,Regressionsschild intakt
9611,k1_first_run_path,11,PASS,Erststartpfad ok
9612,k2_booking_lifecycle,11,PASS,Lebenszyklus ok
9613,k3_bundle_roundtrip,5,PASS,Bundle-Rundlauf ok
9614,k4_guide_coverage,10,PASS,en-Guide deckt Kernfunktionen
9615,k5_help_wiki,11,PASS,Wiki-Topic ok
9616,k6_text_quality,200,PASS,en: 40 Werte sauber
9617,k7_update_path,6,PASS,Update-Pfad ok
9618,k8_key_discipline,60,PASS,Schluesseldisziplin ok
9619,k9_dialog_invariants,3,PASS,update_dialog.py: Invarianten ok
9620,k10_regression_shield,14,PASS,Regressionsschild intakt
9621,k1_first_run_path,11,PASS,Erststartpfad ok
9622,k2_booking_lifecycle,11,PASS,Lebenszyklus ok
9623,k3_bundle_roundtrip,5,PASS,Bundle-Rundlauf ok
9624,k4_guide_coverage,10,PASS,fr-Guide deckt Kernfunktionen
9625,k5_help_wiki,11,PASS,Wiki-Topic ok
9626,k6_text_quality,200,PASS,fr: 40 Werte sauber
9627,k7_update_path,6,PASS,Update-Pfad ok
9628,k8_key_discipline,60,PASS,Schluesseldisziplin ok
9629,k9_dialog_invariants,1,PASS,account_data_hub.py: Invarianten ok
9630,k10_regression_shield,14,PASS,Regressionsschild intakt
9631,k1_first_run_path,11,PASS,Erststartpfad ok
9632,k2_booking_lifecycle,11,PASS,Lebenszyklus ok
9633,k3_bundle_roundtrip,5,PASS,Bundle-Rundlauf ok
9634,k4_guide_coverage,10,PASS,de-Guide deckt Kernfunktionen
9635,k5_help_wiki,11,PASS,Wiki-Topic ok
9636,k6_text_quality,200,PASS,de: 40 Werte sauber
9637,k7_update_path,6,PASS,Update-Pfad ok
9638,k8_key_discipline,61,PASS,Schluesseldisziplin ok
9639,k9_dialog_invariants,3,PASS,account_management_dialog.py: Invarianten ok
9640,k10_regression_shield,14,PASS,Regressionsschild intakt
9641,k1_first_run_path,11,PASS,Erststartpfad ok
9642,k2_booking_lifecycle,11,PASS,Lebenszyklus ok
9643,k3_bundle_roundtrip,5,PASS,Bundle-Rundlauf ok
9644,k4_guide_coverage,10,PASS,en-Guide deckt Kernfunktionen
9645,k5_help_wiki,11,PASS,Wiki-Topic ok
9646,k6_text_quality,194,PASS,en: 40 Werte sauber
9647,k7_update_path,6,PASS,Update-Pfad ok
9648,k8_key_discipline,78,PASS,Schluesseldisziplin ok
9649,k9_dialog_invariants,3,PASS,backup_restore_dialog.py: Invarianten ok
9650,k10_regression_shield,14,PASS,Regressionsschild intakt
9651,k1_first_run_path,11,PASS,Erststartpfad ok
9652,k2_booking_lifecycle,11,PASS,Lebenszyklus ok
9653,k3_bundle_roundtrip,5,PASS,Bundle-Rundlauf ok
9654,k4_guide_coverage,10,PASS,fr-Guide deckt Kernfunktionen
9655,k5_help_wiki,11,PASS,Wiki-Topic ok
9656,k6_text_quality,194,PASS,fr: 40 Werte sauber
9657,k7_update_path,6,PASS,Update-Pfad ok
9658,k8_key_discipline,60,PASS,Schluesseldisziplin ok
9659,k9_dialog_invariants,5,PASS,budget_adjustment_dialog.py: Invarianten ok
9660,k10_regression_shield,14,PASS,Regressionsschild intakt
9661,k1_first_run_path,11,PASS,Erststartpfad ok
9662,k2_booking_lifecycle,11,PASS,Lebenszyklus ok
9663,k3_bundle_roundtrip,5,PASS,Bundle-Rundlauf ok
9664,k4_guide_coverage,10,PASS,de-Guide deckt Kernfunktionen
9665,k5_help_wiki,11,PASS,Wiki-Topic ok
9666,k6_text_quality,185,PASS,de: 40 Werte sauber
9667,k7_update_path,6,PASS,Update-Pfad ok
9668,k8_key_discipline,60,PASS,Schluesseldisziplin ok
9669,k9_dialog_invariants,5,PASS,budget_entry_dialog_extended.py: Invarianten ok
9670,k10_regression_shield,14,PASS,Regressionsschild intakt
9671,k1_first_run_path,11,PASS,Erststartpfad ok
9672,k2_booking_lifecycle,11,PASS,Lebenszyklus ok
9673,k3_bundle_roundtrip,5,PASS,Bundle-Rundlauf ok
9674,k4_guide_coverage,10,PASS,en-Guide deckt Kernfunktionen
9675,k5_help_wiki,11,PASS,Wiki-Topic ok
9676,k6_text_quality,200,PASS,en: 40 Werte sauber
9677,k7_update_path,6,PASS,Update-Pfad ok
9678,k8_key_discipline,60,PASS,Schluesseldisziplin ok
9679,k9_dialog_invariants,3,PASS,budget_fill_dialog.py: Invarianten ok
9680,k10_regression_shield,14,PASS,Regressionsschild intakt
9681,k1_first_run_path,11,PASS,Erststartpfad ok
9682,k2_booking_lifecycle,11,PASS,Lebenszyklus ok
9683,k3_bundle_roundtrip,5,PASS,Bundle-Rundlauf ok
9684,k4_guide_coverage,10,PASS,fr-Guide deckt Kernfunktionen
9685,k5_help_wiki,11,PASS,Wiki-Topic ok
9686,k6_text_quality,197,PASS,fr: 40 Werte sauber
9687,k7_update_path,6,PASS,Update-Pfad ok
9688,k8_key_discipline,60,PASS,Schluesseldisziplin ok
9689,k9_dialog_invariants,3,PASS,category_delete_dialog.py: Invarianten ok
9690,k10_regression_shield,14,PASS,Regressionsschild intakt
9691,k1_first_run_path,11,PASS,Erststartpfad ok
9692,k2_booking_lifecycle,11,PASS,Lebenszyklus ok
9693,k3_bundle_roundtrip,5,PASS,Bundle-Rundlauf ok
9694,k4_guide_coverage,10,PASS,de-Guide deckt Kernfunktionen
9695,k5_help_wiki,11,PASS,Wiki-Topic ok
9696,k6_text_quality,191,PASS,de: 40 Werte sauber
9697,k7_update_path,6,PASS,Update-Pfad ok
9698,k8_key_discipline,60,PASS,Schluesseldisziplin ok
9699,k9_dialog_invariants,1,PASS,category_excel_io.py: Invarianten ok
9700,k10_regression_shield,14,PASS,Regressionsschild intakt
9701,k1_first_run_path,11,PASS,Erststartpfad ok
9702,k2_booking_lifecycle,11,PASS,Lebenszyklus ok
9703,k3_bundle_roundtrip,5,PASS,Bundle-Rundlauf ok
9704,k4_guide_coverage,10,PASS,en-Guide deckt Kernfunktionen
9705,k5_help_wiki,11,PASS,Wiki-Topic ok
9706,k6_text_quality,200,PASS,en: 40 Werte sauber
9707,k7_update_path,6,PASS,Update-Pfad ok
9708,k8_key_discipline,60,PASS,Schluesseldisziplin ok
9709,k9_dialog_invariants,3,PASS,category_manager_dialog.py: Invarianten ok
9710,k10_regression_shield,14,PASS,Regressionsschild intakt
9711,k1_first_run_path,11,PASS,Erststartpfad ok
9712,k2_booking_lifecycle,11,PASS,Lebenszyklus ok
9713,k3_bundle_roundtrip,5,PASS,Bundle-Rundlauf ok
9714,k4_guide_coverage,10,PASS,fr-Guide deckt Kernfunktionen
9715,k5_help_wiki,11,PASS,Wiki-Topic ok
9716,k6_text_quality,197,PASS,fr: 40 Werte sauber
9717,k7_update_path,6,PASS,Update-Pfad ok
9718,k8_key_discipline,60,PASS,Schluesseldisziplin ok
9719,k9_dialog_invariants,1,PASS,category_picker.py: Invarianten ok
9720,k10_regression_shield,14,PASS,Regressionsschild intakt
9721,k1_first_run_path,11,PASS,Erststartpfad ok
9722,k2_booking_lifecycle,11,PASS,Lebenszyklus ok
9723,k3_bundle_roundtrip,5,PASS,Bundle-Rundlauf ok
9724,k4_guide_coverage,10,PASS,de-Guide deckt Kernfunktionen
9725,k5_help_wiki,11,PASS,Wiki-Topic ok
9726,k6_text_quality,200,PASS,de: 40 Werte sauber
9727,k7_update_path,6,PASS,Update-Pfad ok
9728,k8_key_discipline,60,PASS,Schluesseldisziplin ok
9729,k9_dialog_invariants,7,PASS,category_properties_dialog.py: Invarianten ok
9730,k10_regression_shield,14,PASS,Regressionsschild intakt
9731,k1_first_run_path,11,PASS,Erststartpfad ok
9732,k2_booking_lifecycle,11,PASS,Lebenszyklus ok
9733,k3_bundle_roundtrip,5,PASS,Bundle-Rundlauf ok
9734,k4_guide_coverage,10,PASS,en-Guide deckt Kernfunktionen
9735,k5_help_wiki,11,PASS,Wiki-Topic ok
9736,k6_text_quality,197,PASS,en: 40 Werte sauber
9737,k7_update_path,6,PASS,Update-Pfad ok
9738,k8_key_discipline,65,PASS,Schluesseldisziplin ok
9739,k9_dialog_invariants,3,PASS,copy_year_dialog.py: Invarianten ok
9740,k10_regression_shield,14,PASS,Regressionsschild intakt
9741,k1_first_run_path,11,PASS,Erststartpfad ok
9742,k2_booking_lifecycle,11,PASS,Lebenszyklus ok
9743,k3_bundle_roundtrip,5,PASS,Bundle-Rundlauf ok
9744,k4_guide_coverage,10,PASS,fr-Guide deckt Kernfunktionen
9745,k5_help_wiki,11,PASS,Wiki-Topic ok
9746,k6_text_quality,200,PASS,fr: 40 Werte sauber
9747,k7_update_path,6,PASS,Update-Pfad ok
9748,k8_key_discipline,66,PASS,Schluesseldisziplin ok
9749,k9_dialog_invariants,3,PASS,database_management_dialog.py: Invarianten ok
9750,k10_regression_shield,14,PASS,Regressionsschild intakt
9751,k1_first_run_path,11,PASS,Erststartpfad ok
9752,k2_booking_lifecycle,11,PASS,Lebenszyklus ok
9753,k3_bundle_roundtrip,5,PASS,Bundle-Rundlauf ok
9754,k4_guide_coverage,10,PASS,de-Guide deckt Kernfunktionen
9755,k5_help_wiki,11,PASS,Wiki-Topic ok
9756,k6_text_quality,197,PASS,de: 40 Werte sauber
9757,k7_update_path,6,PASS,Update-Pfad ok
9758,k8_key_discipline,65,PASS,Schluesseldisziplin ok
9759,k9_dialog_invariants,3,PASS,export_dialog.py: Invarianten ok
9760,k10_regression_shield,14,PASS,Regressionsschild intakt
9761,k1_first_run_path,11,PASS,Erststartpfad ok
9762,k2_booking_lifecycle,11,PASS,Lebenszyklus ok
9763,k3_bundle_roundtrip,5,PASS,Bundle-Rundlauf ok
9764,k4_guide_coverage,10,PASS,en-Guide deckt Kernfunktionen
9765,k5_help_wiki,11,PASS,Wiki-Topic ok
9766,k6_text_quality,185,PASS,en: 40 Werte sauber
9767,k7_update_path,6,PASS,Update-Pfad ok
9768,k8_key_discipline,60,PASS,Schluesseldisziplin ok
9769,k9_dialog_invariants,3,PASS,favorites_dashboard_dialog.py: Invarianten ok
9770,k10_regression_shield,14,PASS,Regressionsschild intakt
9771,k1_first_run_path,11,PASS,Erststartpfad ok
9772,k2_booking_lifecycle,11,PASS,Lebenszyklus ok
9773,k3_bundle_roundtrip,5,PASS,Bundle-Rundlauf ok
9774,k4_guide_coverage,10,PASS,fr-Guide deckt Kernfunktionen
9775,k5_help_wiki,11,PASS,Wiki-Topic ok
9776,k6_text_quality,197,PASS,fr: 40 Werte sauber
9777,k7_update_path,6,PASS,Update-Pfad ok
9778,k8_key_discipline,60,PASS,Schluesseldisziplin ok
9779,k9_dialog_invariants,3,PASS,global_search_dialog.py: Invarianten ok
9780,k10_regression_shield,14,PASS,Regressionsschild intakt
9781,k1_first_run_path,11,PASS,Erststartpfad ok
9782,k2_booking_lifecycle,11,PASS,Lebenszyklus ok
9783,k3_bundle_roundtrip,5,PASS,Bundle-Rundlauf ok
9784,k4_guide_coverage,10,PASS,de-Guide deckt Kernfunktionen
9785,k5_help_wiki,11,PASS,Wiki-Topic ok
9786,k6_text_quality,200,PASS,de: 40 Werte sauber
9787,k7_update_path,6,PASS,Update-Pfad ok
9788,k8_key_discipline,60,PASS,Schluesseldisziplin ok
9789,k9_dialog_invariants,1,PASS,help_content.py: Invarianten ok
9790,k10_regression_shield,14,PASS,Regressionsschild intakt
9791,k1_first_run_path,11,PASS,Erststartpfad ok
9792,k2_booking_lifecycle,11,PASS,Lebenszyklus ok
9793,k3_bundle_roundtrip,5,PASS,Bundle-Rundlauf ok
9794,k4_guide_coverage,10,PASS,en-Guide deckt Kernfunktionen
9795,k5_help_wiki,11,PASS,Wiki-Topic ok
9796,k6_text_quality,200,PASS,en: 40 Werte sauber
9797,k7_update_path,6,PASS,Update-Pfad ok
9798,k8_key_discipline,61,PASS,Schluesseldisziplin ok
9799,k9_dialog_invariants,3,PASS,help_dialog.py: Invarianten ok
9800,k10_regression_shield,14,PASS,Regressionsschild intakt
9801,k1_first_run_path,11,PASS,Erststartpfad ok
9802,k2_booking_lifecycle,11,PASS,Lebenszyklus ok
9803,k3_bundle_roundtrip,5,PASS,Bundle-Rundlauf ok
9804,k4_guide_coverage,10,PASS,fr-Guide deckt Kernfunktionen
9805,k5_help_wiki,11,PASS,Wiki-Topic ok
9806,k6_text_quality,197,PASS,fr: 40 Werte sauber
9807,k7_update_path,6,PASS,Update-Pfad ok
9808,k8_key_discipline,60,PASS,Schluesseldisziplin ok
9809,k9_dialog_invariants,3,PASS,language_select_dialog.py: Invarianten ok
9810,k10_regression_shield,14,PASS,Regressionsschild intakt
9811,k1_first_run_path,11,PASS,Erststartpfad ok
9812,k2_booking_lifecycle,11,PASS,Lebenszyklus ok
9813,k3_bundle_roundtrip,5,PASS,Bundle-Rundlauf ok
9814,k4_guide_coverage,10,PASS,de-Guide deckt Kernfunktionen
9815,k5_help_wiki,11,PASS,Wiki-Topic ok
9816,k6_text_quality,197,PASS,de: 40 Werte sauber
9817,k7_update_path,6,PASS,Update-Pfad ok
9818,k8_key_discipline,66,PASS,Schluesseldisziplin ok
9819,k9_dialog_invariants,7,PASS,login_dialog.py: Invarianten ok
9820,k10_regression_shield,14,PASS,Regressionsschild intakt
9821,k1_first_run_path,11,PASS,Erststartpfad ok
9822,k2_booking_lifecycle,11,PASS,Lebenszyklus ok
9823,k3_bundle_roundtrip,5,PASS,Bundle-Rundlauf ok
9824,k4_guide_coverage,10,PASS,en-Guide deckt Kernfunktionen
9825,k5_help_wiki,11,PASS,Wiki-Topic ok
9826,k6_text_quality,200,PASS,en: 40 Werte sauber
9827,k7_update_path,6,PASS,Update-Pfad ok
9828,k8_key_discipline,68,PASS,Schluesseldisziplin ok
9829,k9_dialog_invariants,5,PASS,main_window.py: Invarianten ok
9830,k10_regression_shield,14,PASS,Regressionsschild intakt
9831,k1_first_run_path,11,PASS,Erststartpfad ok
9832,k2_booking_lifecycle,11,PASS,Lebenszyklus ok
9833,k3_bundle_roundtrip,5,PASS,Bundle-Rundlauf ok
9834,k4_guide_coverage,10,PASS,fr-Guide deckt Kernfunktionen
9835,k5_help_wiki,11,PASS,Wiki-Topic ok
9836,k6_text_quality,200,PASS,fr: 40 Werte sauber
9837,k7_update_path,6,PASS,Update-Pfad ok
9838,k8_key_discipline,62,PASS,Schluesseldisziplin ok
9839,k9_dialog_invariants,3,PASS,month_close_dialog.py: Invarianten ok
9840,k10_regression_shield,14,PASS,Regressionsschild intakt
9841,k1_first_run_path,11,PASS,Erststartpfad ok
9842,k2_booking_lifecycle,11,PASS,Lebenszyklus ok
9843,k3_bundle_roundtrip,5,PASS,Bundle-Rundlauf ok
9844,k4_guide_coverage,10,PASS,de-Guide deckt Kernfunktionen
9845,k5_help_wiki,11,PASS,Wiki-Topic ok
9846,k6_text_quality,188,PASS,de: 40 Werte sauber
9847,k7_update_path,6,PASS,Update-Pfad ok
9848,k8_key_discipline,70,PASS,Schluesseldisziplin ok
9849,k9_dialog_invariants,3,PASS,quick_add_dialog.py: Invarianten ok
9850,k10_regression_shield,14,PASS,Regressionsschild intakt
9851,k1_first_run_path,11,PASS,Erststartpfad ok
9852,k2_booking_lifecycle,11,PASS,Lebenszyklus ok
9853,k3_bundle_roundtrip,5,PASS,Bundle-Rundlauf ok
9854,k4_guide_coverage,10,PASS,en-Guide deckt Kernfunktionen
9855,k5_help_wiki,11,PASS,Wiki-Topic ok
9856,k6_text_quality,197,PASS,en: 40 Werte sauber
9857,k7_update_path,6,PASS,Update-Pfad ok
9858,k8_key_discipline,60,PASS,Schluesseldisziplin ok
9859,k9_dialog_invariants,1,PASS,reauth.py: Invarianten ok
9860,k10_regression_shield,14,PASS,Regressionsschild intakt
9861,k1_first_run_path,11,PASS,Erststartpfad ok
9862,k2_booking_lifecycle,11,PASS,Lebenszyklus ok
9863,k3_bundle_roundtrip,5,PASS,Bundle-Rundlauf ok
9864,k4_guide_coverage,10,PASS,fr-Guide deckt Kernfunktionen
9865,k5_help_wiki,11,PASS,Wiki-Topic ok
9866,k6_text_quality,194,PASS,fr: 40 Werte sauber
9867,k7_update_path,6,PASS,Update-Pfad ok
9868,k8_key_discipline,60,PASS,Schluesseldisziplin ok
9869,k9_dialog_invariants,3,PASS,recurring_bookings_dialog.py: Invarianten ok
9870,k10_regression_shield,14,PASS,Regressionsschild intakt
9871,k1_first_run_path,11,PASS,Erststartpfad ok
9872,k2_booking_lifecycle,11,PASS,Lebenszyklus ok
9873,k3_bundle_roundtrip,5,PASS,Bundle-Rundlauf ok
9874,k4_guide_coverage,10,PASS,de-Guide deckt Kernfunktionen
9875,k5_help_wiki,11,PASS,Wiki-Topic ok
9876,k6_text_quality,200,PASS,de: 40 Werte sauber
9877,k7_update_path,6,PASS,Update-Pfad ok
9878,k8_key_discipline,60,PASS,Schluesseldisziplin ok
9879,k9_dialog_invariants,3,PASS,restore_key_dialog.py: Invarianten ok
9880,k10_regression_shield,14,PASS,Regressionsschild intakt
9881,k1_first_run_path,11,PASS,Erststartpfad ok
9882,k2_booking_lifecycle,11,PASS,Lebenszyklus ok
9883,k3_bundle_roundtrip,5,PASS,Bundle-Rundlauf ok
9884,k4_guide_coverage,10,PASS,en-Guide deckt Kernfunktionen
9885,k5_help_wiki,11,PASS,Wiki-Topic ok
9886,k6_text_quality,200,PASS,en: 40 Werte sauber
9887,k7_update_path,6,PASS,Update-Pfad ok
9888,k8_key_discipline,65,PASS,Schluesseldisziplin ok
9889,k9_dialog_invariants,1,PASS,savings_goal_messages.py: Invarianten ok
9890,k10_regression_shield,14,PASS,Regressionsschild intakt
9891,k1_first_run_path,11,PASS,Erststartpfad ok
9892,k2_booking_lifecycle,11,PASS,Lebenszyklus ok
9893,k3_bundle_roundtrip,5,PASS,Bundle-Rundlauf ok
9894,k4_guide_coverage,10,PASS,fr-Guide deckt Kernfunktionen
9895,k5_help_wiki,11,PASS,Wiki-Topic ok
9896,k6_text_quality,200,PASS,fr: 40 Werte sauber
9897,k7_update_path,6,PASS,Update-Pfad ok
9898,k8_key_discipline,60,PASS,Schluesseldisziplin ok
9899,k9_dialog_invariants,7,PASS,savings_goals_dialog.py: Invarianten ok
9900,k10_regression_shield,14,PASS,Regressionsschild intakt
9901,k1_first_run_path,11,PASS,Erststartpfad ok
9902,k2_booking_lifecycle,11,PASS,Lebenszyklus ok
9903,k3_bundle_roundtrip,5,PASS,Bundle-Rundlauf ok
9904,k4_guide_coverage,10,PASS,de-Guide deckt Kernfunktionen
9905,k5_help_wiki,11,PASS,Wiki-Topic ok
9906,k6_text_quality,176,PASS,de: 40 Werte sauber
9907,k7_update_path,6,PASS,Update-Pfad ok
9908,k8_key_discipline,62,PASS,Schluesseldisziplin ok
9909,k9_dialog_invariants,3,PASS,setup_assistant_dialog.py: Invarianten ok
9910,k10_regression_shield,14,PASS,Regressionsschild intakt
9911,k1_first_run_path,11,PASS,Erststartpfad ok
9912,k2_booking_lifecycle,11,PASS,Lebenszyklus ok
9913,k3_bundle_roundtrip,5,PASS,Bundle-Rundlauf ok
9914,k4_guide_coverage,10,PASS,en-Guide deckt Kernfunktionen
9915,k5_help_wiki,11,PASS,Wiki-Topic ok
9916,k6_text_quality,188,PASS,en: 40 Werte sauber
9917,k7_update_path,6,PASS,Update-Pfad ok
9918,k8_key_discipline,60,PASS,Schluesseldisziplin ok
9919,k9_dialog_invariants,3,PASS,shortcuts_dialog.py: Invarianten ok
9920,k10_regression_shield,14,PASS,Regressionsschild intakt
9921,k1_first_run_path,11,PASS,Erststartpfad ok
9922,k2_booking_lifecycle,11,PASS,Lebenszyklus ok
9923,k3_bundle_roundtrip,5,PASS,Bundle-Rundlauf ok
9924,k4_guide_coverage,10,PASS,fr-Guide deckt Kernfunktionen
9925,k5_help_wiki,11,PASS,Wiki-Topic ok
9926,k6_text_quality,191,PASS,fr: 40 Werte sauber
9927,k7_update_path,6,PASS,Update-Pfad ok
9928,k8_key_discipline,62,PASS,Schluesseldisziplin ok
9929,k9_dialog_invariants,3,PASS,special_income_dialog.py: Invarianten ok
9930,k10_regression_shield,14,PASS,Regressionsschild intakt
9931,k1_first_run_path,11,PASS,Erststartpfad ok
9932,k2_booking_lifecycle,11,PASS,Lebenszyklus ok
9933,k3_bundle_roundtrip,5,PASS,Bundle-Rundlauf ok
9934,k4_guide_coverage,10,PASS,de-Guide deckt Kernfunktionen
9935,k5_help_wiki,11,PASS,Wiki-Topic ok
9936,k6_text_quality,188,PASS,de: 40 Werte sauber
9937,k7_update_path,6,PASS,Update-Pfad ok
9938,k8_key_discipline,60,PASS,Schluesseldisziplin ok
9939,k9_dialog_invariants,3,PASS,startup_wizard.py: Invarianten ok
9940,k10_regression_shield,14,PASS,Regressionsschild intakt
9941,k1_first_run_path,11,PASS,Erststartpfad ok
9942,k2_booking_lifecycle,11,PASS,Lebenszyklus ok
9943,k3_bundle_roundtrip,5,PASS,Bundle-Rundlauf ok
9944,k4_guide_coverage,10,PASS,en-Guide deckt Kernfunktionen
9945,k5_help_wiki,11,PASS,Wiki-Topic ok
9946,k6_text_quality,200,PASS,en: 40 Werte sauber
9947,k7_update_path,6,PASS,Update-Pfad ok
9948,k8_key_discipline,61,PASS,Schluesseldisziplin ok
9949,k9_dialog_invariants,3,PASS,tags_manager_dialog.py: Invarianten ok
9950,k10_regression_shield,14,PASS,Regressionsschild intakt
9951,k1_first_run_path,11,PASS,Erststartpfad ok
9952,k2_booking_lifecycle,11,PASS,Lebenszyklus ok
9953,k3_bundle_roundtrip,5,PASS,Bundle-Rundlauf ok
9954,k4_guide_coverage,10,PASS,fr-Guide deckt Kernfunktionen
9955,k5_help_wiki,11,PASS,Wiki-Topic ok
9956,k6_text_quality,200,PASS,fr: 40 Werte sauber
9957,k7_update_path,6,PASS,Update-Pfad ok
9958,k8_key_discipline,61,PASS,Schluesseldisziplin ok
9959,k9_dialog_invariants,3,PASS,theme_editor_dialog.py: Invarianten ok
9960,k10_regression_shield,14,PASS,Regressionsschild intakt
9961,k1_first_run_path,11,PASS,Erststartpfad ok
9962,k2_booking_lifecycle,11,PASS,Lebenszyklus ok
9963,k3_bundle_roundtrip,5,PASS,Bundle-Rundlauf ok
9964,k4_guide_coverage,10,PASS,de-Guide deckt Kernfunktionen
9965,k5_help_wiki,11,PASS,Wiki-Topic ok
9966,k6_text_quality,200,PASS,de: 40 Werte sauber
9967,k7_update_path,6,PASS,Update-Pfad ok
9968,k8_key_discipline,60,PASS,Schluesseldisziplin ok
9969,k9_dialog_invariants,1,PASS,type_color_helper.py: Invarianten ok
9970,k10_regression_shield,14,PASS,Regressionsschild intakt
9971,k1_first_run_path,11,PASS,Erststartpfad ok
9972,k2_booking_lifecycle,11,PASS,Lebenszyklus ok
9973,k3_bundle_roundtrip,5,PASS,Bundle-Rundlauf ok
9974,k4_guide_coverage,10,PASS,en-Guide deckt Kernfunktionen
9975,k5_help_wiki,11,PASS,Wiki-Topic ok
9976,k6_text_quality,200,PASS,en: 40 Werte sauber
9977,k7_update_path,6,PASS,Update-Pfad ok
9978,k8_key_discipline,19,PASS,Schluesseldisziplin ok
9979,k9_dialog_invariants,1,PASS,ui_colors.py: Invarianten ok
9980,k10_regression_shield,14,PASS,Regressionsschild intakt
9981,k1_first_run_path,11,PASS,Erststartpfad ok
9982,k2_booking_lifecycle,11,PASS,Lebenszyklus ok
9983,k3_bundle_roundtrip,5,PASS,Bundle-Rundlauf ok
9984,k4_guide_coverage,10,PASS,fr-Guide deckt Kernfunktionen
9985,k5_help_wiki,11,PASS,Wiki-Topic ok
9986,k6_text_quality,200,PASS,fr: 40 Werte sauber
9987,k7_update_path,6,PASS,Update-Pfad ok
9988,k8_key_discipline,60,PASS,Schluesseldisziplin ok
9989,k9_dialog_invariants,3,PASS,update_dialog.py: Invarianten ok
9990,k10_regression_shield,14,PASS,Regressionsschild intakt
9991,k1_first_run_path,11,PASS,Erststartpfad ok
9992,k2_booking_lifecycle,11,PASS,Lebenszyklus ok
9993,k3_bundle_roundtrip,5,PASS,Bundle-Rundlauf ok
9994,k4_guide_coverage,10,PASS,de-Guide deckt Kernfunktionen
9995,k5_help_wiki,11,PASS,Wiki-Topic ok
9996,k6_text_quality,200,PASS,de: 40 Werte sauber
9997,k7_update_path,6,PASS,Update-Pfad ok
9998,k8_key_discipline,60,PASS,Schluesseldisziplin ok
9999,k9_dialog_invariants,1,PASS,account_data_hub.py: Invarianten ok
10000,k10_regression_shield,14,PASS,Regressionsschild intakt
